{
  "emaEpar": [],
  "fdaDrugLabel": [],
  "id": "2-Fluoroadenine",
  "nciThesaurus": {
    "casRegistry": "700-49-2",
    "chebiId": "",
    "chemicalFormula": "",
    "definition": "A fluorinated heterocyclic 2-ring compound. 2-fluoroadenine is the base moiety for many carbocyclic and acyclic nucleoside analogues, which may be used in antineoplastic studies.",
    "fdaUniiCode": "2C8H3H4EBG",
    "identifier": "C29794",
    "preferredName": "2-Fluoroadenine",
    "semanticType": "Hazardous or Poisonous Substance",
    "subclassOf": [
      "C45176",
      "C45183"
    ],
    "synonyms": [
      "1H-Purin-6-amine, 2-fluoro- (9CI)",
      "2-FLUOROADENINE",
      "2-Fad",
      "2-Fluoro-1H-purin-6-amine",
      "2-Fluoroadenine",
      "Adenine, 2-fluoro-",
      "BRN 0610958",
      "Purine, 6-amino-2-fluoro-",
      "SRI 774"
    ]
  }
}