{
  "emaEpar": [],
  "fdaDrugLabel": [],
  "id": "2-Methoxyestrone",
  "nciThesaurus": {
    "casRegistry": "362-08-3",
    "chebiId": "CHEBI:1189",
    "chemicalFormula": "",
    "definition": "A metabolite formed during the methylation of 2-hydroxyestrone (2-OHE1) by catechol-O-methyltransferase (COMT), with potential anticarcinogenic and minimal estrogen activities. The mechanism of action for the antitumor activity of 2-methoxyestrone (2-OMeE1) is not known. A high 2-methoxyestrone (2-OMeE1)/2-OHE1 ratio indicates higher methylation efficiency and correlates with a lower cancer risk.",
    "fdaUniiCode": "SJ5857RRL3",
    "identifier": "C120472",
    "preferredName": "2-Methoxyestrone",
    "semanticType": "Organic Chemical",
    "subclassOf": [
      "C2181"
    ],
    "synonyms": [
      "2-METHOXYESTRONE",
      "2-MeE1",
      "2-MeOE1",
      "2-Methoxyestrone",
      "2-OMeE1",
      "3-Hydroxy-2-Methoxyestra-1,3,5(10)-Trien-17-One"
    ]
  }
}