{
  "emaEpar": [],
  "fdaDrugLabel": [],
  "id": "3-C-ethynylcytidine",
  "nciThesaurus": {
    "casRegistry": "180300-43-0",
    "chebiId": "",
    "chemicalFormula": "",
    "definition": "A synthetic cytidine nucleoside containing a covalently bound ethynyl group with potential antineoplastic and radiosensitizing activities. 3'-C-ethynylcytidine is metabolized in tumor cells to ethynylcytidine triphosphate (ECTP), which inhibits RNA synthesis by competitive inhibition of RNA polymerases I, II and III; subsequently, RNase L is activated, resulting in apoptosis. RNase L is a potent antiviral and antiproliferative endoribonuclease that cleaves singled stranded RNA, causes 28s rRNA fragmentation, and activates Janus Kinase (JAK), a mitochondrial-dependent apoptosis signaling molecule.",
    "fdaUniiCode": "Y3O05I09ZK",
    "identifier": "C29475",
    "preferredName": "3'-C-ethynylcytidine",
    "semanticType": "Nucleic Acid, Nucleoside, or Nucleotide",
    "subclassOf": [
      "C1557"
    ],
    "synonyms": [
      "1-(3-C-ethynyl-beta-D-ribo-pentofuranosyl)cytosine",
      "3'-C-Ethynylcytidine",
      "3'-C-ethynylcytidine",
      "ECdy",
      "ECyd",
      "TAS-106"
    ]
  }
}