{
  "emaEpar": [],
  "fdaDrugLabel": [],
  "id": "4-Nitroestrone_3-Methyl_Ether",
  "nciThesaurus": {
    "casRegistry": "14846-62-9",
    "chebiId": "",
    "chemicalFormula": "",
    "definition": "A synthetic derivative of estradiol. 4-nitroestrone 3-methyl ether inhibits estrogen sulfotransferase (EST), a progesterone-induced secretory endometrial enzyme which affects estrogen receptor levels.  This agent has been shown to be an effective growth inhibitor of some chemically induced animal mammary tumors.",
    "fdaUniiCode": "G484L3U0O2",
    "identifier": "C977",
    "preferredName": "4-Nitroestrone 3-Methyl Ether",
    "semanticType": "Organic Chemical",
    "subclassOf": [
      "C2181",
      "C2255"
    ],
    "synonyms": [
      "3-METHOXY-4-NITRO-ESTRA-1,3,5(10)-TRIEN-17-ONE",
      "3-Methoxy-4-nitro-estra-1,3,5(10)-trien-17-one",
      "4-Nitroestrone",
      "4-Nitroestrone 3-Methyl Ether",
      "4-Nitroestrone 3-methyl ether"
    ]
  }
}