{
  "emaEpar": [],
  "fdaDrugLabel": [],
  "id": "Acodazole",
  "nciThesaurus": {
    "casRegistry": "79152-85-5",
    "chebiId": "",
    "chemicalFormula": "C20H19N5O",
    "definition": "A synthetic imidazoquinoline with antineoplastic activity. Acodazole intercalates into DNA, resulting in disruption of DNA replication.  Use of this agent has been associated with significant cardiotoxicity.",
    "fdaUniiCode": "8M28A9O41G",
    "identifier": "C988",
    "preferredName": "Acodazole",
    "semanticType": "Organic Chemical",
    "subclassOf": [
      "C582"
    ],
    "synonyms": [
      "1H-imidazo[4,5-f]quinoline, acetamide deriv",
      "ACODAZOLE",
      "Acodazole",
      "acetamide, N-methyl-N-[4-[(7-methyl-1H-imidazo[4, 5-f]quinolin-9-yl)amino]phenyl]-"
    ]
  }
}