{
  "emaEpar": [],
  "fdaDrugLabel": [],
  "id": "Actinomycin_C3",
  "nciThesaurus": {
    "casRegistry": "6156-47-4",
    "chebiId": "",
    "chemicalFormula": "C64H90N12O16",
    "definition": "A natural analogue of actinomycin, a chromopeptide antineoplastic antibiotic isolated from the bacterial genus Streptomyces. Actinomycin C3 inhibits DNA replication as well as RNA and protein synthesis by various mechanisms such as intercalating into the minor groove of DNA and interfering with the function of topoisomerase II.",
    "fdaUniiCode": "6Z5DS38J6F",
    "identifier": "C99564",
    "preferredName": "Actinomycin C3",
    "semanticType": "Amino Acid, Peptide, or Protein",
    "subclassOf": [
      "C204"
    ],
    "synonyms": [
      "2104-L-I",
      "ACTINOMYCIN C3",
      "AY 3",
      "Actinomycin AY1",
      "Actinomycin C3",
      "Actinomycin I3",
      "Actinomycin VII",
      "Aurathin-A3"
    ]
  }
}