{
  "emaEpar": [],
  "fdaDrugLabel": [],
  "id": "Afatinib_Dimaleate",
  "nciThesaurus": {
    "casRegistry": "850140-73-7",
    "chebiId": "",
    "chemicalFormula": "",
    "definition": "The dimaleate salt form of afatinib, an orally bioavailable anilino-quinazoline derivative and inhibitor of the receptor tyrosine kinase (RTK) epidermal growth factor receptor (ErbB; EGFR) family, with antineoplastic activity. Upon administration, afatinib selectively and irreversibly binds to and inhibits the epidermal growth factor receptors 1 (ErbB1; EGFR), 2 (ErbB2; HER2), and 4 (ErbB4; HER4), and certain EGFR mutants, including those caused by EGFR exon 19 deletion mutations or exon 21 (L858R) mutations. This may result in the inhibition of tumor growth and angiogenesis in tumor cells overexpressing these RTKs. Additionally, afatinib inhibits the EGFR T790M gatekeeper mutation which is resistant to treatment with first-generation EGFR inhibitors. EGFR, HER2 and HER4 are RTKs that belong to the EGFR superfamily; they play major roles in both tumor cell proliferation and tumor vascularization and are overexpressed in many cancer cell types.",
    "fdaUniiCode": "V1T5K7RZ0B",
    "identifier": "C97273",
    "preferredName": "Afatinib Dimaleate",
    "semanticType": "Pharmacologic Substance",
    "subclassOf": [
      "C129825",
      "C2167"
    ],
    "synonyms": [
      "(2E)-N-(4-((3-Chloro-4-fluorophenyl)amino)-7-(((3S)-tetrahydrofuran-3-yl)oxy)quinazolin- 6-yl)-4-(dimethylamino)but-2-enamide bis(hydrogen (2Z)-but-2-enedioate)",
      "2-Butenamide, N-[4-[(3-chloro-4-fluorophenyl)amino]7-[[(3S)-tetrahydro-3-furanyl]oxy]-6-quinazolinyl]-4-(dimethylamino)-,(2E)-, (2Z)-2-Butenedioate (1:2)",
      "AFATINIB DIMALEATE",
      "Afatinib Dimaleate",
      "BIBW 2992MA2",
      "BIBW2992 MA2",
      "Gilotrif"
    ]
  }
}