{
  "emaEpar": [],
  "fdaDrugLabel": [],
  "id": "Afuresertib",
  "nciThesaurus": {
    "casRegistry": "1047644-62-1",
    "chebiId": "",
    "chemicalFormula": "",
    "definition": "An orally bioavailable inhibitor of the serine/threonine protein kinase Akt (protein kinase B) with potential antineoplastic activity. Afuresertib binds to and inhibits the activity of Akt, which may result in inhibition of the PI3K/Akt signaling pathway and tumor cell proliferation and the induction of tumor cell apoptosis. Activation of the PI3K/Akt signaling pathway is frequently associated with tumorigenesis and dysregulated PI3K/Akt signaling may contribute to tumor resistance to a variety of antineoplastic agents.",
    "fdaUniiCode": "8739X25QI3",
    "identifier": "C82390",
    "preferredName": "Afuresertib",
    "semanticType": "Pharmacologic Substance",
    "subclassOf": [
      "C155764"
    ],
    "synonyms": [
      "2-Thiophenecarboxamide, N-((1S)-2-amino-1-((3-fluorophenyl)methyl)ethyl)-5-chloro-4-(4-chloro-1-methyl-1H-pyrazol-5-yl)-",
      "AFURESERTIB",
      "Afuresertib",
      "GSK2110183"
    ]
  }
}