{
  "emaEpar": [
    {
      "activeSubstance": "alectinib hydrochloride",
      "conditionIndication": "Alecensa as monotherapy is indicated for the first-line treatment of adult patients with anaplastic lymphoma kinase (ALK)-positive advanced non-small cell lung cancer (NSCLC).Alecensa as monotherapy is indicated for the treatment of adult patients with ALK\u2011positive advanced NSCLC previously treated with crizotinib.",
      "inn": "alectinib",
      "marketingAuthorisationDate": "2017-02-16 01:00:00",
      "marketingAuthorisationHolder": "Roche Registration GmbH",
      "medicineName": "Alecensa",
      "url": "https://www.ema.europa.eu/en/medicines/human/EPAR/alecensa"
    }
  ],
  "fdaDrugLabel": [],
  "id": "Alectinib",
  "nciThesaurus": {
    "casRegistry": "1256580-46-7",
    "chebiId": "CHEBI:62268",
    "chemicalFormula": "",
    "definition": "An orally available inhibitor of the receptor tyrosine kinase anaplastic lymphoma kinase (ALK) with antineoplastic activity. Upon administration, alectinib binds to and inhibits ALK kinase, ALK fusion proteins as well as the gatekeeper mutation ALKL1196M known as one of the mechanisms of acquired resistance to small-molecule kinase inhibitors. The inhibition leads to disruption of ALK-mediated signaling and eventually inhibits tumor cell growth in ALK-overexpressing tumor cells. ALK belongs to the insulin receptor superfamily and plays an important role in nervous system development. ALK dysregulation and gene rearrangements are associated with a series of tumors.",
    "fdaUniiCode": "LIJ4CT1Z3Y",
    "identifier": "C101790",
    "preferredName": "Alectinib",
    "semanticType": "Pharmacologic Substance",
    "subclassOf": [
      "C129825",
      "C141136"
    ],
    "synonyms": [
      "5H-benzo(b)carbazole-3-carbonitrile, 9-Ethyl-6,11-dihydro-6,6-dimethyl-8-(4-(4-morpholinyl)-1-piperidinyl)-11-oxo-",
      "AF-802",
      "AF802",
      "ALECTINIB",
      "Alecensa",
      "Alectinib",
      "CH5424802",
      "RG7853",
      "RO5424802"
    ]
  }
}