{
  "emaEpar": [],
  "fdaDrugLabel": [],
  "id": "Alefacept",
  "nciThesaurus": {
    "casRegistry": "222535-22-0",
    "chebiId": "",
    "chemicalFormula": "",
    "definition": "A recombinant dimeric fusion protein consisting of the extracellular CD2-binding domain of the human leukocyte function-associated antigen 3 (LFA-3; CD58) linked to the Fc portion of human immunoglobulin G1 (IgG1) with potential immunosuppressive activity. Alefacept binds to the CD2 receptor expressed on the majority of T lymphocytes, blocking the binding of endogenous LFA-3, located on antigen-presenting cells (APCs), to the CD2 receptor; the activation and proliferation of T lymphocytes in response to LFA-3 binding is thus inhibited. In addition, binding of the IgG1 moiety of this agent to the Fc gamma receptor on the surface of natural killer (NK)cells may bridge NK cells and target T lymphocytes, initiating NK cell-mediated apoptosis of T lymphocytes.",
    "fdaUniiCode": "ELK3V90G6C",
    "identifier": "C65220",
    "preferredName": "Alefacept",
    "semanticType": "Pharmacologic Substance",
    "subclassOf": [
      "C574"
    ],
    "synonyms": [
      "ALEFACEPT",
      "Alefacept",
      "Amevive",
      "LFA3TIP",
      "alefacept"
    ]
  }
}