{
  "emaEpar": [],
  "fdaDrugLabel": [],
  "id": "Alisertib",
  "nciThesaurus": {
    "casRegistry": "1028486-01-2",
    "chebiId": "",
    "chemicalFormula": "C27H20ClFN4O4",
    "definition": "A second-generation, orally bioavailable, highly selective small molecule inhibitor of the serine/threonine protein kinase Aurora A kinase with potential antineoplastic activity. Alisertib binds to and inhibits Aurora A kinase, which may result in disruption of the assembly of the mitotic spindle apparatus, disruption of chromosome segregation, and inhibition of cell proliferation. Aurora A kinase localizes to the spindle poles and to spindle microtubules during mitosis, and is thought to regulate spindle assembly. Aberrant expression of Aurora kinases occurs in a wide variety of cancers, including colon and breast cancers.",
    "fdaUniiCode": "T66ES73M18",
    "identifier": "C71717",
    "preferredName": "Alisertib",
    "semanticType": "Chemical Viewed Functionally",
    "subclassOf": [
      "C129825",
      "C62556"
    ],
    "synonyms": [
      "ALISERTIB",
      "Alisertib",
      "Aurora A Kinase Inhibitor MLN8237",
      "Benzoic Acid, 4-((9-Chloro-7-(2-Fluoro-6-Methoxyphenyl)-5H-Pyrimido(5,4-d)(2)Benzazepin-2-yl)Amino)-2-Methoxy-",
      "MLN-8237",
      "MLN8237"
    ]
  }
}