{
  "emaEpar": [],
  "fdaDrugLabel": [
    {
      "brand": "Panretin",
      "indication": "INDICATIONS AND USAGE Panretin\u00ae gel is indicated for topical treatment of cutaneous lesions in patients with AIDS-related Kaposi\u2019s sarcoma. Panretin\u00ae gel is not indicated when systemic anti-KS therapy is required (e.g., more than 10 new KS lesions in the prior month, symptomatic lymphedema, symptomatic pulmonary KS, or symptomatic visceral involvement). There is no experience to date using Panretin\u00ae gel with systemic anti-KS treatment.",
      "manufacturer": "Eisai Inc.",
      "splSetId": "13c5de6d-d266-4d83-99c4-072ef104e7ff"
    },
    {
      "brand": "PANRETIN",
      "indication": "INDICATIONS & USAGE Panretin \u00ae gel is indicated for topical treatment of cutaneous lesions in patients with AIDS-related Kaposi\u2019s sarcoma. Panretin \u00ae gel is not indicated when systemic anti-KS therapy is required (e.g., more than 10 new KS lesions in the prior month, symptomatic lymphedema, symptomatic pulmonary KS, or symptomatic visceral involvement). There is no experience to date using Panretin \u00ae gel with systemic anti-KS treatment.",
      "manufacturer": "Concordia Pharmaceuticals Inc.",
      "splSetId": "49c16717-7d86-4257-80c9-baa1417e5555"
    }
  ],
  "id": "Alitretinoin",
  "nciThesaurus": {
    "casRegistry": "5300-03-8",
    "chebiId": "CHEBI:50648",
    "chemicalFormula": "C20H28O2",
    "definition": "An orally- and topically-active naturally-occurring retinoic acid with antineoplastic, chemopreventive, teratogenic, and embryotoxic activities. Alitretinoin binds to and activates nuclear retinoic acid receptors (RAR) and retinoid X receptors (RXR); these activated receptors act as transcription factors, regulating gene expression that results in the inhibition of cell proliferation, induction of cell differentiation, and apoptosis of both normal cells and tumor cells.",
    "fdaUniiCode": "1UA8E65KDZ",
    "identifier": "C1574",
    "preferredName": "Alitretinoin",
    "semanticType": "Organic Chemical",
    "subclassOf": [
      "C804"
    ],
    "synonyms": [
      "3,7-Dimethyl-9-(2,6,6-trimethyl-1-cyclohexen-1-yl)2-trans-4-trans-6-cis-8-trans-nonatetraenoic Acid",
      "9-Cis-Retinoic Acid",
      "9-cRA",
      "9-cis Retinoic Acid",
      "9-cis retinoic acid",
      "9-cis-RA",
      "9-cis-Retinoic Acid",
      "ALITRETINOIN",
      "ALRT1057",
      "Alitretinoin",
      "LGD1057",
      "Panretin",
      "Panretyn",
      "Panrexin",
      "Retinoicacid-9-cis"
    ]
  }
}