{
  "emaEpar": [],
  "fdaDrugLabel": [],
  "id": "ALK_Inhibitor_TAE684",
  "nciThesaurus": {
    "casRegistry": "761439-42-3",
    "chebiId": "",
    "chemicalFormula": "",
    "definition": "A small molecule inhibitor of the receptor tyrosine kinases (RTKs) anaplastic lymphoma kinase (ALK) and nucleophosmin-anaplastic lymphoma kinase (NPM-ALK), with potential antineoplastic activity. Upon administration, TAE684 binds to and inhibits ALK and NPM-ALK tyrosine kinases, which leads to a disruption of ALK- and NPM-ALK mediated signaling and eventually inhibits tumor cell growth in ALK- and NPM-ALK overexpressing tumor cells. ALK belongs to the insulin receptor superfamily and plays an important role in nervous system development. ALK dysregulation and gene rearrangements are associated with a series of tumors. NPM-ALK is an oncogenic fusion protein associated with ALK-positive anaplastic large cell lymphoma. ALK mutations are also associated with acquired resistance to small molecule tyrosine kinase inhibitors.",
    "fdaUniiCode": "EH1713MN4K",
    "identifier": "C171615",
    "preferredName": "ALK Inhibitor TAE684",
    "semanticType": "Pharmacologic Substance",
    "subclassOf": [
      "C129825",
      "C141136"
    ],
    "synonyms": [
      "5-Chloro-n4-(2-(isopropylsulfonyl)phenyl)-n2-(2-methoxy-4-(4-(4-methylpiperazin-1-yl)piperidin-1-yl)phenyl)pyrimidine-2,4-diamine",
      "ALK Inhibitor TAE684",
      "NPM-ALK Inhibitor TAE684",
      "NVP-TAE684",
      "TAE 684",
      "TAE-684",
      "TAE684"
    ]
  }
}