{
  "emaEpar": [
    {
      "activeSubstance": "Alpelisib",
      "conditionIndication": "Piqray is indicated in combination with fulvestrant for the treatment of postmenopausal women, and men, with hormone receptor (HR)-positive, human epidermal growth factor receptor 2 (HER2)-negative, locally advanced or metastatic breast cancer with a PIK3CA mutation after disease progression following endocrine therapy as monotherapy (see section 5.1).",
      "inn": "alpelisib",
      "marketingAuthorisationDate": "2020-07-27 00:00:00",
      "marketingAuthorisationHolder": "Novartis Europharm Limited\u00a0",
      "medicineName": "Piqray",
      "url": "https://www.ema.europa.eu/en/medicines/human/EPAR/piqray"
    }
  ],
  "fdaDrugLabel": [
    {
      "brand": "PIQRAY",
      "indication": "1 INDICATIONS AND USAGE PIQRAY is indicated in combination with fulvestrant for the treatment of postmenopausal women, and men, with hormone receptor (HR)-positive, human epidermal growth factor receptor 2 (HER2)-negative, PIK3CA-mutated, advanced or metastatic breast cancer as detected by an FDA-approved test following progression on or after an endocrine-based regimen. PIQRAY is a kinase inhibitor indicated in combination with fulvestrant for the treatment of postmenopausal women, and men, with hormone receptor (HR)-positive, human epidermal growth factor receptor 2 (HER2)-negative, PIK3CA-mutated, advanced or metastatic breast cancer as detected by an FDA-approved test following progression on or after an endocrine-based regimen.",
      "manufacturer": "Novartis Pharmaceuticals Corporation",
      "splSetId": "b20b4e18-7a4b-4500-a08f-06c6dab0ee5b"
    }
  ],
  "id": "Alpelisib",
  "nciThesaurus": {
    "casRegistry": "1217486-61-7",
    "chebiId": "",
    "chemicalFormula": "",
    "definition": "An orally bioavailable phosphatidylinositol 3-kinase (PI3K) inhibitor with potential antineoplastic activity. Alpelisib specifically inhibits PI3K in the PI3K/AKT kinase (or protein kinase B) signaling pathway, thereby inhibiting the activation of the PI3K signaling pathway. This may result in inhibition of tumor cell growth and survival in susceptible tumor cell populations. Activation of the PI3K signaling pathway is frequently associated with tumorigenesis. Dysregulated PI3K signaling may contribute to tumor resistance to a variety of antineoplastic agents.",
    "fdaUniiCode": "08W5N2C97Q",
    "identifier": "C94214",
    "preferredName": "Alpelisib",
    "semanticType": "Pharmacologic Substance",
    "subclassOf": [
      "C129825",
      "C2152"
    ],
    "synonyms": [
      "ALPELISIB",
      "Alpelisib",
      "BYL719",
      "Phosphoinositide 3-kinase Inhibitor BYL719",
      "Piqray"
    ]
  }
}