{
  "emaEpar": [],
  "fdaDrugLabel": [],
  "id": "Altiratinib",
  "nciThesaurus": {
    "casRegistry": "1345847-93-9",
    "chebiId": "",
    "chemicalFormula": "",
    "definition": "An orally bioavailable inhibitor of c-Met/hepatocyte growth factor receptor (HGFR), vascular endothelial growth factor receptor type 2 (VEGFR2), Tie2 receptor tyrosine kinase (TIE2), and tropomyosin receptor kinase (Trk), with potential antiangiogenic and antineoplastic activities. Upon administration, altiratinib selectively binds to c-Met, VEGFR2, Tie2 and Trk tyrosine kinases, which may lead to the inhibition of endothelial cell migration, proliferation and survival. This also results in both an inhibition of tumor cell proliferation and increased tumor cell death in c-Met/VEGFR2/Tie2/Trk-expressing cells. These receptor tyrosine kinases (RTKs), frequently overexpressed or mutated by a variety of tumor cell types, play crucial roles in the regulation of angiogenesis, tumor cell growth and survival.",
    "fdaUniiCode": "T678746713",
    "identifier": "C118290",
    "preferredName": "Altiratinib",
    "semanticType": "Pharmacologic Substance",
    "subclassOf": [
      "C129825",
      "C1742",
      "C1967"
    ],
    "synonyms": [
      "1,1-Cyclopropanedicarboxamide, N-(4-((2-((cyclopropylcarbonyl)amino)-4-pyridinyl)oxy)-2,5-difluorophenyl)-N'-(4-fluorophenyl)-",
      "ALTIRATINIB",
      "Altiratinib",
      "DCC-2701"
    ]
  }
}