{
  "emaEpar": [],
  "fdaDrugLabel": [],
  "id": "Ambazone",
  "nciThesaurus": {
    "casRegistry": "6011-12-7",
    "chebiId": "",
    "chemicalFormula": "C8H11N7S",
    "definition": "An antiseptic agent with potential antibacterial and antileukemic activity. Although the exact mechanism of action remains to be fully elucidated, ambazone appears to interfere with the membrane-bound nucleotide system by increasing the intracellular concentration of cAMP in leukemia cells and macrophages, which potentially contributes to this agent's antineoplastic activity. Furthermore, this agent's affinity for various cellular targets, i.e. membranes, nucleic acids and proteins, may contribute to the overall antibacterial effect.",
    "fdaUniiCode": "BYK4592A3Q",
    "identifier": "C72627",
    "preferredName": "Ambazone",
    "semanticType": "Pharmacologic Substance",
    "subclassOf": [
      "C274",
      "C28394"
    ],
    "synonyms": [
      "AMBAZONE",
      "Ambazone",
      "Faringosept",
      "p-Benzoquinone Amidinohydrazone Thiosemicarbazone"
    ]
  }
}