{
  "emaEpar": [],
  "fdaDrugLabel": [],
  "id": "Amcasertib",
  "nciThesaurus": {
    "casRegistry": "1129403-56-0",
    "chebiId": "",
    "chemicalFormula": "",
    "definition": "An orally available cancer cell stemness kinase inhibitor with potential antineoplastic activity. Even though the exact target has not been fully elucidated, amcasertib targets and inhibits one or more pathways involved in cancer stem cell survival. As a result, cancer stem cell (CSC) growth as well as heterogeneous cancer cell growth is inhibited. CSCs, self-replicating cells able to differentiate into heterogeneous cancer cells, appear to be responsible for both tumor relapse and metastasis.",
    "fdaUniiCode": "GLY8ABW25V",
    "identifier": "C104745",
    "preferredName": "Amcasertib",
    "semanticType": "Organic Chemical",
    "subclassOf": [
      "C129825",
      "C1404"
    ],
    "synonyms": [
      "AMCASERTIB",
      "Amcasertib",
      "BBI503"
    ]
  }
}