{
  "emaEpar": [],
  "fdaDrugLabel": [],
  "id": "Ametantrone",
  "nciThesaurus": {
    "casRegistry": "64862-96-0",
    "chebiId": "",
    "chemicalFormula": "C22H28N4O4",
    "definition": "A topoisomerase II inhibitor of the anthrapyrazole family that causes covalent cross-links in DNA of tumor cells.",
    "fdaUniiCode": "PNT6041ST1",
    "identifier": "C1342",
    "preferredName": "Ametantrone",
    "semanticType": "Antibiotic",
    "subclassOf": [
      "C253"
    ],
    "synonyms": [
      "1,4-bis[[2-[(2-Hydroxyethyl)amino]ethyl]amino]9,10-anthracenedione",
      "9, 10-Anthracenedione, 1, 4-bis[[2-[(2-hydroxyethyl)amino]ethyl]amino]-",
      "AMETANTRONE",
      "Ametantrone"
    ]
  }
}