{
  "emaEpar": [],
  "fdaDrugLabel": [
    {
      "brand": "Anastrozole",
      "indication": "1 INDICATIONS AND USAGE Anastrozole is an aromatase inhibitor indicated for: Adjuvant treatment of postmenopausal women with hormone receptor-positive early breast cancer ( 1.1 ) First-line treatment of postmenopausal women with hormone receptor-positive or hormone receptor unknown locally advanced or metastatic breast cancer ( 1.2 ) Treatment of advanced breast cancer in postmenopausal women with disease progression following tamoxifen therapy. Patients with ER-negative disease and patients who did not respond to previous tamoxifen therapy rarely responded to anastrozole ( 1.3 ) 1.1 Adjuvant Treatment Anastrozole tablets are indicated for adjuvant treatment of postmenopausal women with hormone receptor-positive early breast cancer. 1.2 First-Line Treatment Anastrozole tablets are indicated for the first-line treatment of postmenopausal women with hormone receptor-positive or hormone receptor unknown locally advanced or metastatic breast cancer. 1.3 Second-Line Treatment Anastrozole tablets are indicated for the treatment of advanced breast cancer in postmenopausal women with disease progression following tamoxifen therapy. Patients with ER-negative disease and patients who did not respond to previous tamoxifen therapy rarely responded to anastrozole tablets.",
      "manufacturer": "Accord Healthcare Inc.",
      "splSetId": "03586c40-eb32-45c5-beb7-6762a6b78790"
    },
    {
      "brand": "Anastrozole",
      "indication": "1 INDICATIONS AND USAGE Anastrozole is an aromatase inhibitor indicated for: Adjuvant treatment of postmenopausal women with hormone receptor-positive early breast cancer ( 1.1 ) First-line treatment of postmenopausal women with hormone receptor-positive or hormone receptor unknown locally advanced or metastatic breast cancer ( 1.2 ) Treatment of advanced breast cancer in postmenopausal women with disease progression following tamoxifen therapy. Patients with ER-negative disease and patients who did not respond to previous tamoxifen therapy rarely responded to anastrozole ( 1.3 ) 1.1 Adjuvant Treatment Anastrozole tablets are indicated for adjuvant treatment of postmenopausal women with hormone receptor-positive early breast cancer. 1.2 First-Line Treatment Anastrozole tablets are indicated for the first-line treatment of postmenopausal women with hormone receptor-positive or hormone receptor unknown locally advanced or metastatic breast cancer. 1.3 Second-Line Treatment Anastrozole tablets are indicated for the treatment of advanced breast cancer in postmenopausal women with disease progression following tamoxifen therapy. Patients with ER-negative disease and patients who did not respond to previous tamoxifen therapy rarely responded to anastrozole tablets.",
      "manufacturer": "A-S Medication Solutions",
      "splSetId": "03fb3108-1856-466d-bf88-0eac96139551"
    },
    {
      "brand": "Anastrozole",
      "indication": "1 INDICATIONS AND USAGE Anastrozole is an aromatase inhibitor indicated for: Adjuvant treatment of postmenopausal women with hormone receptor-positive early breast cancer ( 1.1 ) First-line treatment of postmenopausal women with hormone receptor-positive or hormone receptor unknown locally advanced or metastatic breast cancer ( 1.2 ) Treatment of advanced breast cancer in postmenopausal women with disease progression following tamoxifen therapy. Patients with ER-negative disease and patients who did not respond to previous tamoxifen therapy rarely responded to anastrozole ( 1.3 ) 1.1 Adjuvant Treatment Anastrozole tablets are indicated for adjuvant treatment of postmenopausal women with hormone receptor-positive early breast cancer. 1.2 First-Line Treatment Anastrozole tablets are indicated for the first-line treatment of postmenopausal women with hormone receptor-positive or hormone receptor unknown locally advanced or metastatic breast cancer. 1.3 Second-Line Treatment Anastrozole tablets are indicated for the treatment of advanced breast cancer in postmenopausal women with disease progression following tamoxifen therapy. Patients with ER-negative disease and patients who did not respond to previous tamoxifen therapy rarely responded to anastrozole tablets.",
      "manufacturer": "Bryant Ranch Prepack",
      "splSetId": "19251d0b-279a-49f5-99b2-0e74d7cca479"
    },
    {
      "brand": "Anastrozole",
      "indication": "1 INDICATIONS AND USAGE Anastrozole is an aromatase inhibitor indicated for: Adjuvant treatment of postmenopausal women with hormone receptor-positive early breast cancer ( 1.1 ) First-line treatment of postmenopausal women with hormone receptor-positive or hormone receptor unknown locally advanced or metastatic breast cancer ( 1.2 ) Treatment of advanced breast cancer in postmenopausal women with disease progression following tamoxifen therapy. Patients with ER-negative disease and patients who did not respond to previous tamoxifen therapy rarely responded to anastrozole ( 1.3 ) 1.1 Adjuvant Treatment Anastrozole tablets are indicated for adjuvant treatment of postmenopausal women with hormone receptor-positive early breast cancer. 1.2 First-Line Treatment Anastrozole tablets are indicated for the first-line treatment of postmenopausal women with hormone receptor-positive or hormone receptor unknown locally advanced or metastatic breast cancer. 1.3 Second-Line Treatment Anastrozole tablets are indicated for the treatment of advanced breast cancer in postmenopausal women with disease progression following tamoxifen therapy. Patients with ER-negative disease and patients who did not respond to previous tamoxifen therapy rarely responded to anastrozole tablets.",
      "manufacturer": "Golden State Medical Supply",
      "splSetId": "35c8037f-2601-4bd3-b423-2f53af7c0be3"
    },
    {
      "brand": "Anastrozole",
      "indication": "1. INDICATIONS AND USAGE Anastrozole is an aromatase inhibitor indicated for: \u2022 Adjuvant treatment of postmenopausal women with hormone receptor-positive early breast cancer ( 1.1 ) \u2022 First-line treatment of postmenopausal women with hormone receptor-positive or hormone receptor unknown locally advanced or metastatic breast cancer ( 1.2 ) \u2022 Treatment of advanced breast cancer in postmenopausal women with disease progression following tamoxifen therapy. Patients with ER-negative disease and patients who did not respond to previous tamoxifen therapy rarely responded to anastrozole ( 1.3 ) 1.1 Adjuvant Treatment Anastrozole tablets are indicated for adjuvant treatment of postmenopausal women with hormone receptor-positive early breast cancer. 1.2 First-Line Treatment Anastrozole tablets are indicated for the first-line treatment of postmenopausal women with hormone receptor-positive or hormone receptor unknown locally advanced or metastatic breast cancer. 1.3 Second-Line Treatment Anastrozole tablets are indicated for the treatment of advanced breast cancer in postmenopausal women with disease progression following tamoxifen therapy. Patients with ER-negative disease and patients who did not respond to previous tamoxifen therapy rarely responded to anastrozole tablets.",
      "manufacturer": "BluePoint Laboratories",
      "splSetId": "3cd04ed6-7c5a-4c4a-9955-ee40839dfea0"
    },
    {
      "brand": "Anastrozole",
      "indication": "1 INDICATIONS AND USAGE Anastrozole is an aromatase inhibitor indicated for: Adjuvant treatment of postmenopausal women with hormone receptor-positive early breast cancer ( 1.1 ) First-line treatment of postmenopausal women with hormone receptor-positive or hormone receptor unknown locally advanced or metastatic breast cancer ( 1.2 ) Treatment of advanced breast cancer in postmenopausal women with disease progression following tamoxifen therapy. Patients with ER-negative disease and patients who did not respond to previous tamoxifen therapy rarely responded to anastrozole ( 1.3 ) 1.1 Adjuvant Treatment Anastrozole tablets are indicated for adjuvant treatment of postmenopausal women with hormone receptor-positive early breast cancer. 1.2 First-Line Treatment Anastrozole tablets are indicated for the first-line treatment of postmenopausal women with hormone receptor-positive or hormone receptor unknown locally advanced or metastatic breast cancer. 1.3 Second-Line Treatment Anastrozole tablets are indicated for the treatment of advanced breast cancer in postmenopausal women with disease progression following tamoxifen therapy. Patients with ER-negative disease and patients who did not respond to previous tamoxifen therapy rarely responded to anastrozole tablets.",
      "manufacturer": "REMEDYREPACK INC.",
      "splSetId": "43042e6a-664a-41b1-ad87-6994fd835d8f"
    },
    {
      "brand": "Anastrozole",
      "indication": "1 INDICATIONS & USAGE Anastrozole tablets are an aromatase inhibitor indicated for: Adjuvant treatment of postmenopausal women with hormone receptor-positive early breast cancer ( 1.1 ) First-line treatment of postmenopausal women with hormone receptor-positive or hormone receptor unknown locally advanced or metastatic breast cancer (1.2 ) Treatment of advanced breast cancer in postmenopausal women with disease progression following tamoxifen therapy. Patients with ER-negative disease and patients who did not respond to previous tamoxifen therapy rarely responded to anastrozole tablets ( 1.3 ) 1.1 Adjuvant Treatment Anastrozole tablets are indicated for adjuvant treatment of postmenopausal women with hormone receptor-positive early breast cancer. 1.2 First-Line Treatment Anastrozole tablets are indicated for the first-line treatment of postmenopausal women with hormone receptor-positive or hormone receptor unknown locally advanced or metastatic breast cancer. 1.3 Second-Line Treatment Anastrozole tablets are indicated for the treatment of advanced breast cancer in postmenopausal women with disease progression following tamoxifen therapy. Patients with ER-negative disease and patients who did not respond to previous tamoxifen therapy rarely responded to anastrozole tablets.",
      "manufacturer": "Rising Pharmaceuticals, Inc.",
      "splSetId": "4bd7e768-2d09-44e6-bacb-7390a5bc5dbc"
    },
    {
      "brand": "Anastrozole",
      "indication": "1 INDICATIONS AND USAGE Anastrozole is an aromatase inhibitor indicated for: Adjuvant treatment of postmenopausal women with hormone receptor-positive early breast cancer ( 1.1 ) First-line treatment of postmenopausal women with hormone receptor-positive or hormone receptor unknown locally advanced or metastatic breast cancer ( 1.2 ) Treatment of advanced breast cancer in postmenopausal women with disease progression following tamoxifen therapy. Patients with ER-negative disease and patients who did not respond to previous tamoxifen therapy rarely responded to anastrozole ( 1.3 ) 1.1 Adjuvant Treatment Anastrozole tablets are indicated for adjuvant treatment of postmenopausal women with hormone receptor-positive early breast cancer. 1.2 First-Line Treatment Anastrozole tablets are indicated for the first-line treatment of postmenopausal women with hormone receptor-positive or hormone receptor unknown locally advanced or metastatic breast cancer. 1.3 Second-Line Treatment Anastrozole tablets are indicated for the treatment of advanced breast cancer in postmenopausal women with disease progression following tamoxifen therapy. Patients with ER-negative disease and patients who did not respond to previous tamoxifen therapy rarely responded to anastrozole tablets.",
      "manufacturer": "NuCare Pharmaceuticals,Inc.",
      "splSetId": "5a2d5052-95ce-d103-e053-2991aa0aa4be"
    },
    {
      "brand": "ANASTROZOLE",
      "indication": "1 INDICATIONS AND USAGE Anastrozole tablets are an aromatase inhibitor indicated for: Adjuvant treatment of postmenopausal women with hormone receptor-positive early breast cancer ( 1.1 ) First-line treatment of postmenopausal women with hormone receptor-positive or hormone receptor unknown locally advanced or metastatic breast cancer ( 1.2 ) Treatment of advanced breast cancer in postmenopausal women with disease progression following tamoxifen therapy. Patients with ER-negative disease and patients who did not respond to previous tamoxifen therapy rarely responded to anastrozole tablets ( 1.3 ) 1.1 Adjuvant Treatment Anastrozole tablets are indicated for adjuvant treatment of postmenopausal women with hormone receptor-positive early breast cancer. 1.2 First-Line Treatment Anastrozole tablets are indicated for the first-line treatment of postmenopausal women with hormone receptor-positive or hormone receptor unknown locally advanced or metastatic breast cancer. 1.3 Second-Line Treatment Anastrozole tablets are indicated for the treatment of advanced breast cancer in postmenopausal women with disease progression following tamoxifen therapy. Patients with ER-negative disease and patients who did not respond to previous tamoxifen therapy rarely responded to anastrozole tablets.",
      "manufacturer": "PD-Rx Pharmaceuticals, Inc.",
      "splSetId": "5d4f90d4-e535-4681-a863-3d774a2064e6"
    }
  ],
  "id": "Anastrozole",
  "nciThesaurus": {
    "casRegistry": "120511-73-1",
    "chebiId": "CHEBI:2704",
    "chemicalFormula": "C17H19N5",
    "definition": "A nonsteroidal inhibitor of estrogen synthesis that resembles paclitaxel in chemical structure.  As a third-generation aromatase inhibitor, anastrozole selectively binds to and reversibly inhibits aromatase, a cytochrome P-450 enzyme complex found in many tissues including those of the premenopausal ovary, liver, and breast; aromatase catalyzes the aromatization of androstenedione and testosterone into estrone and estradiol, the final step in estrogen biosynthesis.  In estrogen-dependent breast cancers, ananstrozole may inhibit tumor growth.",
    "fdaUniiCode": "2Z07MYW1AZ",
    "identifier": "C1607",
    "preferredName": "Anastrozole",
    "semanticType": "Organic Chemical",
    "subclassOf": [
      "C2018"
    ],
    "synonyms": [
      "2,2'-[5-(1H-1,2,4-Triazol-1-ylmethyl)-1,3-phenylene]di(2-methylpropionitrile)",
      "ANASTROZOLE",
      "Alpha,alpha,alpha', alpha'-tetramethyl-5-(1H-1,2,4-triazol-1-ylmethyl)-1,3-benzenediacetonitrile",
      "Anastrazole",
      "Anastrozole",
      "Arimidex",
      "ICI D1033",
      "ICI-D1033",
      "ZD-1033",
      "anastrozole"
    ]
  }
}