{
  "emaEpar": [],
  "fdaDrugLabel": [],
  "id": "Anti-FLT3_Antibody-drug_Conjugate_AGS62P1",
  "nciThesaurus": {
    "casRegistry": "",
    "chebiId": "",
    "chemicalFormula": "",
    "definition": "An antibody-drug conjugate (ADC) composed of a human monoclonal antibody directed against the extracellular domain of receptor-type tyrosine-protein kinase FLT3 (FLT-3; FMS-like tyrosine kinase 3; CD135; fetal-liver kinase 2; FLK2) and conjugated, via an oxime linker and the site-directed non-natural amino acid linker para-acetyl-phenylalanine (pAcF), to a microtubule-disrupting cytotoxic agent, with potential antineoplastic activity. Upon administration of ADC AGS62P1, the antibody moiety targets and binds to FLT3. Upon antibody/antigen binding and internalization, the microtubule-targeting agent binds to and inhibits tubulin polymerization, which results in G2/M phase arrest and tumor cell apoptosis. The site-specific conjugation of the cytotoxic agent to the antibody, through pAcF, improves the biophysical properties of AGS62P1, increases payload distribution and stability, and optimizes its efficacy. FLT3, a class III tyrosine kinase receptor, is overexpressed or mutated in most B lineage, acute lymphoblastic leukemias and acute myeloid leukemias.",
    "fdaUniiCode": "37I4D4Q7S2",
    "identifier": "C129937",
    "preferredName": "Anti-FLT3 Antibody-drug Conjugate AGS62P1",
    "semanticType": "Pharmacologic Substance",
    "subclassOf": [
      "C129823",
      "C163790",
      "C575"
    ],
    "synonyms": [
      "ADC AGS62P1",
      "AGS62P1",
      "Anti-FLT3 Antibody-drug Conjugate AGS62P1"
    ]
  }
}