{
  "emaEpar": [],
  "fdaDrugLabel": [],
  "id": "Anti-IGF-1R_Recombinant_Monoclonal_Antibody_BIIB022",
  "nciThesaurus": {
    "casRegistry": "",
    "chebiId": "",
    "chemicalFormula": "",
    "definition": "A recombinant, human monoclonal antibody directed against the insulin-like growth factor 1 receptor (IGF-1R) with potential antineoplastic activity. Anti-IGF-1R recombinant monoclonal antibody BIIB022 binds to membrane-bound IGF-1R, preventing binding of the ligand IGF-1 and the subsequent triggering of the PI3K/Akt signaling pathway; inhibition of this survival signaling pathway may result in the inhibition of tumor cell proliferation and the induction of tumor cell apoptosis. The activation of IGF-1R, a tyrosine kinase and a member of the insulin receptor family, stimulates cell proliferation, enables oncogenic transformation, and suppresses apoptosis; IGF-1R signaling has been highly implicated in tumorigenesis and metastasis.",
    "fdaUniiCode": "Y60655Y65T",
    "identifier": "C71530",
    "preferredName": "Anti-IGF-1R Recombinant Monoclonal Antibody BIIB022",
    "semanticType": "Amino Acid, Peptide, or Protein",
    "subclassOf": [
      "C129822",
      "C20401"
    ],
    "synonyms": [
      "Anti-IGF-1R Recombinant Monoclonal Antibody BIIB022",
      "BIIB-022",
      "BIIB022"
    ]
  }
}