{
  "emaEpar": [],
  "fdaDrugLabel": [],
  "id": "Anti-EphA2_Monoclonal_Antibody-MMAF_Immunoconjugate_MEDI-547",
  "nciThesaurus": {
    "casRegistry": "",
    "chebiId": "",
    "chemicalFormula": "",
    "definition": "An auristatin analogue immunoconjugate directed against Eph receptor A2 (EphA2)-positive cancer cells with potential antineoplastic activity. Anti-EphA2 monoclonal antibody-MMAF immunoconjugate MEDI-547 is generated by conjugating the fully human IgG1 anti-EphA2 monoclonal antibody (1C1) to the small-molecule microtubule inhibitor monomethyl auristatin phenylalanine (MMAF) via the stable linker maleimidocaproyl (mc) (1C1-mcMMAF). The monoclonal antibody moiety of this agent selectively binds to cells expressing the EphA2 receptor. After internalization and enzymatic cleavage of the immunoconjugate within the tumor cell cytosol, free MMAF binds to tubulin and inhibits its polymerization, which may result in G2/M phase arrest and tumor cell apoptosis. The cell-surface receptor EphA2, a member of the ephrin family of receptor tyrosine kinases (RTKs) involved in mammalian development, is overexpressed by a variety of different cancer cell types.",
    "fdaUniiCode": "D21E6RU881",
    "identifier": "C79836",
    "preferredName": "Anti-EphA2 Monoclonal Antibody-MMAF Immunoconjugate MEDI-547",
    "semanticType": "Amino Acid, Peptide, or Protein",
    "subclassOf": [
      "C129822",
      "C129823",
      "C575"
    ],
    "synonyms": [
      "1C1-mcMMAF",
      "Anti-EphA2 Monoclonal Antibody-MMAF Immunoconjugate MEDI-547",
      "MEDI-547",
      "Medi-547"
    ]
  }
}