{
  "emaEpar": [],
  "fdaDrugLabel": [],
  "id": "Anti-ANG2_Monoclonal_Antibody_MEDI-3617",
  "nciThesaurus": {
    "casRegistry": "",
    "chebiId": "",
    "chemicalFormula": "",
    "definition": "A fully human IgG1 monoclonal antibody against angiopoietin 2 (ANG2), with potential antiangiogenic activity. Anti-ANG2 monoclonal antibody MEDI-3617 binds to Ang2 and interferes with the interaction between Ang2 and its receptor TEK tyrosine kinase (Tie2), thereby resulting in the disruption of vascular remodeling. This may inhibit angiogenesis and may eventually lead to an inhibition of tumor cell proliferation.",
    "fdaUniiCode": "6RH6DL8R4L",
    "identifier": "C95704",
    "preferredName": "Anti-ANG2 Monoclonal Antibody MEDI-3617",
    "semanticType": "Immunologic Factor",
    "subclassOf": [
      "C129822",
      "C1742",
      "C20401"
    ],
    "synonyms": [
      "Anti-ANG2 MoAb MEDI-3617",
      "Anti-ANG2 Monoclonal Antibody MEDI-3617",
      "MEDI-3617"
    ]
  }
}