{
  "emaEpar": [],
  "fdaDrugLabel": [],
  "id": "Antibody-drug_Conjugate_SC-006",
  "nciThesaurus": {
    "casRegistry": "",
    "chebiId": "",
    "chemicalFormula": "",
    "definition": "An antibody-drug conjugate (ADC) composed of a proprietary monoclonal antibody against a tumor-associated antigen (TAA) linked to an as of yet undisclosed cytotoxic agent, with potential antineoplastic activity. Upon intravenous administration, the monoclonal antibody moiety of SC-006 targets and binds to the TAA expressed on tumor cells. Upon binding and internalization, the cytotoxic agent is released and kills the TAA-expressing cancer cells, through an as of yet unknown mechanism of action.",
    "fdaUniiCode": "293BGU7HL8",
    "identifier": "C136779",
    "preferredName": "Antibody-drug Conjugate SC-006",
    "semanticType": "Pharmacologic Substance",
    "subclassOf": [
      "C129823",
      "C1512"
    ],
    "synonyms": [
      "ADC SC-006",
      "Antibody-drug Conjugate SC-006",
      "SC 006",
      "SC-006",
      "SC006"
    ]
  }
}