{
  "emaEpar": [],
  "fdaDrugLabel": [],
  "id": "Anti-EGFRDM1_Antibody-drug_Conjugate_AVID100",
  "nciThesaurus": {
    "casRegistry": "",
    "chebiId": "",
    "chemicalFormula": "",
    "definition": "A targeted antibody drug conjugate (ADC) consisting of a human monoclonal antibody directed against the epidermal growth factor receptor (EGFR) conjugated to the cytotoxic agent maytansinoid mertansine (DM1), with potential antineoplastic activity. Upon intravenous administration, the monoclonal antibody moiety of AVID100 binds to and inhibits EGFR on tumor cell surfaces. Inhibition of EGFR prevents EGFR-mediated signaling and may inhibit tumor cell proliferation. Following receptor internalization, the mertansine moiety binds to tubulin and interferes with microtubule assembly/disassembly dynamics. This inhibits both cell division and proliferation of cancer cells that express EGFR. EGFR, overexpressed by a variety of cancers, plays a key role in tumor cell proliferation and survival.",
    "fdaUniiCode": "91PZ0ZWR8S",
    "identifier": "C148507",
    "preferredName": "Anti-EGFR/DM1 Antibody-drug Conjugate AVID100",
    "semanticType": "Pharmacologic Substance",
    "subclassOf": [
      "C129823",
      "C1512"
    ],
    "synonyms": [
      "ADC AVID100",
      "AVID-100",
      "AVID100",
      "Anti-EGFR/DM1 Antibody-drug Conjugate AVID100",
      "Antibody-drug Conjugate AVID100"
    ]
  }
}