{
  "emaEpar": [],
  "fdaDrugLabel": [],
  "id": "Antibody-drug_Conjugate_Anti-TIM-1-vcMMAE_CDX-014",
  "nciThesaurus": {
    "casRegistry": "",
    "chebiId": "",
    "chemicalFormula": "",
    "definition": "A monoclonal antibody-drug conjugate (ADC) comprised of human immunoglobulin G1 (IgG1) clone CR014, which targets the extracellular domain of T-cell immunoglobulin mucin-1 (TIM-1; HAVCR1), that is linked, via a valine-citrulline (VC) peptide linker, to the potent cytotoxic agent monomethyl auristatin E (MMAE), with potential antineoplastic activity. Upon administration of ADC anti-TIM-1-vcMMAE CDX-014, the monoclonal antibody moiety targets and binds to TIM-1. Upon internalization and proteolytic cleavage, MMAE is released into the cytosol of TIM-1-expressing tumor cells, binds to tubulin, and inhibits microtubule polymerization, which induces both G2/M phase arrest and tumor cell apoptosis. TIM-1 is upregulated in a variety of cancer cell types while only minimally expressed in healthy tissue. The linkage system in CDX-014 is highly stable in plasma, resulting in increased specificity and cytotoxic efficacy towards TIM-1-positive cells.",
    "fdaUniiCode": "GJV1PP34M2",
    "identifier": "C129401",
    "preferredName": "Antibody-drug Conjugate Anti-TIM-1-vcMMAE CDX-014",
    "semanticType": "Pharmacologic Substance",
    "subclassOf": [
      "C129823",
      "C575"
    ],
    "synonyms": [
      "ADC Anti-TIM-1-vcMMAE CDX-014",
      "ADC CDX-014",
      "Antibody-drug Conjugate Anti-TIM-1-vcMMAE CDX-014",
      "Antibody-drug Conjugate CDX-014",
      "CDX-014",
      "CR014-vc-MMAE",
      "CR014-vcMMAE"
    ]
  }
}