{
  "emaEpar": [],
  "fdaDrugLabel": [],
  "id": "Anti-CD98_Monoclonal_Antibody_IGN523",
  "nciThesaurus": {
    "casRegistry": "",
    "chebiId": "",
    "chemicalFormula": "",
    "definition": "A humanized, monoclonal antibody targeting the CD98 (gp125) antigen, with potential immunomodulatory and antineoplastic activities. Upon intravenous administration, IGN523 binds to CD98 expressed on the tumor cell surface and elicits both natural killer (NK)-cell mediated antibody-dependent cellular cytotoxicity (ADCC) and complement-dependent cytotoxicity towards CD98-expressing tumor cells. In addition, IGN523 inhibits essential amino acid uptake by rapidly proliferating tumor cells. CD98, a type II transmembrane glycoprotein, is involved in both integrin signaling and amino acid transport processes; it is overexpressed in certain cancer cells and plays a key role in the proliferation, survival and metastasis of tumor cells.",
    "fdaUniiCode": "7OI79TB6KN",
    "identifier": "C113659",
    "preferredName": "Anti-CD98 Monoclonal Antibody IGN523",
    "semanticType": "Amino Acid, Peptide, or Protein",
    "subclassOf": [
      "C129822",
      "C20401"
    ],
    "synonyms": [
      "Anti-CD98 Monoclonal Antibody IGN523",
      "IGN-523",
      "IGN523"
    ]
  }
}