{
  "emaEpar": [],
  "fdaDrugLabel": [],
  "id": "Anti-GCC_Antibody-Drug_Conjugate_TAK-164",
  "nciThesaurus": {
    "casRegistry": "",
    "chebiId": "",
    "chemicalFormula": "",
    "definition": "An antibody-drug conjugate (ADC) comprised of a full-length, fully-human immunoglobulin G1 (IgG1) monoclonal antibody (mAb) directed against the extracellular domain of guanylyl cyclase C (GCC; GUCY2C), conjugated using the peptide-linked indolino-benzodiazepine DNA alkylator DGN549 (IGN-P1), with potential antineoplastic activity. Upon intravenous administration of TAK-164, the antibody moiety selectively binds to GCC-expressing cells. Upon antibody/antigen binding and internalization, the cytotoxic DGN549 payload is released and binds to guanine residues on opposing strands of DNA. This induces DNA strand breaks, inhibits DNA replication, leads to G2/M cell cycle arrest, induces cell death, and inhibits the proliferation of GCC-expressing cells. GCC, a transmembrane receptor normally found on intestinal cells and dopamine neurons in the brain, is overexpressed on the surface of certain tumor cells.",
    "fdaUniiCode": "QCA97P3GSS",
    "identifier": "C156707",
    "preferredName": "Anti-GCC Antibody-Drug Conjugate TAK-164",
    "semanticType": "Pharmacologic Substance",
    "subclassOf": [
      "C129823",
      "C1512"
    ],
    "synonyms": [
      "Anti-GCC ADC TAK-164",
      "Anti-GCC Antibody-Drug Conjugate TAK-164",
      "TAK 164",
      "TAK-164",
      "TAK164"
    ]
  }
}