{
  "emaEpar": [],
  "fdaDrugLabel": [],
  "id": "Anti-PSCA_Monoclonal_Antibody_AGS-1C4D4",
  "nciThesaurus": {
    "casRegistry": "",
    "chebiId": "",
    "chemicalFormula": "",
    "definition": "An IgG1k fully human monoclonal antibody directed against the human prostate stem cell antigen (PSCA) with potential antineoplastic activity. Anti-PSCA fully human monoclonal antibody MK4721 selectively targets and binds to PSCA, triggering complement-dependent cell lysis and antibody-dependent cell-mediated cytotoxicity in tumor cells expressing PSCA. PSCA is a glycosyl-phosphatidylinositol (GPI)-linked cell surface antigen found in cancers of the bladder, pancreas, and prostate.",
    "fdaUniiCode": "L0505LPC7O",
    "identifier": "C71157",
    "preferredName": "Anti-PSCA Monoclonal Antibody AGS-1C4D4",
    "semanticType": "Amino Acid, Peptide, or Protein",
    "subclassOf": [
      "C129822",
      "C20401"
    ],
    "synonyms": [
      "AGS-1C4D4",
      "Anti-PSCA Monoclonal Antibody AGS-1C4D4",
      "MK-4721",
      "MK4721"
    ]
  }
}