{
  "emaEpar": [],
  "fdaDrugLabel": [],
  "id": "Arginine_Butyrate",
  "nciThesaurus": {
    "casRegistry": "80407-72-3",
    "chebiId": "",
    "chemicalFormula": "3C6H14N4O2.4C4H8O2",
    "definition": "The butyric acid salt of the amino acid arginine.  In EBV-related lymphomas, arginine butyrate induces EBV thymidine kinase transcription and may act synergistically with the antiviral agent ganciclovir to inhibit cell proliferation and decrease cell viability. In addition, the butyrate moiety inhibits histone deacetylase, which results in hyperacetylation of histones H3 and H4. Acetylated histones have a reduced affinity for chromatin; this reduced histone-chromatin affinity may allow chromosomal unfolding, potentially enhancing the expression of genes related to tumor cell growth arrest and apoptosis.",
    "fdaUniiCode": "IK8S1P79MU",
    "identifier": "C2570",
    "preferredName": "Arginine Butyrate",
    "semanticType": "Amino Acid, Peptide, or Protein",
    "subclassOf": [
      "C2139"
    ],
    "synonyms": [
      "ARGININE BUTYRATE",
      "Arginine Butyrate",
      "L-Arginine, Butanoate (3:4)",
      "VX-105",
      "arginine butyrate"
    ]
  }
}