{
  "emaEpar": [],
  "fdaDrugLabel": [
    {
      "brand": "Low Dose Aspirin Enteric Safety-Coated",
      "indication": "Uses for the temporary relief of minor aches and pains or as recommended by your doctor. Because of its delayed action, this product will not provide fast relief of headaches or other symptoms needing immediate relief. ask your doctor about other uses for safety coated 81 mg aspirin",
      "manufacturer": "P & L Development, LLC",
      "splSetId": "003986de-ee58-4ecf-a850-73505967a976"
    },
    {
      "brand": "sunmark adult aspirin",
      "indication": "Uses temporarily relieves \u2022 headache \u2022 muscle pain \u2022 toothache \u2022 menstrual pain \u2022 pain and fever of colds \u2022 minor pain of arthritis",
      "manufacturer": "Strategic Sourcing Services LLC",
      "splSetId": "014597dd-06e5-4a62-a43b-1c5cbe2882b5"
    },
    {
      "brand": "Aspirin Low Dose Safety Coated",
      "indication": "Uses for the temporary relief of minor aches and pains or as recommended by your doctor. Because of its delayed action, this product will not provide fast relief of headaches or other symptoms needing immediate relief. ask your doctor about other uses for safety coated 81 mg aspirin",
      "manufacturer": "P & L Development, LLC",
      "splSetId": "01666439-849c-4459-9490-b4e040137357"
    },
    {
      "brand": "Family Wellness Aspirin",
      "indication": "Uses for the temporary relief of minor aches and pains",
      "manufacturer": "Family Dollar Services Inc",
      "splSetId": "03a80700-b12d-4499-a543-4850840d5fb0"
    },
    {
      "brand": "Butalbital, Aspirin, Caffeine and Codeine Phosphate",
      "indication": "INDICATIONS AND USAGE Butalbital, Aspirin, Caffeine and Codeine Phosphate Capsules are indicated for the relief of the symptom complex of tension (or muscle contraction) headache. Evidence supporting the efficacy of butalbital, aspirin, caffeine and codeine phosphate capsules is derived from 2 multi-clinic trials that compared patients with tension headache randomly assigned to 4 parallel treatments: 1) butalbital, aspirin, caffeine and codeine; 2) codeine; 3) butalbital, aspirin and caffeine; 4) placebo. Response was assessed over the course of the first 4 hours of each of 2 distinct headaches, separated by at least 24 hours. The combination product of butalbital, aspirin, caffeine and codeine proved statistically significantly superior to each of its components and to placebo on measures of pain relief. Evidence supporting the efficacy and safety of butalbital, aspirin, caffeine and codeine in the treatment of multiple recurrent headaches is unavailable. Caution in this regard is required because codeine and butalbital are habit-forming and potentially abusable.",
      "manufacturer": "Lannett Company, Inc.",
      "splSetId": "04bddbc4-86c7-4bac-9327-010568020568"
    },
    {
      "brand": "Headache Relief Extra Strength",
      "indication": "Uses temporarily relieves minor aches and pains due to: headache arthritis a cold muscular aches toothache premenstrual and menstrual cramps",
      "manufacturer": "Meijer Distribution Inc",
      "splSetId": "04f2c3ed-4bcf-4b6a-b8fb-0aa6ecb3dca2"
    },
    {
      "brand": "Aspirin 5 grain",
      "indication": "Uses: temporarily relieves pains due to:\u2022headache \u2022 minor pain of arthritis\u2022muscular aches \u2022 temporarily reduces fever\u2022common cold",
      "manufacturer": "Provision Medical Products",
      "splSetId": "052c35dc-e8b4-49e5-b626-2abba46e8dc8"
    },
    {
      "brand": "Pain Aid ESF",
      "indication": "Uses \u25a0 temporarily relieves pain due to: \u25a0 headache \u25a0 muscular aches \u25a0 colds \u25a0 flu \u25a0 temporarily reduces fever",
      "manufacturer": "Cintas Corporation",
      "splSetId": "0535e32b-2323-4f75-8a65-1f3d90de829d"
    },
    {
      "brand": "Goodys Back and Body Pain",
      "indication": "Uses temporarily relieves minor aches and pains due to: \u2022 headache \u2022 minor arthritis pain \u2022 muscular aches \u2022 colds \u2022 temporarily reduces fever",
      "manufacturer": "Medtech Products Inc.",
      "splSetId": "055d0288-61d4-48bc-b91f-6ecc1969beb8"
    },
    {
      "brand": "Regular Strength Aspirin EC",
      "indication": "Uses \u2022 for the temporary relief of minor aches and pains due to \u2022 headache \u2022 colds \u2022 muscle pain \u2022 menstrual pain \u2022 toothache \u2022 minor pain of arthritis \u2022 or as directed by your doctor",
      "manufacturer": "Proficient Rx LP",
      "splSetId": "05a4814f-9bd8-48a6-a92b-626b006b7a0f"
    },
    {
      "brand": "Headache Relief Extra Strength",
      "indication": "Uses temporarily relieves minor aches and pains due to: headache a cold arthritis muscular aches toothache premenstrual and menstrual cramps",
      "manufacturer": "Walgreens",
      "splSetId": "065e6f1b-f68c-491a-a157-84961a07e3d9"
    },
    {
      "brand": "Headache Relief Extra Strength",
      "indication": "Uses temporarily relieves minor aches and pains due to: headache a cold arthritis muscular aches toothache premenstrual and menstrual cramps",
      "manufacturer": "P & L Development, LLC",
      "splSetId": "067ca015-497a-4116-a8fc-af1e59e2b638"
    },
    {
      "brand": "migraine formula",
      "indication": "Use \u2022 treats migraine",
      "manufacturer": "Kroger Company",
      "splSetId": "06bb6675-5668-43cb-853d-97263745b3cb"
    },
    {
      "brand": "Aspirin Safety Coated",
      "indication": "Uses temporarily relieves minor aches and pains due to: headache toothache colds muscle pain menstrual pain minor arthritis pain or as recommended by a doctor",
      "manufacturer": "Hy-Vee",
      "splSetId": "06d11937-cb94-499c-99c6-b90ddaa7a265"
    },
    {
      "brand": "Bayer Chewable - Aspirin Regimen Low Dose Aspirin Cherry Flavored",
      "indication": "Uses \u25cf for the temporary relief of minor aches and pains or as recommended by your doctor \u25cf ask your doctor about other uses for Bayer 81 mg Cherry Chewable Aspirin",
      "manufacturer": "Bayer HealthCare LLC.",
      "splSetId": "070d5713-e018-2913-e054-00144ff8d46c"
    },
    {
      "brand": "Alka-Seltzer Lemon Lime",
      "indication": "for the temporary relief of \u25cf heartburn, acid indigestion, and sour stomach when accompanied with headache or body aches and pains \u25cf upset stomach with headache from overindulgence in food or drink \u25cf pain alone (headache or body and muscular aches and pains)",
      "manufacturer": "Bayer HealthCare LLC.",
      "splSetId": "07478020-5ba0-3b67-e054-00144ff88e88"
    },
    {
      "brand": "Bayer Low Dose",
      "indication": "Uses for the temporary relief of minor aches and pains or as recommended by your doctor. Because of its delayed action, this product will not provide fast relief of headaches or other symptoms needing immediate relief. ask your doctor about other uses for Bayer Safety Coated 81 mg Aspirin",
      "manufacturer": "Bayer HealthCare LLC.",
      "splSetId": "075b103e-0bb4-4b7a-ac0e-5645bcbd0a07"
    },
    {
      "brand": "EXCEDRIN EXTRA STRENGTH PAIN RELIEVER",
      "indication": "Uses temporarily relieves minor aches and pains due to: headache a cold arthritis muscular aches toothache premenstrual & menstrual cramps",
      "manufacturer": "Mechanical Servants LLC",
      "splSetId": "07c4cc3d-9a68-42a1-801d-5d4ec107ffad"
    },
    {
      "brand": "Aspirin Low Dose",
      "indication": "Uses for the temporary relief of minor aches and pains or as recommended by your doctor. Because of its delayed action, this product will not provide fast relief of headaches or other symptoms needing immediate relief.",
      "manufacturer": "SUPERVALU INC.",
      "splSetId": "07edcb31-d31d-4607-98c3-dcb1e062cc70"
    },
    {
      "brand": "BC",
      "indication": "Uses temporary relieves minor aches and pains due to: \u00b0 headaches \u00b0 muscular aches \u00b0 minor arthritis pain \u00b0 colds temporarily reduces fever",
      "manufacturer": "Medtech Products Inc.",
      "splSetId": "0908e63c-9700-4647-856c-6b02b03f62a1"
    },
    {
      "brand": "Health Mart Regular Strength Enteric Coated Aspirin",
      "indication": "Uses temporarily relieves minor aches and pains due to: headache toothache colds muscle pain menstrual pain minor arthritis pain or as recommended by a doctor",
      "manufacturer": "Strategic Sourcing Services LLC",
      "splSetId": "092db5ad-9b47-4b89-968c-708fa83146cc"
    },
    {
      "brand": "Low Dose Aspirin",
      "indication": "Uses for the temporary relief of minor aches and pains or as recommended by your doctor. Because of its delayed action, this product will not provide fast relief of headaches or other symptoms needing immediate relief.",
      "manufacturer": "Wal-Mart Stores Inc",
      "splSetId": "093e0458-9975-456f-8950-8273c8890b3c"
    },
    {
      "brand": "Aspirin Low Dose",
      "indication": "Uses for the temporary relief of minor aches and pains or as recommended by your doctor",
      "manufacturer": "L.N.K. International, Inc.",
      "splSetId": "096dea5e-b922-4091-964e-68f46d6d2923"
    },
    {
      "brand": "EXTRA STRENGTH HEADACHE RELIEF",
      "indication": "Uses temporarily relieves minor aches and pains due to: headache a cold arthritis muscular aches toothache premenstrual & menstrual cramps",
      "manufacturer": "WALGREENS",
      "splSetId": "097fbab7-3886-4e75-b037-f03adcf3859f"
    },
    {
      "brand": "health mart adult aspirin",
      "indication": "Uses temporarily relieves \u2022 headache \u2022 muscle pain \u2022 toothache \u2022 menstrual pain \u2022 pain and fever of colds \u2022 minor pain of arthritis",
      "manufacturer": "Strategic Sourcing Services LLC",
      "splSetId": "09b60059-1a69-48e5-a997-5704795395b3"
    },
    {
      "brand": "Dr. Waynes Aspirin Low Dose",
      "indication": "Uses for the temporary relief of minor aches and pains or as recommended by your doctor. Because of its delayed action, this product will not provide fast relief of headache or other symptoms needing immediate relief. ask your doctor about other uses for this product",
      "manufacturer": "Wayne Pharmaceuticals Inc",
      "splSetId": "09cb07fc-d826-4e96-b813-a1ae010104cb"
    },
    {
      "brand": "HEALTH SENSE Adult Chewable Low Strength Aspirin",
      "indication": "Uses for the temporary relief of minor aches and pains ask your doctor about other uses for aspirin",
      "manufacturer": "Prime Marketing, LLC",
      "splSetId": "0a7ffe70-a861-003e-e054-00144ff8d46c"
    },
    {
      "brand": "Chewable Low Dose Aspirin",
      "indication": "Uses for the temporary relief of minor aches and pains or as recommended by your doctor",
      "manufacturer": "Family Dollar Services Inc",
      "splSetId": "0a950d2a-cbb8-471a-b06e-ae510aef9ec7"
    },
    {
      "brand": "dg health aspirin",
      "indication": "Uses for the temporary relief of minor aches and pains",
      "manufacturer": "Dolgencorp, LLC",
      "splSetId": "0ab34dc7-0110-4fc3-ae53-234e7d7bca3c"
    },
    {
      "brand": "BAYER Aspirin Extra Strength Caplets",
      "indication": "Uses temporarily relieves headache pain and fever of colds muscle pain menstrual pain toothache minor pain of arthritis",
      "manufacturer": "Bayer HealthCare LLC.",
      "splSetId": "0ae64cdb-4ea0-23af-e054-00144ff88e88"
    },
    {
      "brand": "HEALTH SENSE ASPIRIN 81",
      "indication": "Uses for the temporary relief of minor aches and pains ask your doctor about other uses for aspirin",
      "manufacturer": "Prime Marketing, LLC",
      "splSetId": "0ae75975-fa65-5cf6-e054-00144ff8d46c"
    },
    {
      "brand": "GOODYS Hangover",
      "indication": "Uses Temporarily relieves minor aches and pains due to: hangover headache muscle aches Helps restore mental alertness when experiencing fatigue or drowsiness associated with a hangover",
      "manufacturer": "Medtech Products Inc.",
      "splSetId": "0b0067e0-58b0-4581-aa4b-e398c32c559a"
    },
    {
      "brand": "Aspirin Regular Strength",
      "indication": "Uses temporarily relieves: pain and fever of colds headache toothache muscle pain minor pain of arthritis menstrual pain",
      "manufacturer": "Walgreen Company",
      "splSetId": "0b27c0fd-7ea8-4588-9169-5ad4e8df77ef"
    },
    {
      "brand": "BC Arthritis",
      "indication": "Uses temporary relieves minor aches and pains due to: \u00b0 headaches \u00b0 muscular aches \u00b0 minor arthritis pain \u00b0 colds temporarily reduces fever",
      "manufacturer": "Medtech Products Inc.",
      "splSetId": "0b3e09a4-ee7e-4f66-b9ff-b98ab5adfa55"
    },
    {
      "brand": "Back and Body Extra Strength",
      "indication": "Uses for the temporary relief of backache pain muscle aches and pains minor aches and pains of arthritis",
      "manufacturer": "GREENBRIER INTERNATIONAL, INC.",
      "splSetId": "0c268719-aecb-4aa0-a96d-137cd019d78d"
    },
    {
      "brand": "Bayer Womens",
      "indication": "Uses for the temporary relief of minor aches and pains or as recommended by your doctor. ask your doctor about other uses for Bayer Women\u2019s 81 mg Aspirin",
      "manufacturer": "Bayer HealthCare LLC.",
      "splSetId": "0c3da844-39ad-1abe-e054-00144ff88e88"
    },
    {
      "brand": "Bayer Aspirin Regimen Chewable Low Dose Aspirin Orange",
      "indication": "Uses for the temporary relief of minor aches and pains or as recommended by your doctor ask your doctor about other uses for Bayer 81 mg Orange Chewable Aspirin",
      "manufacturer": "Bayer HealthCare LLC.",
      "splSetId": "0c6ae05f-760f-34d1-e054-00144ff88e88"
    },
    {
      "brand": "Bayer Aspirin Regimen enteric coated",
      "indication": "Uses for the temporary relief of minor aches and pains or as recommended by your doctor. Because of its delayed action, this product will not provide fast relief of headaches or other symptoms needing immediate relief. ask your doctor about other uses for Bayer Safety Coated 325 mg Aspirin",
      "manufacturer": "Bayer HealthCare LLC.",
      "splSetId": "0c6ae05f-7634-34d1-e054-00144ff88e88"
    },
    {
      "brand": "Bayer Plus Extra Strength",
      "indication": "Uses for the temporary relief of headache pain and fever of colds muscle pain menstrual pain toothache minor pain of arthritis",
      "manufacturer": "Bayer HealthCare LLC.",
      "splSetId": "0c771119-4cb4-7137-e054-00144ff88e88"
    },
    {
      "brand": "Bayer Back and Body Extra Strength",
      "indication": "Uses for the temporary relief of backache pain muscle aches and pains minor aches and pains of arthritis",
      "manufacturer": "Bayer HealthCare LLC.",
      "splSetId": "0c77c484-6caf-12ca-e054-00144ff88e88"
    },
    {
      "brand": "WinCo Foods Effervescent Antacid and Pain Relief",
      "indication": "Uses Uses for the temporary relief of \u25a0 heartburn, acid indigestion and sour stomach when accompanied by headache or body aches and pains \u25a0 upset stomach with headache from overindulgence in food or drink \u25a0 pain alone (headaches or body aches and pains)",
      "manufacturer": "WinCo Foods, LLC",
      "splSetId": "0c8a755a-089f-477f-97e9-0dd6fdfbe99d"
    },
    {
      "brand": "Aspirin NSAID",
      "indication": "Uses temporarily relieves: headache pain and fever of colds toothache menstrual pain muscle pain minor pain of arthritis",
      "manufacturer": "Valu Merchandisers Company",
      "splSetId": "0cc46a81-54c9-44b7-b384-79d25255eff2"
    },
    {
      "brand": "Aspirin regular strength",
      "indication": "Uses temporarily relieves minor aches and pains due to: headache muscle pain toothache menstrual pain colds minor arthritis pain or as recommended by a doctor",
      "manufacturer": "Rugby Laboratories, Inc.",
      "splSetId": "0ce17980-15eb-4a8c-84ca-5d0019d2a4f6"
    },
    {
      "brand": "Blowfish",
      "indication": "Uses for the temporary relief of minor aches and pains associated with a hangover helps restore mental alertness or wakefulness when experiencing fatigue or drowsiness associated with a hangover also for the temporary relief of headaches or body aches and pains alone for the temporary relief of headache pain also temporarily relieves minor aches and pains due to: backache muscle aches arthritis menstrual cramps hangover for the temporary relief of muscle aches and pain helps restore mental alertness when experiencing fatigue",
      "manufacturer": "Rally Labs LLC",
      "splSetId": "0d3798bc-04ef-584e-821b-7aa76036b7d1"
    },
    {
      "brand": "Aspirin 81 mg Enteric Coated",
      "indication": "Uses temporarily relieves minor aches and pains Because of its delayed action, this product will not provide fast relief of headaches or other symptoms needing immediate relief. ask your doctor about other uses for enteric-coated 81 mg Aspirin",
      "manufacturer": "Quality Care Products, LLC",
      "splSetId": "0d3fcc4f-5b8a-43ee-9bad-ba35dc8dc948"
    },
    {
      "brand": "Regular Strength Aspirin EC",
      "indication": "Uses \u2022 Uses o for the temporary relief of minor aches and pains due to \u25aa headache \u25aa colds \u25aa muscle pain \u25aa menstrual pain \u25aa toothache \u25aa minor pain of arthritis o or as directed by your doctor",
      "manufacturer": "Bryant Ranch Prepack",
      "splSetId": "0d659db4-1065-439a-91f7-dc9886139602"
    },
    {
      "brand": "Aspirin",
      "indication": "Uses temporarily relieves minor aches and pains ask your doctor about other uses for this product",
      "manufacturer": "Chain Drug Marketing Association",
      "splSetId": "0e3be5f4-bc1b-4b44-a86a-ace89f6ee592"
    },
    {
      "brand": "Aspirin Chewable, Low Dose",
      "indication": "Uses for the temporary relief of minor aches and pains or as recommended by your doctor",
      "manufacturer": "FRED'S, INC.",
      "splSetId": "0e7aabbe-b0ee-4d07-808e-c874effe67f4"
    },
    {
      "brand": "EXTRA STRENGHT HEADACHE RELIEF",
      "indication": "Uses temporarily relieves minor aches and pains due to: headache a cold arthritis muscular aches sinusitis toothache premenstrual & menstrual cramps",
      "manufacturer": "Spirit Pharmaceutical LLC",
      "splSetId": "0ef44587-c160-403f-b8a6-8bedf8e2eb8e"
    },
    {
      "brand": "Excedrin Extra Strength Pain Reliever",
      "indication": "Uses \u2022 temporarily relieves minor aches and pains due to: \u2022 headache \u2022 a cold \u2022 arthritis \u2022 muscular aches \u2022 toothache \u2022 premenstrual and menstrual cramps",
      "manufacturer": "GlaxoSmithKline Consumer Healthcare Holdings (US) LLC",
      "splSetId": "0faa3592-4d56-4645-9a0e-066e0bdfebb6"
    },
    {
      "brand": "Chemtox",
      "indication": "HOMEOPATHIC INDICATIONS: For temporary relief of symptoms related to chemical toxicity including fatigue, frequent colds, insomnia, headache, rash, depression, sinusitis, constipation, poor circulation, and memory difficulties.** **These statements are based upon traditional homeopathic practice. They have not been reviewed by the Food and Drug Administration.",
      "manufacturer": "Deseret Biologicals, Inc.",
      "splSetId": "10d51085-8822-4eb8-8287-aa60a01906d0"
    },
    {
      "brand": "Headache Relief Extra Strength",
      "indication": "Uses temporarily relieves minor aches and pains due to: headache arthritis a cold muscular aches toothache premenstrual and menstrual cramps",
      "manufacturer": "Hy-Vee",
      "splSetId": "110c91f7-7589-4e03-b5c3-aa47cf2ddc6f"
    },
    {
      "brand": "Extra Strength Aspirin",
      "indication": "Uses Temporarily relieves minor aches and pains due to: headache muscular aches backache minor pain of arthritis the common cold toothache premenstrual and menstrual cramps",
      "manufacturer": "Healthlife of USA",
      "splSetId": "1118dc27-0a9e-4a48-b86c-1338bf28fecc"
    },
    {
      "brand": "Aspirin",
      "indication": "Uses temporarily relieves minor aches and pains for other uses, see your doctor, but do not use for more than 10 days without consulting your doctor because serious side effects may occur.",
      "manufacturer": "Richmond Pharmaceuticals, Inc.",
      "splSetId": "11458142-4953-4f9f-bbb6-4422d085a960"
    },
    {
      "brand": "Excedrin Extra Strength Geltabs",
      "indication": "Uses \u2022 temporarily relieves minor aches and pains due to: \u2022 headache \u2022 a cold \u2022 arthritis \u2022 muscular aches \u2022 toothache \u2022 premenstrual & menstrual cramps",
      "manufacturer": "GlaxoSmithKline Consumer Healthcare Holdings (US) LLC",
      "splSetId": "11a8439b-0159-4351-b0f5-fe7fad6a33c0"
    },
    {
      "brand": "Energize",
      "indication": "HOMEOPATHIC INDICATIONS: For temporary relief of exhaustion, fatigue, and feelings of low energy.** **These statements are based upon traditional homeopathic principles. They have not been reviewed by the Food and Drug Administration.",
      "manufacturer": "Parasitology Center Inc.",
      "splSetId": "1228bfab-6e51-4295-8194-5f2b395d62d2"
    },
    {
      "brand": "aspirin",
      "indication": "Uses \u2022 temporarily relieves minor aches and pains due to: \u2022 headache \u2022 muscle pain \u2022 toothache \u2022 menstrual pain \u2022 colds \u2022 minor pain of arthritis \u2022 temporarily reduces fever",
      "manufacturer": "CVS Pharmacy",
      "splSetId": "1318341c-a1d5-4195-857f-7f1658ac1f71"
    },
    {
      "brand": "Aspirin",
      "indication": "Uses for the temporary relief of minor aches and pains or as recommended by your doctor. Because of its delayed action, this product will not provide fast relief of headaches or other symptoms needing immediate relief.",
      "manufacturer": "Kroger Company",
      "splSetId": "13219b9d-2ce5-474a-934f-891d4af6887d"
    },
    {
      "brand": "Aspirin Regular Strength",
      "indication": "Uses temporarily relieves: headache muscle pain toothache menstrual pain pain and fever of colds minor pain of arthritis",
      "manufacturer": "Meijer",
      "splSetId": "13bb14b8-caaf-4f60-9395-6e6a0adeaa90"
    },
    {
      "brand": "Headache Relief Extra Strength",
      "indication": "Uses temporarily relieves minor aches and pains due to: headache a cold arthritis muscular aches toothache premenstrual and menstrual cramps",
      "manufacturer": "Family Dollar (FAMILY WELLNESS)",
      "splSetId": "13c50f92-9ff0-4517-8edc-b8ef5d87ad8b"
    },
    {
      "brand": "Aspirin",
      "indication": "Uses Temporarily relieves minor aches and pains.",
      "manufacturer": "Best Choice (Valu Merchandisers Company)",
      "splSetId": "13d0419b-aa92-4ad0-8e58-08145401e73a"
    },
    {
      "brand": "Excedrin Extra Strength",
      "indication": "Uses \u2022 temporarily relieves minor aches and pains due to: \u2022 headache \u2022 a cold \u2022 arthritis \u2022 muscular aches \u2022 toothache \u2022 premenstrual & menstrual cramps",
      "manufacturer": "Navajo Manufacturing Company Inc.",
      "splSetId": "14bec07c-438e-4fdd-8131-8ecd484e81c6"
    },
    {
      "brand": "ASPIRIN",
      "indication": "Uses temporarily relieves: headache muscle pain toothache menstrual pain pain of colds minor pain of arthritis temporarily reduces fever",
      "manufacturer": "Marc Glassman, Inc.",
      "splSetId": "14cb1d2d-95b8-447e-8d79-e6ec82c0e431"
    },
    {
      "brand": "Aspirin 81mg Adult Low Dose",
      "indication": "Uses for the temporary relief of minor aches and pains or as recommended by your doctor. Because of its delayed action, this product will not provide fast relief of headaches or other symptoms needing immediate relief. ask your doctor about other uses for this product",
      "manufacturer": "TopCare",
      "splSetId": "14d010fb-c4a1-4c3d-942f-58719727bfc0"
    },
    {
      "brand": "Rugby Aspirin",
      "indication": "Uses for the temporary relief of minor aches and pains",
      "manufacturer": "Rugby Laboratories",
      "splSetId": "15922349-2825-45d3-95ff-c5a2879ec225"
    },
    {
      "brand": "Medique Pain Off",
      "indication": "Uses headache muscular aches minor arthritis pain back pain common cold toothache menstrual cramps Temporarily reduces fever.",
      "manufacturer": "Unifirst First Aid Corporation",
      "splSetId": "160a2d7c-460c-4eb6-a3c0-50edf004c0b5"
    },
    {
      "brand": "Goodys Extra Strength",
      "indication": "Uses \u2022 temporarily relieves minor aches and pains due to: \u2022 headache \u2022 minor arthritis pain \u2022 muscle aches \u2022 colds \u2022 temporarily reduces fever",
      "manufacturer": "Medtech Products Inc.",
      "splSetId": "16d774cc-4247-4bf8-9b5a-c338ffebda3d"
    },
    {
      "brand": "Aspirin",
      "indication": "Uses temporarily relieves: minor pain of arthritis headache muscle pain menstrual pain toothache pain and fever of colds",
      "manufacturer": "Chain Drug Consortium",
      "splSetId": "172c2e5b-8123-4133-8211-202c5f93b2f3"
    },
    {
      "brand": "Aspirin Low Dose",
      "indication": "Uses for the temporary relief of minor aches and pains or as recommended by your doctor",
      "manufacturer": "Valu Merchandisers Company",
      "splSetId": "1754a9f2-e7e5-4efb-a728-6ba2a7155d11"
    },
    {
      "brand": "Bayer Aspirin",
      "indication": "Uses Temporarily relieves minor aches and pains due to \u2022 headache \u2022 muscle pain \u2022 toothache \u2022 menstrual pain \u2022 colds \u2022 minor pain of arthritis Temporarily reduces fever",
      "manufacturer": "Navajo Manufacturing Company Inc.",
      "splSetId": "184248c7-7505-43db-a908-2c34791ef272"
    },
    {
      "brand": "Aspirin enteric coated low dose",
      "indication": "Uses for the temporary relief of minor aches and pains or as recommended by your doctor. Because of its delayed action, this product will not provide fast relief of headaches or other symptoms needing immediate relief.",
      "manufacturer": "Walgreen Company",
      "splSetId": "186a6270-e3de-4499-88a4-5f723fee3e34"
    },
    {
      "brand": "Aspirin",
      "indication": "Uses temporarily relieves: headache toothache muscle pain menstrual pain pain and fever of colds minor pain of arthritis",
      "manufacturer": "CVS Pharmacy",
      "splSetId": "188de17c-36aa-41ae-9d84-d1b8c4ea6957"
    },
    {
      "brand": "Low Dose Aspirin",
      "indication": "Uses for the temporary relief of minor aches and pains or as recommended by your doctor. Because of its delayed action, this product will not provide fast relief of headaches or other symptoms needing immediate relief.",
      "manufacturer": "SUPERVALU INC.",
      "splSetId": "18b79449-5c4c-41ce-9609-80f5efa0375c"
    },
    {
      "brand": "Aspirin",
      "indication": "Directions drink a full glass of water with each dose adults and children 12 years and over: take 1 to 2 tablets every 4 hours while symptoms last. Do not take more than 12 tablets in 24 hours unless directed by a doctor. children under 12 years: do not use unless directed by a doctor",
      "manufacturer": "United Exchange Corp.",
      "splSetId": "1a96c738-9f73-42f1-9ade-5440b730cd28"
    },
    {
      "brand": "LOW DOSE ASPIRIN",
      "indication": "",
      "manufacturer": "TIME CAP LABORATORIES, INC",
      "splSetId": "1acc8c1a-c746-4635-800c-de1ad758fce0"
    },
    {
      "brand": "aspirin low strength adult",
      "indication": "Uses for the temporary relief of minor aches and pains or as recommended by your doctor",
      "manufacturer": "Sam's West Inc",
      "splSetId": "1b18ffb7-7e96-4973-a47d-f6477a8f6767"
    },
    {
      "brand": "Aspirin and Extended-Release Dipyridamole",
      "indication": "1 INDICATIONS AND USAGE Aspirin and Extended-Release Dipyridamole Capsules are indicated to reduce the risk of stroke in patients who have had transient ischemia of the brain or completed ischemic stroke due to thrombosis. Aspirin and Extended-Release Dipyridamole Capsules are a combination antiplatelet agent indicated to reduce the risk of stroke in patients who have had transient ischemia of the brain or completed ischemic stroke due to thrombosis ( 1 )",
      "manufacturer": "Lannett Company, Inc.",
      "splSetId": "1b1e6e68-343f-45ed-9956-870238303ead"
    },
    {
      "brand": "Excedrin Extra Strength Pain Reliever",
      "indication": "Uses \u2022 temporarily relieves minor aches and pains due to: \u2022 headache \u2022 a cold \u2022 arthritis \u2022 muscular aches \u2022 toothache \u2022 premenstrual & menstrual cramps",
      "manufacturer": "GlaxoSmithKline Consumer Healthcare Holdings (US) LLC",
      "splSetId": "1b5ff867-5442-4cf8-bd1e-530093cc88f8"
    },
    {
      "brand": "Ascomp with Codeine",
      "indication": "1 INDICATIONS AND USAGE ASCOMP with CODEINE is a combination of butalbital, a barbiturate, aspirin, a nonsteroidal anti-inflammatory drug, caffeine, a methylxanthine, and codeine phosphate, an opioid agonist, and is indicated for the management of the symptom complex of tension (or muscle contraction) headache, when other non-opioid analgesics and alternative treatments are inadequate. Limitations of Use Because of the risks of addiction, abuse, and misuse with opioids and butalbital, even at recommended doses [see Warnings and Precautions (5.1)] , reserve ASCOMP with CODEINE for use in patients for whom alternative treatment options (e.g., non-opioid, non-barbiturate analgesics): \u2022 Have not been tolerated or are not expected to be tolerated, \u2022 Have not provided adequate analgesia or are not expected to provide adequate analgesia.",
      "manufacturer": "LGM Pharma Solutions, LLC",
      "splSetId": "1cab3106-1064-4b42-892b-39f405d9e02f"
    },
    {
      "brand": "Aspirin",
      "indication": "Uses: temporarily reduces fever and relieves minor aches and pains associated with: a cold headache toothache muscular aches backache minor pain of arthritis premenstrual and menstrual periods",
      "manufacturer": "Honeywell Safety Products USA, Inc",
      "splSetId": "1d3e8e99-62d3-4926-9eee-565e43bbfef8"
    },
    {
      "brand": "EXTRA STRENGHT HEADACHE RELIEF",
      "indication": "Uses temporarily relieves minor aches and pains due to: headache a cold arthritis muscular aches sinusitis toothache premenstrual & menstrual cramps",
      "manufacturer": "Spirit Pharmaceutical LLC",
      "splSetId": "1e1187a5-4553-4639-ad47-1bbf79be3c97"
    },
    {
      "brand": "BC MAX",
      "indication": "Uses Temporarily relieves minor aches and pains due to: headache backache muscle aches toothache menstrual crams colds minor arthritis pain",
      "manufacturer": "Medtech Products Inc.",
      "splSetId": "1e2a07ab-23e6-49b4-a676-212dc6880f14"
    },
    {
      "brand": "Aspirin and Dipyridamole",
      "indication": "1 INDICATIONS AND USAGE Aspirin and extended-release dipyridamole capsules are indicated to reduce the risk of stroke in patients who have had transient ischemia of the brain or completed ischemic stroke due to thrombosis. Aspirin and extended-release dipyridamole capsules are a combination antiplatelet agent indicated to reduce the risk of stroke in patients who have had transient ischemia of the brain or completed ischemic stroke due to thrombosis ( 1 )",
      "manufacturer": "Teva Pharmaceuticals USA, Inc.",
      "splSetId": "1e456280-39d3-4aa7-8322-d30647b5d092"
    },
    {
      "brand": "LOW DOSE ASPIRIN",
      "indication": "Uses temporary relief of minor aches and pains Because of its delayed action, this product will not provide fast relief of headaches or other symptoms needing immediate relief. ask your doctor about other uses for enteric-coated 81 mg Aspirin",
      "manufacturer": "McKesson Corporation dba SKY Packaging",
      "splSetId": "1f998525-e239-4a84-9f5e-9cc27c96f522"
    },
    {
      "brand": "good neighbor pharmacy migraine relief",
      "indication": "Use \u2022 treats migraine",
      "manufacturer": "Amerisource Bergen",
      "splSetId": "201f101a-3b53-4349-896c-6b86cdd9b831"
    },
    {
      "brand": "EXCEDRIN MIGRAINE acetaminophen, aspirin (nsaid) and caffeine",
      "indication": "Uses treats migraine",
      "manufacturer": "Mechanical Servants LLC",
      "splSetId": "20406b7d-c989-40a5-b066-f3336c27a5fa"
    },
    {
      "brand": "Chemstat",
      "indication": "INDICATIONS: May temporarily relieve weakness and exhaustion, minor abdominal cramps, bloating, and vomiting.** **Claims based on traditional homeopathic practice, not accepted medical evidence. Not FDA evaluated.",
      "manufacturer": "Energique, Inc.",
      "splSetId": "205f7924-35e3-422c-9996-a13a07f3b9b7"
    },
    {
      "brand": "Goodys Cool Orange",
      "indication": "Uses temporarily relieves minor aches and pains due to: headache backache toothache menstrual cramps muscular aches colds",
      "manufacturer": "Lil' Drug Store Products, Inc",
      "splSetId": "206d4d34-bcf7-4a95-9063-6e22ad40b029"
    },
    {
      "brand": "Aspirin",
      "indication": "Uses temporarily relieves: headache muscle pain toothache menstrual pain pain and fever of colds minor pain of arthritis",
      "manufacturer": "Harmon Stores Inc.",
      "splSetId": "219ca3f4-24ad-470c-8482-6606d6c4bc85"
    },
    {
      "brand": "Ecotrin",
      "indication": "Uses for the temporary relief of minor aches and pains due to: headache minor arthritis pain toothache menstrual pain the common cold or as recommended by a doctor",
      "manufacturer": "Medtech Products Inc.",
      "splSetId": "222d187b-aae6-410b-baeb-b2bd42f5c676"
    },
    {
      "brand": "BC",
      "indication": "Uses temporary relieves minor aches and pains due to: \u00b0 headaches \u00b0 muscular aches \u00b0 minor arthritis pain \u00b0 colds temporarily reduces fever",
      "manufacturer": "Medtech Products Inc.",
      "splSetId": "226173d4-b6d5-4fe6-b24e-1cc5d1b31c88"
    },
    {
      "brand": "Headache Relief Extra Strength",
      "indication": "Uses temporarily relieves minor aches and pains due to: headache a cold arthritis toothache muscular aches premenstrual and menstrual cramps",
      "manufacturer": "GREENBRIER INTERNATIONAL, INC.",
      "splSetId": "23550b2f-8e82-4ddf-8bb5-366929d6c9b3"
    },
    {
      "brand": "Aspirin",
      "indication": "Uses temporarily relieves headache menstrual pain muscle pain toothache minor pain or arthritis pain and fever of colds",
      "manufacturer": "Richmond Pharmaceuticals, Inc",
      "splSetId": "236a5672-556a-4d8f-9bb6-5877e363e747"
    },
    {
      "brand": "Aspirin and Extended - Release Dipyridamole Capsules, 25 mg / 200 mg",
      "indication": "1 INDICATIONS & USAGE Aspirin and Extended-Release Dipyridamole Capsule is indicated to reduce the risk of stroke in patients who have had transient ischemia of the brain or completed ischemic stroke due to thrombosis. Aspirin and Extended-Release Dipyridamole Capsule is a combination antiplatelet agent indicated to reduce the risk of stroke in patients who have had transient ischemia of the brain or completed ischemic stroke due to thrombosis (1)",
      "manufacturer": "Par Pharmaceutical, Inc.",
      "splSetId": "237a1f63-53ff-47fa-903c-ac6276e594a2"
    },
    {
      "brand": "Ascomp with Codeine",
      "indication": "1 INDICATIONS AND USAGE ASCOMP with Codeine is indicated for the management of the symptom complex of tension (or muscle contraction) headache, when non-opioid analgesic and alternative treatments are inadequate. ASCOMP with Codeine is a combination of butalbital, a barbiturate, aspirin, a nonsteroidal anti-inflammatory drug, caffeine, a methylxanthine, and codeine phosphate, an opioid agonist, and is indicated for the management of the symptom complex of tension (or muscle contraction) headache, when other non-opioid analgesics and alternative treatments are inadequate. Limitations of Use Because of the risks of addiction, abuse, and misuse with opioids, even at recommended doses, reserve ASCOMP with Codeine for use in patients for whom alternative treatment options (e.g., non-opioid analgesics) ( 5.1 ): Have not been tolerated, or are not expected to be tolerated, Have not provided adequate analgesia, or are not expected to provide adequate analgesia. Limitations of Use Because of the risks of addiction, abuse, and misuse with opioids and butalbital, even at recommended doses [see Warnings and Precautions (5.1) ] , reserve ASCOMP with Codeine for use in patients for whom alternative treatment options (e.g., non-opioid, non-barbiturate analgesics): Have not been tolerated, or are not expected to be tolerated, Have not provided adequate analgesia, or are not expected to provide adequate analgesia.",
      "manufacturer": "Breckenridge Pharmaceutical, Inc.",
      "splSetId": "243a6aea-0f48-42a9-a85e-ff247ab94336"
    },
    {
      "brand": "St. Joseph Chewable Low Dose Aspirin",
      "indication": "Uses temporarily relieves minor aches and pains ask your doctor about other uses for St. Joseph Safety Coated 81 mg Aspirin",
      "manufacturer": "Foundation Consumer Healthcare LLC",
      "splSetId": "248cd302-e380-4837-bdae-9df620b67e8a"
    },
    {
      "brand": "Headache Relief PM",
      "indication": "Uses for the temporary relief of occasional headaches and minor aches and pains with accompanying sleeplessness",
      "manufacturer": "Valu Merchandisers Company",
      "splSetId": "2547f2ca-ea36-4ded-8a51-fb83b293d336"
    },
    {
      "brand": "basic care aspirin",
      "indication": "Uses for the temporary relief of minor aches and pains",
      "manufacturer": "Amazon.com Services LLC",
      "splSetId": "265c7d85-a666-4234-9c30-ca8e31f4bcb8"
    },
    {
      "brand": "Aspirin Regular Strength",
      "indication": "Uses temporarily relieves minor aches and pains due to: headache muscle pain toothache menstrual pain colds minor pains of arthritis temporarily reduces fever",
      "manufacturer": "Ulai Health LLC",
      "splSetId": "26942d32-d6e6-464d-8fc4-ffd9806d3e62"
    }
  ],
  "id": "Aspirin",
  "nciThesaurus": {
    "casRegistry": "50-78-2",
    "chebiId": "CHEBI:15365",
    "chemicalFormula": "C9H8O4",
    "definition": "An orally administered non-steroidal antiinflammatory agent. Acetylsalicylic acid binds to and acetylates serine residues in cyclooxygenases, resulting in decreased synthesis of prostaglandin, platelet aggregation, and inflammation. This agent exhibits analgesic, antipyretic, and anticoagulant properties.",
    "fdaUniiCode": "R16CO5Y76E",
    "identifier": "C287",
    "preferredName": "Aspirin",
    "semanticType": "Organic Chemical",
    "subclassOf": [
      "C1323"
    ],
    "synonyms": [
      "2-(Acetyloxy)benzoic Acid",
      "ASA",
      "ASPIRIN",
      "Acetylsalicylic Acid",
      "Acetylsalicylic acid",
      "Aspergum",
      "Aspirin",
      "Ecotrin",
      "Empirin",
      "Entericin",
      "Extren",
      "Measurin",
      "aspirin"
    ]
  }
}