{
  "emaEpar": [],
  "fdaDrugLabel": [],
  "id": "Atiprimod_Dimaleate",
  "nciThesaurus": {
    "casRegistry": "183063-72-1",
    "chebiId": "",
    "chemicalFormula": "C22H44N2.2C4H4O4",
    "definition": "The dimaleate salt form of atiprimod, an orally bioavailable small molecule belonging to the azaspirane class of cationic amphiphilic agents with anti-inflammatory, antineoplastic, and antiangiogenic activities. Atiprimod inhibits the phosphorylation of signal transducer and activator of transcription 3 (STAT3) and AKT, blocking the signaling pathways of interleukin-6 and vascular endothelial growth factor (VEGF) and downregulating the anti-apoptotic proteins Bcl-2, Bcl-XL, and Mcl-1. This results in the inhibition of cell proliferation, induction of cell cycle arrest, and apoptosis.",
    "fdaUniiCode": "YNU265SSR3",
    "identifier": "C76970",
    "preferredName": "Atiprimod Dimaleate",
    "semanticType": "Pharmacologic Substance",
    "subclassOf": [
      "C1742",
      "C2189",
      "C308"
    ],
    "synonyms": [
      "ATIPRIMOD DIMALEATE",
      "Atiprimod Dimaleate"
    ]
  }
}