{
  "emaEpar": [],
  "fdaDrugLabel": [],
  "id": "Benaxibine",
  "nciThesaurus": {
    "casRegistry": "27661-27-4",
    "chebiId": "",
    "chemicalFormula": "C12H15NO6",
    "definition": "A cyclophosphamide synergizer with antineoplastic, antidiabetic, antihypertensive and immunopotentiating activity. Benaxibine is active against integrin alph-4 precursor.",
    "fdaUniiCode": "6EEL176LGY",
    "identifier": "C73231",
    "preferredName": "Benaxibine",
    "semanticType": "Pharmacologic Substance",
    "subclassOf": [
      "C1744",
      "C270",
      "C29711"
    ],
    "synonyms": [
      "4-Aminobenzoic acid-N-xyloside",
      "BENAXIBINE",
      "Benaxibine"
    ]
  }
}