{
  "emaEpar": [],
  "fdaDrugLabel": [],
  "id": "Bendamustine",
  "nciThesaurus": {
    "casRegistry": "16506-27-7",
    "chebiId": "",
    "chemicalFormula": "C16H21Cl2N3O2",
    "definition": "A bifunctional mechlorethamine derivative with alkylating and antimetabolite activities. Although the exact mechanism of action of bendamustine is unknown, this agent appears to alkylate and crosslink macromolecules, resulting in DNA, RNA and protein synthesis inhibition, and eventually the induction of apoptosis.",
    "fdaUniiCode": "9266D9P3PQ",
    "identifier": "C73261",
    "preferredName": "Bendamustine",
    "semanticType": "Pharmacologic Substance",
    "subclassOf": [
      "C697"
    ],
    "synonyms": [
      "5-(Bis(2-chloroethyl)amino)-1-methyl-2-benzimidazolebutyric Acid",
      "BENDAMUSTINE",
      "Bendamustine",
      "SDX-105",
      "bendamustine"
    ]
  }
}