{
  "emaEpar": [],
  "fdaDrugLabel": [],
  "id": "Betulinic_Acid",
  "nciThesaurus": {
    "casRegistry": "472-15-1",
    "chebiId": "",
    "chemicalFormula": "C30H48O3",
    "definition": "A pentacyclic lupane-type triterpene derivative of betulin (isolated from the bark of Betula alba, the common white birch) with antiinflammatory, anti-HIV and antineoplastic activities. Betulinic acid induces apoptosis through induction of changes in mitochondrial membrane potential, production of reactive oxygen species, and opening of mitochondrial permeability transition pores, resulting in the release of mitochondrial apogenic factors, activation of caspases, and DNA fragmentation. Although originally thought to exhibit specific cytotoxicity against melanoma cells, this agent has been found to be cytotoxic against non-melanoma tumor cell types including neuroectodermal and brain tumor cells.",
    "fdaUniiCode": "4G6A18707N",
    "identifier": "C38126",
    "preferredName": "Betulinic Acid",
    "semanticType": "Organic Chemical",
    "subclassOf": [
      "C2139"
    ],
    "synonyms": [
      "(3beta)-3-Hydroxy-lup-20(29)-en-28-oic Acid",
      "ALS-357",
      "BETULINIC ACID",
      "Betulinic Acid",
      "Mairin"
    ]
  }
}