{
  "emaEpar": [
    {
      "activeSubstance": "binimetinib",
      "conditionIndication": "Binimetinib in combination with encorafenib is indicated for the treatment of adult patients with unresectable or metastatic melanoma with a BRAF V600 mutation.",
      "inn": "binimetinib",
      "marketingAuthorisationDate": "2018-09-20 00:00:00",
      "marketingAuthorisationHolder": "Pierre Fabre Medicament",
      "medicineName": "Mektovi",
      "url": "https://www.ema.europa.eu/en/medicines/human/EPAR/mektovi"
    }
  ],
  "fdaDrugLabel": [
    {
      "brand": "MEKTOVI",
      "indication": "1 INDICATIONS AND USAGE MEKTOVI \u00ae is indicated, in combination with encorafenib, for the treatment of patients with unresectable or metastatic melanoma with a BRAF V600E or V600K mutation, as detected by an FDA-approved test [see Dosage and Administration (2.1) ] . MEKTOVI is a kinase inhibitor indicated, in combination with encorafenib, for the treatment of patients with unresectable or metastatic melanoma with a BRAF V600E or V600K mutation, as detected by an FDA-approved test. ( 1 , 2.1 )",
      "manufacturer": "Array BioPharma Inc.",
      "splSetId": "6c3408ac-d401-4925-8a03-26591afbc240"
    }
  ],
  "id": "Binimetinib",
  "nciThesaurus": {
    "casRegistry": "",
    "chebiId": "",
    "chemicalFormula": "",
    "definition": "An orally available inhibitor of mitogen-activated protein kinase kinase 1 and 2 (MEK1/2) with potential antineoplastic activity. Binimetinib, noncompetitive with ATP, binds to and inhibits the activity of MEK1/2. Inhibition of MEK1/2 prevents the activation of MEK1/2 dependent effector proteins and transcription factors, which may result in the inhibition of growth factor-mediated cell signaling. This may eventually lead to an inhibition of tumor cell proliferation and an inhibition in production of various inflammatory cytokines including interleukin-1, -6 and tumor necrosis factor. MEK1/2 are dual-specificity threonine/tyrosine kinases that play key roles in the activation of the RAS/RAF/MEK/ERK pathway and are often upregulated in a variety of tumor cell types.",
    "fdaUniiCode": "181R97MR71",
    "identifier": "C84865",
    "preferredName": "Binimetinib",
    "semanticType": "Pharmacologic Substance",
    "subclassOf": [
      "C129825",
      "C69145"
    ],
    "synonyms": [
      "ARRY-162",
      "ARRY-438162",
      "BINIMETINIB",
      "Binimetinib",
      "MEK162",
      "Mektovi"
    ]
  }
}