{
  "emaEpar": [],
  "fdaDrugLabel": [],
  "id": "Bisnafide",
  "nciThesaurus": {
    "casRegistry": "144849-63-8",
    "chebiId": "",
    "chemicalFormula": "C32H28N6O8",
    "definition": "A bis-naphthalimide compound with anticancer activity. Bisnafide selectively intercalates guanine-cytosine (GC) rich regions of DNA, thereby interfering with DNA replication machinery and activity of topoisomerase II. As a result, this agent causes potent cytotoxicity.",
    "fdaUniiCode": "62H4W26906",
    "identifier": "C73611",
    "preferredName": "Bisnafide",
    "semanticType": "Pharmacologic Substance",
    "subclassOf": [
      "C582"
    ],
    "synonyms": [
      "BISNAFIDE",
      "Bisnafide",
      "DMP 840"
    ]
  }
}