{
  "emaEpar": [],
  "fdaDrugLabel": [],
  "id": "Bisnafide_Dimesylate",
  "nciThesaurus": {
    "casRegistry": "145124-30-7",
    "chebiId": "",
    "chemicalFormula": "C32H28N6O8.2CH4O3S",
    "definition": "The dimesylate salt form of bisnafide, a bis-naphthalimide compound with anticancer activity. Bisnafide selectively intercalates guanine-cytosine (GC) rich regions of DNA, thereby interfering with DNA replication machinery and activity of topoisomerase II. As a result, this agent causes potent cytotoxicity.",
    "fdaUniiCode": "J30IBO0LMA",
    "identifier": "C73307",
    "preferredName": "Bisnafide Dimesylate",
    "semanticType": "Pharmacologic Substance",
    "subclassOf": [
      "C582"
    ],
    "synonyms": [
      "BISNAFIDE DIMESYLATE",
      "Bisnafide Dimesylate"
    ]
  }
}