{
  "emaEpar": [],
  "fdaDrugLabel": [],
  "id": "BMS-275183",
  "nciThesaurus": {
    "casRegistry": "",
    "chebiId": "",
    "chemicalFormula": "",
    "definition": "An orally available, C-4 methyl carbonate analog of paclitaxel with potential antineoplastic activity. Like paclitaxel, BMS-275183 binds to tubulin and stabilizes microtubules, thereby inhibiting microtubule disassembly which results in cell-cycle arrest at the G2/M phase and an induction of apoptosis.",
    "fdaUniiCode": "UQC681JJIV",
    "identifier": "C62639",
    "preferredName": "BMS-275183",
    "semanticType": "Organic Chemical",
    "subclassOf": [
      "C1490",
      "C67437"
    ],
    "synonyms": [
      "BMS-275183"
    ]
  }
}