{
  "emaEpar": [],
  "fdaDrugLabel": [],
  "id": "BMS-214662",
  "nciThesaurus": {
    "casRegistry": "195987-41-8",
    "chebiId": "",
    "chemicalFormula": "",
    "definition": "A nonsedating benzodiazepine derivative with potential antineoplastic activity. Farnesyltransferase inhibitor BMS-214662 inhibits the enzyme farnesyltransferase and the post-translational farnesylation of number of proteins involved in signal transduction, which may result in the inhibition of Ras function and apoptosis in susceptible tumor cells. This agent may reverse the malignant phenotype of H-Ras-transformed cells and has been shown to be active against tumor cells with and without Ras mutations.",
    "fdaUniiCode": "L2U9GFD244",
    "identifier": "C1856",
    "preferredName": "BMS-214662",
    "semanticType": "Organic Chemical",
    "subclassOf": [
      "C2020"
    ],
    "synonyms": [
      "7-Cyano-2,3,4,5-tetrahydro-1-(1H-imidazol-4-ylmethyl)-3-(phenylmethyl)-4-(2-thienylsulfonyl)-1H-1,4-Benzodiazepine",
      "BMS-214662",
      "FTI BMS 214662"
    ]
  }
}