{
  "emaEpar": [],
  "fdaDrugLabel": [],
  "id": "Brentuximab",
  "nciThesaurus": {
    "casRegistry": "",
    "chebiId": "",
    "chemicalFormula": "",
    "definition": "A genetically-engineered, chimeric mouse-human, anti-CD30 monoclonal antibody with potential antineoplastic activity. Brentuximab specifically binds to the receptor CD-30, a member of the tumor necrosis factor receptor super-family, which may be overexpressed on the surfaces of Hodgkin lymphoma cells and anaplastic-large cell lymphoma cells. After binding to CD30, this agent interferes with the G1 phase of the cell cycle, thereby inducing growth arrest and apoptosis in susceptible tumor cell populations.",
    "fdaUniiCode": "C67ORA155P",
    "identifier": "C2007",
    "preferredName": "Brentuximab",
    "semanticType": "Amino Acid, Peptide, or Protein",
    "subclassOf": [
      "C129822",
      "C164002"
    ],
    "synonyms": [
      "Anti-CD30 Monoclonal Antibody",
      "BRENTUXIMAB",
      "Brentuximab",
      "CAC-10",
      "CAC10",
      "Monoclonal Antibody SGN-30",
      "SGN-30",
      "SGN30"
    ]
  }
}