{
  "emaEpar": [],
  "fdaDrugLabel": [
    {
      "brand": "Bromocriptine mesylate",
      "indication": "INDICATIONS AND USAGE Hyperprolactinemia-Associated Dysfunctions Bromocriptine mesylate tablets are indicated for the treatment of dysfunctions associated with hyperprolactinemia including amenorrhea with or without galactorrhea, infertility or hypogonadism . Bromocriptine mesylate tablets treatment is indicated in patients with prolactin-secreting adenomas , which may be the basic underlying endocrinopathy contributing to the above clinical presentations. Reduction in tumor size has been demonstrated in both male and female patients with macroadenomas. In cases where adenectomy is elected, a course of bromocriptine mesylate tablets therapy may be used to reduce the tumor mass prior to surgery. Acromegaly Bromocriptine mesylate tablets therapy is indicated in the treatment of acromegaly. Bromocriptine mesylate tablets therapy, alone or as adjunctive therapy with pituitary irradiation or surgery, reduces serum growth hormone by 50% or more in approximately \u00bd of patients treated, although not usually to normal levels. Since the effects of external pituitary radiation may not become maximal for several years, adjunctive therapy with bromocriptine mesylate tablets offers potential benefit before the effects of irradiation are manifested. Parkinson's Disease Bromocriptine mesylate tablets are indicated in the treatment of the signs and symptoms of idiopathic or postencephalitic Parkinson's disease. As adjunctive treatment to levodopa (alone or with a peripheral decarboxylase inhibitor), bromocriptine mesylate tablets therapy may provide additional therapeutic benefits in those patients who are currently maintained on optimal dosages of levodopa, those who are beginning to deteriorate (develop tolerance) to levodopa therapy, and those who are experiencing \"end of dose failure\" on levodopa therapy. Bromocriptine mesylate tablets therapy may permit a reduction of the maintenance dose of levodopa and, thus may ameliorate the occurrence and/or severity of adverse reactions associated with long-term levodopa therapy such as abnormal involuntary movements (e.g., dyskinesias) and the marked swings in motor function (\"on-off\" phenomenon). Continued efficacy of bromocriptine mesylate tablets therapy during treatment of more than 2 years has not been established. Data are insufficient to evaluate potential benefit from treating newly diagnosed Parkinson's disease with bromocriptine mesylate tablets. Studies have shown, however, significantly more adverse reactions (notably nausea, hallucinations, confusion and hypotension) in bromocriptine mesylate-treated patients than in levodopa/carbidopa-treated patients. Patients unresponsive to levodopa are poor candidates for bromocriptine mesylate tablets therapy.",
      "manufacturer": "Paddock Laboratories, LLC.",
      "splSetId": "0ee2da00-faf8-4c51-a696-9462fa4f6050"
    },
    {
      "brand": "CYCLOSET",
      "indication": "1 INDICATIONS AND USAGE CYCLOSET is indicated as an adjunct to diet and exercise to improve glycemic control in adults with type 2 diabetes mellitus. CYCLOSET is an ergot derivative indicated as an adjunct to diet and exercise to improve glycemic control in adults with type 2 diabetes mellitus. ( 1 ) Limitations of Use: Should not be used to treat type 1 diabetes or diabetic ketoacidosis. ( 1 ) Limited efficacy data in combination with thiazolidinediones. ( 1 ) Efficacy has not been confirmed in combination with insulin. ( 1 ) Limitations of Use CYCLOSET should not be used to treat type 1 diabetes or diabetic ketoacidosis. Limited efficacy data in combination with thiazolidinediones. Efficacy has not been confirmed in combination with insulin.",
      "manufacturer": "Santarus, Inc.",
      "splSetId": "3e719d6a-342e-428b-93d3-377d31cb15c7"
    },
    {
      "brand": "BROMOCRIPTINE MESYLATE",
      "indication": "INDICATIONS AND USAGE Hyperprolactinemia-Associated Dysfunctions Bromocriptine mesylate is indicated for the treatment of dysfunctions associated with hyperprolactinemia including amenorrhea with or without galactorrhea, infertility or hypogonadism. Bromocriptine treatment is indicated in patients with prolactin-secreting adenomas, which may be the basic underlying endocrinopathy contributing to the above clinical presentations. Reduction in tumor size has been demonstrated in both male and female patients with macroadenomas. In cases where adenectomy is elected, a course of bromocriptine therapy may be used to reduce the tumor mass prior to surgery. Acromegaly Bromocriptine therapy is indicated in the treatment of acromegaly. Bromocriptine therapy, alone or as adjunctive therapy with pituitary irradiation or surgery, reduces serum growth hormone by 50% or more in approximately half of patients treated, although not usually to normal levels. Since the effects of external pituitary radiation may not become maximal for several years, adjunctive therapy with bromocriptine offers potential benefit before the effects of irradiation are manifested. Parkinson's Disease Bromocriptine mesylate tablets or capsules are indicated in the treatment of the signs and symptoms of idiopathic or postencephalitic Parkinson's disease. As adjunctive treatment to levodopa (alone or with a peripheral decarboxylase inhibitor), bromocriptine therapy may provide additional therapeutic benefits in those patients who are currently maintained on optimal dosages of levodopa, those who are beginning to deteriorate (develop tolerance) to levodopa therapy, and those who are experiencing \"end of dose failure'' on levodopa therapy. Bromocriptine therapy may permit a reduction of the maintenance dose of levodopa and, thus may ameliorate the occurrence and/or severity of adverse reactions associated with long-term levodopa therapy such as abnormal involuntary movements (e.g., dyskinesias) and the marked swings in motor function (\"on-off'' phenomenon). Continued efficacy of bromocriptine therapy during treatment of more than 2 years has not been established. Data are insufficient to evaluate potential benefit from treating newly diagnosed Parkinson's disease with bromocriptine. Studies have shown, however, significantly more adverse reactions (notably nausea, hallucinations, confusion and hypotension) in bromocriptine-treated patients than in levodopa/carbidopa-treated patients. Patients unresponsive to levodopa are poor candidates for bromocriptine therapy.",
      "manufacturer": "Sun Pharmaceutical Industries, Inc.",
      "splSetId": "44cc1e5f-c509-40e6-ac51-eba6d0440b16"
    },
    {
      "brand": "Bromocriptine Mesylate",
      "indication": "INDICATIONS AND USAGE Hyperprolactinemia-Associated Dysfunctions Bromocriptine mesylate tablets and capsules are indicated for the treatment of dysfunctions associated with hyperprolactinemia including amenorrhea with or without galactorrhea, infertility or hypogonadism . Bromocriptine treatment is indicated in patients with prolactin-secreting adenomas , which may be the basic underlying endocrinopathy contributing to the above clinical presentations. Reduction in tumor size has been demonstrated in both male and female patients with macroadenomas. In cases where adenectomy is elected, a course of bromocriptine therapy may be used to reduce the tumor mass prior to surgery. Acromegaly Bromocriptine mesylate tablet and capsule therapy is indicated in the treatment of acromegaly. Bromocriptine therapy, alone or as adjunctive therapy with pituitary irradiation or surgery, reduces serum growth hormone by 50% or more in approximately \u00bd of patients treated, although not usually to normal levels. Since the effects of external pituitary radiation may not become maximal for several years, adjunctive therapy with bromocriptine offers potential benefit before the effects of irradiation are manifested. Parkinson\u2019s Disease Bromocriptine mesylate tablets or capsules are indicated in the treatment of the signs and symptoms of idiopathic or postencephalitic Parkinson\u2019s disease. As adjunctive treatment to levodopa (alone or with a peripheral decarboxylase inhibitor), bromocriptine therapy may provide additional therapeutic benefits in those patients who are currently maintained on optimal dosages of levodopa, those who are beginning to deteriorate (develop tolerance) to levodopa therapy, and those who are experiencing \u201cend of dose failure\u201d on levodopa therapy. Bromocriptine therapy may permit a reduction of the maintenance dose of levodopa and, thus may ameliorate the occurrence and/or severity of adverse reactions associated with long-term levodopa therapy such as abnormal involuntary movements (e.g., dyskinesias) and the marked swings in motor function (\u201con-off\u201d phenomenon). Continued efficacy of bromocriptine therapy during treatment of more than 2 years has not been established. Data are insufficient to evaluate potential benefit from treating newly diagnosed Parkinson\u2019s disease with bromocriptine. Studies have shown, however, significantly more adverse reactions (notably nausea, hallucinations, confusion and hypotension) in bromocriptine-treated patients than in levodopa/carbidopa-treated patients. Patients unresponsive to levodopa are poor candidates for bromocriptine therapy.",
      "manufacturer": "Mylan Pharmaceuticals Inc.",
      "splSetId": "72d8eefe-c066-41b6-8922-9586f1cf47a1"
    }
  ],
  "id": "Bromocriptine_Mesylate",
  "nciThesaurus": {
    "casRegistry": "22260-51-1",
    "chebiId": "CHEBI:3182",
    "chemicalFormula": "C32H40BrN5O5.CH4O3S",
    "definition": "The mesylate salt of bromocriptine, a semisynthetic ergot alkaloid with dopaminergic, antidyskinetic, and antiprolactinemic activities. Bromocriptine selectively binds to and activates postsynaptic dopamine D2 receptors in the corpus striatum of the central nervous system (CNS). Activation of these D2 receptors activate inhibitory G-proteins, which inhibit adenylyl cyclase, preventing signal transduction mediated via cAMP and resulting in the inhibition of neurotransmission and an antidyskinetic effect. This agent also stimulates dopamine D2 receptors in the anterior pituitary gland, which results in the inhibition of prolactin secretion and lactation and may inhibit the proliferation of prolactin-dependent breast cancer cells.",
    "fdaUniiCode": "FFP983J3OD",
    "identifier": "C317",
    "preferredName": "Bromocriptine Mesylate",
    "semanticType": "Organic Chemical",
    "subclassOf": [
      "C1509",
      "C66884"
    ],
    "synonyms": [
      "2-Bromo-alpha-ergocryptine Mesylate",
      "BROMOCRIPTINE MESYLATE",
      "Bromocriptine Mesylate",
      "Ergotaman-3',6',18-trione, 2-bromo-12'-hydroxy-2'-(1-methylethyl)-5'-(2-methylpropyl)-, monomethanesulfonate (salt), (5'alpha)-",
      "Parlodel"
    ]
  }
}