{
  "emaEpar": [],
  "fdaDrugLabel": [],
  "id": "Brontictuzumab",
  "nciThesaurus": {
    "casRegistry": "1447814-75-6",
    "chebiId": "",
    "chemicalFormula": "",
    "definition": "A humanized monoclonal antibody directed against the Notch-1 receptor with potential antineoplastic activity. Upon administration, brontictuzumab binds to Notch-1 on the cell surface, thereby inhibiting Notch-mediated signaling and tumor cell proliferation. Notch 1, a type 1 transmembrane protein belonging to the Notch family, functions as a receptor for membrane bound ligands and has various roles during development; dysregulated Notch signaling is associated with increased cell growth and chemoresistance in cancers.",
    "fdaUniiCode": "UNY2TQA40E",
    "identifier": "C103274",
    "preferredName": "Brontictuzumab",
    "semanticType": "Amino Acid, Peptide, or Protein",
    "subclassOf": [
      "C129822",
      "C20401"
    ],
    "synonyms": [
      "BRONTICTUZUMAB",
      "Brontictuzumab",
      "Immunoglobulin G2-lambda, Anti-(homo Sapiens Notch1 (Notch 1, Translocation-associated Notch-1, TAN-1,Tan1)), Humanized Monoclonal Antibody",
      "OMP-52M51"
    ]
  }
}