{
  "emaEpar": [],
  "fdaDrugLabel": [],
  "id": "Brostacillin_Hydrochloride",
  "nciThesaurus": {
    "casRegistry": "203258-38-2",
    "chebiId": "",
    "chemicalFormula": "",
    "definition": "The hydrochloride salt form of brostacillin, a synthetic, alpha-bromoacrylic, second-generation minor groove binder (MGB), related to distamycin A, with potential antineoplastic activity. Brostallicin binds to DNA minor groove DNA, after having formed a highly reactive glutathione (GSH)-brostallicin complex in the presence of the enzyme glutathione S-transferase (GST), which is overexpressed in cancer cells; DNA replication and cell division are inhibited, resulting in tumor cell death. Compared to typical MGBs, this agent appears to bind covalently to DNA in a different manner and its activity does not depend on a functional DNA mismatch repair (MMR) mechanism. Accordingly, brostallicin may be effective against MMR-defective tumors that are refractory to various anticancer agents.",
    "fdaUniiCode": "1DKC476797",
    "identifier": "C128040",
    "preferredName": "Brostacillin Hydrochloride",
    "semanticType": "Organic Chemical",
    "subclassOf": [
      "C2115",
      "C446"
    ],
    "synonyms": [
      "4-(2-Bromoacrylamido)-N'''-(2-guanidinoethyl)-1,1',1',1'''-tetramethyl-N,4':N',4':N',4'''-quater(pyrrole-2-carboxamide) Hydrochloride",
      "BROSTALLICIN HYDROCHLORIDE",
      "Brostacillin Hydrochloride",
      "PNU-166196 Hydrochloride",
      "brostallicin hydrochloride"
    ]
  }
}