{
  "emaEpar": [],
  "fdaDrugLabel": [],
  "id": "Bryostatin_1",
  "nciThesaurus": {
    "casRegistry": "83314-01-6",
    "chebiId": "",
    "chemicalFormula": "C47H68O17",
    "definition": "A macrocyclic lactone isolated from the bryozoan Bugula neritina with antineoplastic activity.  Bryostatin 1 binds to and inhibits the cell-signaling enzyme protein kinase C, resulting in the inhibition of tumor cell proliferation, the promotion of tumor cell differentiation, and the induction of tumor cell apoptosis. This agent may act synergistically with other chemotherapeutic agents.",
    "fdaUniiCode": "37O2X55Y9E",
    "identifier": "C1026",
    "preferredName": "Bryostatin 1",
    "semanticType": "Organic Chemical",
    "subclassOf": [],
    "synonyms": [
      "B705008K112",
      "BRYOSTATIN 1",
      "Bryostatin 1",
      "Bryostatin I",
      "bryostatin 1"
    ]
  }
}