{
  "emaEpar": [
    {
      "activeSubstance": "cabozantinib",
      "conditionIndication": "Treatment of adult patients with progressive, unresectable locally advanced or metastatic medullary thyroid carcinoma.",
      "inn": "cabozantinib",
      "marketingAuthorisationDate": "2014-03-21 01:00:00",
      "marketingAuthorisationHolder": "Ipsen Pharma",
      "medicineName": "Cometriq",
      "url": "https://www.ema.europa.eu/en/medicines/human/EPAR/cometriq"
    },
    {
      "activeSubstance": "cabozantinib (s)-malate",
      "conditionIndication": "Renal Cell Carcinoma (RCC)Cabometyx is indicated for the treatment of advanced renal cell carcinoma (RCC):in treatment-na\u00efve adults with intermediate or poor riskin adults following prior vascular endothelial growth factor (VEGF) targeted therapyHepatocellular Carcinoma (HCC)Cabometyx is indicated as monotherapy for the treatment of hepatocellular carcinoma (HCC) in adults who have previously been treated with sorafenib.",
      "inn": "cabozantinib",
      "marketingAuthorisationDate": "2016-09-09 00:00:00",
      "marketingAuthorisationHolder": "Ipsen Pharma",
      "medicineName": "Cabometyx ",
      "url": "https://www.ema.europa.eu/en/medicines/human/EPAR/cabometyx"
    }
  ],
  "fdaDrugLabel": [],
  "id": "Cabozantinib",
  "nciThesaurus": {
    "casRegistry": "849217-68-1",
    "chebiId": "",
    "chemicalFormula": "C28H24FN3O5",
    "definition": "An orally bioavailable, small molecule receptor tyrosine kinase (RTK) inhibitor with potential antineoplastic activity. Cabozantinib strongly binds to and inhibits several RTKs, which are often overexpressed in a variety of cancer cell types, including hepatocyte growth factor receptor (MET), RET (rearranged during transfection), vascular endothelial growth factor receptor types 1 (VEGFR-1), 2 (VEGFR-2), and 3 (VEGFR-3), mast/stem cell growth factor (KIT), FMS-like tyrosine kinase 3 (FLT-3), TIE-2 (TEK tyrosine kinase, endothelial), tropomyosin-related kinase B (TRKB) and AXL. This may result in an inhibition of both tumor growth and angiogenesis, and eventually lead to tumor regression.",
    "fdaUniiCode": "1C39JW444G",
    "identifier": "C52200",
    "preferredName": "Cabozantinib",
    "semanticType": "Pharmacologic Substance",
    "subclassOf": [
      "C143099",
      "C159438",
      "C93259"
    ],
    "synonyms": [
      "1,1-Cyclopropanedicarboxamide, N'-[4-[(6,7-dimethoxy-4-quinolinyl)oxy]phenyl]-N-(4- fluorophenyl)-",
      "CABOZANTINIB",
      "Cabozantinib",
      "N-{4-[(6,7-dimethoxyquinolin-4-yl)oxy]phenyl}-N'-(4-fluorophenyl)cyclopropane-1,1- dicarboxamide"
    ]
  }
}