{
  "emaEpar": [],
  "fdaDrugLabel": [],
  "id": "Canfosfamide_Hydrochloride",
  "nciThesaurus": {
    "casRegistry": "439943-59-6",
    "chebiId": "",
    "chemicalFormula": "C26H40Cl4N5O10PS.HCl",
    "definition": "The hydrochloride salt of a modified glutathione analogue with potential antineoplastic activity. Canfosfamide is selectively activated by glutathione S-transferase P1-1 into an alkylating metabolite that forms covalent linkages with nucleophilic centers in tumor cell DNA, which may induce a cellular stress response and cytotoxicity, and decrease tumor proliferation. S-transferase P1-1 is an enzyme that is overexpressed in many human malignancies.",
    "fdaUniiCode": "1LI341K7NQ",
    "identifier": "C2641",
    "preferredName": "Canfosfamide Hydrochloride",
    "semanticType": "Organic Chemical",
    "subclassOf": [
      "C2129"
    ],
    "synonyms": [
      "CANFOSFAMIDE HYDROCHLORIDE",
      "Canfosfamide Hydrochloride",
      "TLK286",
      "Telcyta",
      "canfosfamide hydrochloride"
    ]
  }
}