{
  "emaEpar": [
    {
      "activeSubstance": "capecitabine",
      "conditionIndication": "Capecitabine Teva is indicated for the adjuvant treatment of patients following surgery of stage III (Dukes\u2019 stage C) colon cancer., , Capecitabine Teva is indicated for the treatment of metastatic colorectal cancer., , Capecitabine Teva is indicated for first\u2011line treatment of advanced gastric cancer in combination with a platinum\u2011based regimen., , Capecitabine Teva in combination with docetaxel is indicated for the treatment of patients with locally advanced or metastatic breast cancer after failure of cytotoxic chemotherapy. Previous therapy should have included an anthracycline. Capecitabine Teva is also indicated as monotherapy for the treatment of patients with locally advanced or metastatic breast cancer after failure of taxanes and an anthracycline containing chemotherapy regimen or for whom further anthracycline therapy is not indicated., ",
      "inn": "capecitabine",
      "marketingAuthorisationDate": "2012-04-20 00:00:00",
      "marketingAuthorisationHolder": "Teva Pharma B.V.",
      "medicineName": "Capecitabine Teva",
      "url": "https://www.ema.europa.eu/en/medicines/human/EPAR/capecitabine-teva"
    },
    {
      "activeSubstance": "capecitabine",
      "conditionIndication": "Capecitabine Medac is indicated for the adjuvant treatment of patients following surgery of stage-III (Dukes\u2019 stage-C) colon cancer.Capecitabine Medac is indicated for the treatment of metastatic colorectal cancer.Capecitabine Medac is indicated for first-line treatment of advanced gastric cancer in combination with a platinum-based regimen.Capecitabine Medac in combination with docetaxel is indicated for the treatment of patients with locally advanced or metastatic breast cancer after failure of cytotoxic chemotherapy. Previous therapy should have included an anthracycline.Capecitabine Medac is also indicated as monotherapy for the treatment of patients with locally advanced or metastatic breast cancer after failure of taxanes and an anthracycline-containing chemotherapy regimen or for whom further anthracycline therapy is not indicated.",
      "inn": "capecitabine",
      "marketingAuthorisationDate": "2012-11-19 01:00:00",
      "marketingAuthorisationHolder": "medac Gesellschaft f\u00fcr klinische Spezialpr\u00e4parate mbH",
      "medicineName": "Capecitabine Medac",
      "url": "https://www.ema.europa.eu/en/medicines/human/EPAR/capecitabine-medac"
    },
    {
      "activeSubstance": "capecitabine",
      "conditionIndication": "Capecitabine Accord is indicated for the adjuvant treatment of patients following surgery of stage-III (Dukes\u2019 stage-C) colon cancer.Capecitabine Accord is indicated for the treatment of metastatic colorectal cancer.Capecitabine Accord is indicated for first-line treatment of advanced gastric cancer in combination with a platinum-based regimen.Capecitabine Accord in combination with docetaxel is indicated for the treatment of patients with locally advanced or metastatic breast cancer after failure of cytotoxic chemotherapy. Previous therapy should have included an anthracycline.Capecitabine Accord is also indicated as monotherapy for the treatment of patients with locally advanced or metastatic breast cancer after failure of taxanes and an anthracycline containing chemotherapy regimen or for whom further anthracycline therapy is not indicated. ",
      "inn": "capecitabine",
      "marketingAuthorisationDate": "2012-04-20 00:00:00",
      "marketingAuthorisationHolder": "Accord Healthcare S.L.U.",
      "medicineName": "Capecitabine Accord",
      "url": "https://www.ema.europa.eu/en/medicines/human/EPAR/capecitabine-accord"
    },
    {
      "activeSubstance": "capecitabine",
      "conditionIndication": "Ecansya is indicated for the adjuvant treatment of patients following surgery of stage-III (Dukes\u2019 stage-C) colon cancer.Ecansya is indicated for the treatment of metastatic colorectal cancer.Ecansya is indicated for first-line treatment of advanced gastric cancer in combination with a platinum-based regimen.Ecansya in combination with docetaxel is indicated for the treatment of patients with locally advanced or metastatic breast cancer after failure of cytotoxic chemotherapy. Previous therapy should have included an anthracycline. Ecansya is also indicated as monotherapy for the treatment of patients with locally advanced or metastatic breast cancer after failure of taxanes and an anthracycline containing chemotherapy regimen or for whom further anthracycline therapy is not indicated.",
      "inn": "capecitabine",
      "marketingAuthorisationDate": "2012-04-20 00:00:00",
      "marketingAuthorisationHolder": "Krka, d.d., Novo mesto",
      "medicineName": "Ecansya (previously Capecitabine Krka)",
      "url": "https://www.ema.europa.eu/en/medicines/human/EPAR/ecansya"
    },
    {
      "activeSubstance": "capecitabine",
      "conditionIndication": "Xeloda is indicated for the adjuvant treatment of patients following surgery of stage III (Dukes' stage C) colon cancer., \tXeloda is indicated for the treatment of metastatic colorectal cancer., \tXeloda is indicated for first-line treatment of advanced gastric cancer in combination with a platinum-based regimen., \tXeloda in combination with docetaxel is indicated for the treatment of patients with locally advanced or metastatic breast cancer after failure of cytotoxic chemotherapy. Previous therapy should have included an anthracycline. Xeloda is also indicated as monotherapy for the treatment of patients with locally advanced or metastatic breast cancer after failure of taxanes and an anthracycline-containing chemotherapy regimen or for whom further anthracycline therapy is not indicated., ",
      "inn": "capecitabine",
      "marketingAuthorisationDate": "2001-02-02 01:00:00",
      "marketingAuthorisationHolder": "Roche Registration GmbH",
      "medicineName": "Xeloda",
      "url": "https://www.ema.europa.eu/en/medicines/human/EPAR/xeloda"
    }
  ],
  "fdaDrugLabel": [
    {
      "brand": "capecitabine",
      "indication": "1 INDICATIONS AND USAGE \u00ad Capecitabine tablet is a nucleoside metabolic inhibitor with antineoplastic activity indicated for: \u2022 Adjuvant Colon Cancer (1.1) \u2013 Patients with Dukes\u2019 C colon cancer \u2022 Metastatic Colorectal Cancer (1.1) \u2013 First-line as monotherapy when treatment with fluoropyrimidine therapy alone is preferred \u2022 Metastatic Breast Cancer (1.2) \u2013 In combination with docetaxel after failure of prior anthracycline-containing therapy \u2013 As monotherapy in patients resistant to both paclitaxel and an anthracycline-containing regimen 1.1 Colorectal Cancer Capecitabine tablets are indicated as a single agent for adjuvant treatment in patients with Dukes\u2019 C colon cancer who have undergone complete resection of the primary tumor when treatment with fluoropyrimidine therapy alone is preferred. Capecitabine was non-inferior to 5-fluorouracil and leucovorin (5-FU/LV) for disease-free survival (DFS). Physicians should consider results of combination chemotherapy trials, which have shown improvement in DFS and OS, when prescribing single-agent capecitabine in the adjuvant treatment of Dukes\u2019 C colon cancer. Capecitabine tablets are indicated as first-line treatment of patients with metastatic colorectal carcinoma when treatment with fluoropyrimidine therapy alone is preferred. Combination chemotherapy has shown a survival benefit compared to 5-FU/LV alone. A survival benefit over 5-FU/LV has not been demonstrated with capecitabine monotherapy. Use of capecitabine instead of 5-FU/LV in combinations has not been adequately studied to assure safety or preservation of the survival advantage. 1.2 Breast Cancer Capecitabine tablets in combination with docetaxel is indicated for the treatment of patients with metastatic breast cancer after failure of prior anthracycline-containing chemotherapy. Capecitabine tablets monotherapy is also indicated for the treatment of patients with metastatic breast cancer resistant to both paclitaxel and an anthracycline-containing chemotherapy regimen or resistant to paclitaxel and for whom further anthracycline therapy is not indicated (e.g., patients who have received cumulative doses of 400 mg/m 2 of doxorubicin or doxorubicin equivalents). Resistance is defined as progressive disease while on treatment, with or without an initial response, or relapse within 6 months of completing treatment with an anthracycline-containing adjuvant regimen.",
      "manufacturer": "Dr. Reddy's Laboratories Limited",
      "splSetId": "007e3432-c8aa-2a76-52ba-c346924c08a7"
    },
    {
      "brand": "Capecitabine",
      "indication": "1 INDICATIONS AND USAGE Capecitabine tablets are a nucleoside metabolic inhibitor with antineoplastic activity indicated for: \u2022 Adjuvant Colon Cancer (1.1) \u2013 Patients with Dukes' C colon cancer \u2022 Metastatic Colorectal Cancer (1.1) \u2013 First-line as monotherapy when treatment with fluoropyrimidine therapy alone is preferred \u2022 Metastatic Breast Cancer (1.2) \u2013 In combination with docetaxel after failure of prior anthracyclinecontaining therapy \u2013 As monotherapy in patients resistant to both paclitaxel and an anthracycline-containing regimen 1.1 Colorectal Cancer Capecitabine tablets are indicated as a single agent for adjuvant treatment in patients with Dukes' C colon cancer who have undergone complete resection of the primary tumor when treatment with fluoropyrimidine therapy alone is preferred. Capecitabine tablets are non-inferior to 5-fluorouracil and leucovorin (5-FU/LV) for disease-free survival (DFS). Physicians should consider results of combination chemotherapy trials, which have shown improvement in DFS and OS, when prescribing single-agent capecitabine tablets in the adjuvant treatment of Dukes' C colon cancer. Capecitabine tablets are indicated as first-line treatment of patients with metastatic colorectal carcinoma when treatment with fluoropyrimidine therapy alone is preferred. Combination chemotherapy has shown a survival benefit compared to 5-FU/LV alone. A survival benefit over 5-FU/LV has not been demonstrated with capecitabine tablets monotherapy. Use of capecitabine tablets instead of 5-FU/LV in combinations has not been adequately studied to assure safety or preservation of the survival advantage. 1.2 Breast Cancer Capecitabine tablets in combination with docetaxel is indicated for the treatment of patients with metastatic breast cancer after failure of prior anthracycline-containing chemotherapy. Capecitabine tablets monotherapy is also indicated for the treatment of patients with metastatic breast cancer resistant to both paclitaxel and an anthracycline-containing chemotherapy regimen or resistant to paclitaxel and for whom further anthracycline therapy is not indicated (e.g., patients who have received cumulative doses of 400 mg/m 2 of doxorubicin or doxorubicin equivalents). Resistance is defined as progressive disease while on treatment, with or without an initial response, or relapse within 6 months of completing treatment with an anthracycline-containing adjuvant regimen.",
      "manufacturer": "Rising Pharmaceuticals, Inc.",
      "splSetId": "01bf8c52-7f60-4fa5-8257-847bc0d910a4"
    },
    {
      "brand": "Capecitabine",
      "indication": "1 INDICATIONS AND USAGE Capecitabine tablets are a nucleoside metabolic inhibitor with antineoplastic activity indicated for: \u2022 Adjuvant Colon Cancer ( 1.1 ) \u2022 Patients with Dukes\u2019 C colon cancer \u2022 Metastatic Colorectal Cancer ( 1.1 ) \u2022 First-line as monotherapy when treatment with fluoropyrimidine therapy alone is preferred \u2022 Metastatic Breast Cancer ( 1.2 ) \u2022 In combination with docetaxel after failure of prior anthracycline-containing therapy \u2022 As monotherapy in patients resistant to both paclitaxel and an anthracycline-containing regimen 1.1 Colorectal Cancer \u2022 Capecitabine tablets are indicated as a single agent for adjuvant treatment in patients with Dukes\u2019 C colon cancer who have undergone complete resection of the primary tumor when treatment with fluoropyrimidine therapy alone is preferred. Capecitabine tablets were non-inferior to 5-fluorouracil and leucovorin (5-FU/LV) for disease-free survival (DFS). Physicians should consider results of combination chemotherapy trials, which have shown improvement in DFS and OS, when prescribing single-agent capecitabine tablets in the adjuvant treatment of Dukes\u2019 C colon cancer. \u2022 Capecitabine tablets are indicated as first-line treatment of patients with metastatic colorectal carcinoma when treatment with fluoropyrimidine therapy alone is preferred. Combination chemotherapy has shown a survival benefit compared to 5-FU/LV alone. A survival benefit over 5-FU/LV has not been demonstrated with capecitabine tablets monotherapy. Use of capecitabine tablets instead of 5-FU/LV in combinations has not been adequately studied to assure safety or preservation of the survival advantage. 1.2 Breast Cancer \u2022 Capecitabine tablets in combination with docetaxel are indicated for the treatment of patients with metastatic breast cancer after failure of prior anthracycline-containing chemotherapy. \u2022 Capecitabine tablets monotherapy is also indicated for the treatment of patients with metastatic breast cancer resistant to both paclitaxel and an anthracycline-containing chemotherapy regimen or resistant to paclitaxel and for whom further anthracycline therapy is not indicated (e.g., patients who have received cumulative doses of 400 mg/m 2 of doxorubicin or doxorubicin equivalents). Resistance is defined as progressive disease while on treatment, with or without an initial response, or relapse within 6 months of completing treatment with an anthracycline-containing adjuvant regimen.",
      "manufacturer": "Mylan Pharmaceuticals Inc.",
      "splSetId": "03dd3301-e9ce-40af-84e1-7b70fc6557b0"
    },
    {
      "brand": "Capecitabine",
      "indication": "1 INDICATIONS & USAGE Capecitabine tablets is a nucleoside metabolic inhibitor with antineoplastic activity indicated for: \u2022 Adjuvant Colon Cancer ( 1.1 ) \u2013 Patients with Dukes\u2019 C colon cancer \u2022 Metastatic Colorectal Cancer ( 1.1 ) \u2013 First-line as monotherapy when treatment with fluoropyrimidine therapy alone is preferred \u2022 Metastatic Breast Cancer ( 1.2 ) In combination with docetaxel after failure of prior anthracycline-containing therapy As monotherapy in patients resistant to both paclitaxel and an anthracycline-containing regimen 1.1 Colorectal Cancer Capecitabine tablets is indicated as a single agent for adjuvant treatment in patients with Dukes' C colon cancer who have undergone complete resection of the primary tumor when treatment with fluoropyrimidine therapy alone is preferred. Capecitabine tablets was non-inferior to 5-fluorouracil and leucovorin (5-FU/LV) for disease-free survival (DFS). Physicians should consider results of combination chemotherapy trials, which have shown improvement in DFS and OS, when prescribing single-agent capecitabine tablets in the adjuvant treatment of Dukes' C colon cancer. Capecitabine tablets is indicated as first-line treatment of patients with metastatic colorectal carcinoma when treatment with fluoropyrimidine therapy alone is preferred. Combination chemotherapy has shown a survival benefit compared to 5-FU/LV alone. A survival benefit over 5-FU/LV has not been demonstrated with capecitabine tablets monotherapy. Use of capecitabine tablets instead of 5-FU/LV in combinations has not been adequately studied to assure safety or preservation of the survival advantage. 1.2 Breast Cancer Capecitabine tablets in combination with docetaxel is indicated for the treatment of patients with metastatic breast cancer after failure of prior anthracycline-containing chemotherapy. Capecitabine tablets monotherapy is also indicated for the treatment of patients with metastatic breast cancer resistant to both paclitaxel and an anthracycline-containing chemotherapy regimen or resistant to paclitaxel and for whom further anthracycline therapy is not indicated (e.g., patients who have received cumulative doses of 400 mg/m 2 of doxorubicin or doxorubicin equivalents). Resistance is defined as progressive disease while on treatment, with or without an initial response, or relapse within 6 months of completing treatment with an anthracycline-containing adjuvant regimen.",
      "manufacturer": "Ascend Laboratories, LLC",
      "splSetId": "06a88b03-6c06-4dae-b3bc-1e8dd81c9067"
    },
    {
      "brand": "Capecitabine",
      "indication": "1 INDICATIONS AND USAGE Capecitabine tablets are a nucleoside metabolic inhibitor with antineoplastic activity indicated for: Adjuvant Colon Cancer ( 1.1 ) Patients with Dukes\u2019 C colon cancer Metastatic Colorectal Cancer ( 1.1 ) First-line as monotherapy when treatment with fluoropyrimidine therapy alone is preferred Metastatic Breast Cancer ( 1.2 ) In combination with docetaxel after failure of prior anthracycline-containing therapy As monotherapy in patients resistant to both paclitaxel and an anthracycline-containing regimen 1.1 Colorectal Cancer Capecitabine tablets are indicated as a single agent for adjuvant treatment in patients with Dukes\u2019 C colon cancer who have undergone complete resection of the primary tumor when treatment with fluoropyrimidine therapy alone is preferred. Capecitabine tablets were non-inferior to 5-fluorouracil and leucovorin (5-FU/LV) for disease-free survival (DFS). Physicians should consider results of combination chemotherapy trials, which have shown improvement in DFS and OS, when prescribing single-agent capecitabine tablets in the adjuvant treatment of Dukes\u2019 C colon cancer. Capecitabine tablets are indicated as first-line treatment of patients with metastatic colorectal carcinoma when treatment with fluoropyrimidine therapy alone is preferred. Combination chemotherapy has shown a survival benefit compared to 5-FU/LV alone. A survival benefit over 5-FU/LV has not been demonstrated with capecitabine tablets monotherapy. Use of capecitabine tablets instead of 5-FU/LV in combinations has not been adequately studied to assure safety or preservation of the survival advantage. 1.2 Breast Cancer Capecitabine tablets in combination with docetaxel are indicated for the treatment of patients with metastatic breast cancer after failure of prior anthracycline-containing chemotherapy. Capecitabine tablets monotherapy is also indicated for the treatment of patients with metastatic breast cancer resistant to both paclitaxel and an anthracycline-containing chemotherapy regimen or resistant to paclitaxel and for whom further anthracycline therapy is not indicated (e.g., patients who have received cumulative doses of 400 mg/m 2 of doxorubicin or doxorubicin equivalents). Resistance is defined as progressive disease while on treatment, with or without an initial response, or relapse within 6 months of completing treatment with an anthracycline-containing adjuvant regimen.",
      "manufacturer": "Mylan Institutional Inc.",
      "splSetId": "16145a4c-a3d0-404b-bd58-3f220a45ef73"
    },
    {
      "brand": "Capecitabine",
      "indication": "1 INDICATIONS AND USAGE Capecitabine is a nucleoside metabolic inhibitor with antineoplastic activity indicated for: \u2022 Adjuvant Colon Cancer ( 1.1 ) - Patients with Dukes\u2019 C colon cancer \u2022 Metastatic Colorectal Cancer ( 1.1 ) - First-line as monotherapy when treatment with fluoropyrimidine therapy alone is preferred \u2022 Metastatic Breast Cancer ( 1.2 ) - In combination with docetaxel after failure of prior anthracycline-containing therapy - As monotherapy in patients resistant to both paclitaxel and an anthracycline-containing regimen 1.1 Colorectal Cancer \u2022 Capecitabine is indicated as a single agent for adjuvant treatment in patients with Dukes' C colon cancer who have undergone complete resection of the primary tumor when treatment with fluoropyrimidine therapy alone is preferred. Capecitabine was non-inferior to 5-fluorouracil and leucovorin (5-FU/LV) for disease-free survival (DFS). Physicians should consider results of combination chemotherapy trials, which have shown improvement in DFS and OS, when prescribing single-agent capecitabine in the adjuvant treatment of Dukes' C colon cancer. \u2022 Capecitabine is indicated as first-line treatment of patients with metastatic colorectal carcinoma when treatment with fluoropyrimidine therapy alone is preferred. Combination chemotherapy has shown a survival benefit compared to 5-FU/LV alone. A survival benefit over 5-FU/LV has not been demonstrated with capecitabine monotherapy. Use of capecitabine instead of 5-FU/LV in combinations has not been adequately studied to assure safety or preservation of the survival advantage. 1.2 Breast Cancer \u2022 Capecitabine in combination with docetaxel is indicated for the treatment of patients with metastatic breast cancer after failure of prior anthracycline-containing chemotherapy. \u2022 Capecitabine monotherapy is also indicated for the treatment of patients with metastatic breast cancer resistant to both paclitaxel and an anthracycline-containing chemotherapy regimen or resistant to paclitaxel and for whom further anthracycline therapy is not indicated (e.g., patients who have received cumulative doses of 400 mg/m 2 of doxorubicin or doxorubicin equivalents). Resistance is defined as progressive disease while on treatment, with or without an initial response, or relapse within 6 months of completing treatment with an anthracycline-containing adjuvant regimen.",
      "manufacturer": "Hikma Pharmaceuticals USA Inc.",
      "splSetId": "17749bb8-dd33-49cc-95c9-45c7fefa6e78"
    },
    {
      "brand": "Capecitabine",
      "indication": "1 INDICATIONS AND USAGE Capecitabine is a nucleoside metabolic inhibitor with antineoplastic activity indicated for: \u2022 Adjuvant Colon Cancer ( 1.1 ) \u2013 Patients with Dukes\u2019 C colon cancer \u2022 Metastatic Colorectal Cancer ( 1.1 ) \u2013 First-line as monotherapy when treatment with fluoropyrimidine therapy alone is preferred \u2022 Metastatic Breast Cancer ( 1.2 ) \u2013 In combination with docetaxel after failure of prior anthracycline- containing therapy - As monotherapy in patients resistant to both paclitaxel and an anthracycline-containing regimen 1.1 Colorectal Cancer Capecitabine tablets USP is indicated as a single agent for adjuvant treatment in patients with Dukes\u2019 C colon cancer who have undergone complete resection of the primary tumor when treatment with fluoropyrimidine therapy alone is preferred. Capecitabine was non-inferior to 5- fluorouracil and leucovorin (5-FU/LV) for disease-free survival (DFS). Physicians should consider results of combination chemotherapy trials, which have shown improvement in DFS and OS, when prescribing single-agent capecitabine in the adjuvant treatment of Dukes\u2019 C colon cancer. Capecitabine tablets USP are indicated as first-line treatment of patients with metastatic colorectal carcinoma when treatment with fluoropyrimidine therapy alone is preferred. Combination chemotherapy has shown a survival benefit compared to 5-FU/LV alone. A survival benefit over 5-FU/LV has not been demonstrated with capecitabine tablets monotherapy. Use of capecitabine tablets USP instead of 5- FU/LV in combinations has not been adequately studied to assure safety or preservation of the survival advantage. 1.2 Breast Cancer Capecitabine tablets USP in combination with docetaxel are indicated for the treatment of patients with metastatic breast cancer after failure of prior anthracycline-containing chemotherapy. Capecitabine tablets monotherapy is also indicated for the treatment of patients with metastatic breast cancer resistant to both paclitaxel and an anthracycline-containing chemotherapy regimen or resistant to paclitaxel and for whom further anthracycline therapy is not indicated (e.g., patients who have received cumulative doses of 400 mg/m 2 of doxorubicin or doxorubicin equivalents). Resistance is defined as progressive disease while on treatment, with or without an initial response, or relapse within 6 months of completing treatment with an anthracycline- containing adjuvant regimen.",
      "manufacturer": "MSN LABORATORIES PRIVATE LIMITED",
      "splSetId": "21f69a72-869c-46bc-be6f-f0f37e966af8"
    },
    {
      "brand": "Capecitabine",
      "indication": "1 INDICATIONS AND USAGE Capecitabine tablets are a nucleoside metabolic inhibitor with antineoplastic activity indicated for: Adjuvant Colon Cancer ( 1.1 ) Patients with Dukes' C colon cancer Metastatic Colorectal Cancer ( 1.1 ) First-line as monotherapy when treatment with fluoropyrimidine therapy alone is preferred Metastatic Breast Cancer ( 1.2 ) In combination with docetaxel after failure of prior anthracycline-containing therapy As monotherapy in patients resistant to both paclitaxel and an anthracycline-containing regimen 1.1 Colorectal Cancer Capecitabine tablets are indicated as a single agent for adjuvant treatment in patients with Dukes' C colon cancer who have undergone complete resection of the primary tumor when treatment with fluoropyrimidine therapy alone is preferred. Capecitabine tablets were non-inferior to 5-fluorouracil and leucovorin (5-FU/LV) for disease-free survival (DFS). Physicians should consider results of combination chemotherapy trials, which have shown improvement in DFS and OS, when prescribing single-agent capecitabine tablets in the adjuvant treatment of Dukes' C colon cancer. Capecitabine tablets are indicated as first-line treatment of patients with metastatic colorectal carcinoma when treatment with fluoropyrimidine therapy alone is preferred. Combination chemotherapy has shown a survival benefit compared to 5-FU/LV alone. A survival benefit over 5-FU/LV has not been demonstrated with capecitabine tablets monotherapy. Use of capecitabine tablets instead of 5-FU/LV in combinations has not been adequately studied to assure safety or preservation of the survival advantage. 1.2 Breast Cancer Capecitabine tablets in combination with docetaxel are indicated for the treatment of patients with metastatic breast cancer after failure of prior anthracycline-containing chemotherapy. Capecitabine tablets monotherapy is also indicated for the treatment of patients with metastatic breast cancer resistant to both paclitaxel and an anthracycline-containing chemotherapy regimen or resistant to paclitaxel and for whom further anthracycline therapy is not indicated (e.g., patients who have received cumulative doses of 400 mg/m 2 of doxorubicin or doxorubicin equivalents). Resistance is defined as progressive disease while on treatment, with or without an initial response, or relapse within 6 months of completing treatment with an anthracycline-containing adjuvant regimen.",
      "manufacturer": "American Health Packaging",
      "splSetId": "2777b481-7d7f-461a-b5e0-c09ce2990c34"
    },
    {
      "brand": "Capecitabine",
      "indication": "1 INDICATIONS AND USAGE Capecitabine is a nucleoside metabolic inhibitor with antineoplastic activity indicated for: \u2022 Adjuvant Colon Cancer ( 1.1 ) \u2013 Patients with Dukes' C colon cancer \u2022 Metastatic Colorectal Cancer ( 1.1 ) \u2013 First-line as monotherapy when treatment with fluoropyrimidine therapy alone is preferred \u2022 Metastatic Breast Cancer ( 1.2 ) \u2013 In combination with docetaxel after failure of prior anthracycline-containing therapy \u2013 As monotherapy in patients resistant to both paclitaxel and an anthracycline-containing regimen 1.1 Colorectal Cancer Capecitabine tablets USP is indicated as a single agent for adjuvant treatment in patients with Dukes' C colon cancer who have undergone complete resection of the primary tumor when treatment with fluoropyrimidine therapy alone is preferred. Capecitabine was non-inferior to 5- fluorouracil and leucovorin (5-FU/LV) for disease-free survival (DFS). Physicians should consider results of combination chemotherapy trials, which have shown improvement in DFS and OS, when prescribing single-agent capecitabine in the adjuvant treatment of Dukes' C colon cancer. Capecitabine tablets USP are indicated as first-line treatment of patients with metastatic colorectal carcinoma when treatment with fluoropyrimidine therapy alone is preferred. Combination chemotherapy has shown a survival benefit compared to 5-FU/LV alone. A survival benefit over 5-FU/LV has not been demonstrated with capecitabine tablets monotherapy. Use of capecitabine tablets USP instead of 5-FU/LV in combinations has not been adequately studied to assure safety or preservation of the survival advantage. 1.2 Breast Cancer Capecitabine tablets USP in combination with docetaxel are indicated for the treatment of patients with metastatic breast cancer after failure of prior anthracycline-containing chemotherapy. Capecitabine tablets monotherapy is also indicated for the treatment of patients with metastatic breast cancer resistant to both paclitaxel and an anthracycline-containing chemotherapy regimen or resistant to paclitaxel and for whom further anthracycline therapy is not indicated (e.g., patients who have received cumulative doses of 400 mg/m2 of doxorubicin or doxorubicin equivalents). Resistance is defined as progressive disease while on treatment, with or without an initial response, or relapse within 6 months of completing treatment with an anthracycline-containing adjuvant regimen.",
      "manufacturer": "Cipla USA Inc.",
      "splSetId": "2871c37d-5e55-437b-a434-fc86d845492a"
    },
    {
      "brand": "Capecitabine",
      "indication": "1 INDICATIONS AND USAGE Capecitabine is a nucleoside metabolic inhibitor with antineoplastic activity indicated for: \u2022 Adjuvant Colon Cancer ( 1.1 ) \u2013 Patients with Dukes\u2019 C colon cancer \u2022 Metastatic Colorectal Cancer ( 1.1 ) \u2013 First-line as monotherapy when treatment with fluoropyrimidine therapy alone is preferred \u2022 Metastatic Breast Cancer ( 1.2 ) \u2013 In combination with docetaxel after failure of prior anthracycline- containing therapy - As monotherapy in patients resistant to both paclitaxel and an anthracycline-containing regimen 1.1 Colorectal Cancer Capecitabine tablets USP is indicated as a single agent for adjuvant treatment in patients with Dukes\u2019 C colon cancer who have undergone complete resection of the primary tumor when treatment with fluoropyrimidine therapy alone is preferred. Capecitabine was non-inferior to 5- fluorouracil and leucovorin (5-FU/LV) for disease-free survival (DFS). Physicians should consider results of combination chemotherapy trials, which have shown improvement in DFS and OS, when prescribing single-agent capecitabine in the adjuvant treatment of Dukes\u2019 C colon cancer. Capecitabine tablets USP are indicated as first-line treatment of patients with metastatic colorectal carcinoma when treatment with fluoropyrimidine therapy alone is preferred. Combination chemotherapy has shown a survival benefit compared to 5-FU/LV alone. A survival benefit over 5-FU/LV has not been demonstrated with capecitabine tablets monotherapy. Use of capecitabine tablets USP instead of 5- FU/LV in combinations has not been adequately studied to assure safety or preservation of the survival advantage. 1.2 Breast Cancer Capecitabine tablets USP in combination with docetaxel are indicated for the treatment of patients with metastatic breast cancer after failure of prior anthracycline-containing chemotherapy. Capecitabine tablets monotherapy is also indicated for the treatment of patients with metastatic breast cancer resistant to both paclitaxel and an anthracycline-containing chemotherapy regimen or resistant to paclitaxel and for whom further anthracycline therapy is not indicated (e.g., patients who have received cumulative doses of 400 mg/m 2 of doxorubicin or doxorubicin equivalents). Resistance is defined as progressive disease while on treatment, with or without an initial response, or relapse within 6 months of completing treatment with an anthracycline- containing adjuvant regimen.",
      "manufacturer": "Novadoz Pharmaceuticals LLC",
      "splSetId": "29885ada-b743-419c-8f15-edd4247c76ca"
    },
    {
      "brand": "Capecitabine",
      "indication": "1 INDICATIONS AND USAGE Capecitabine tablets are a nucleoside metabolic inhibitor with antineoplastic activity indicated for: Adjuvant Colon Cancer (1.1) Patients with Dukes\u2019 C colon cancer Metastatic Colorectal Cancer (1.1) First-line as monotherapy when treatment with fluoropyrimidine therapy alone is preferred Metastatic Breast Cancer (1.2) In combination with docetaxel after failure of prior anthracycline-containing therapy As monotherapy in patients resistant to both paclitaxel and an anthracycline-containing regimen 1.1 Colorectal Cancer Capecitabine tablets are indicated as a single agent for adjuvant treatment in patients with Dukes\u2019 C colon cancer who have undergone complete resection of the primary tumor when treatment with fluoropyrimidine therapy alone is preferred. Capecitabine tablets were non-inferior to 5-fluorouracil and leucovorin (5-FU/LV) for disease-free survival (DFS). Physicians should consider results of combination chemotherapy trials, which have shown improvement in DFS and OS, when prescribing single-agent capecitabine tablets in the adjuvant treatment of Dukes\u2019 C colon cancer. Capecitabine tablets are indicated as first-line treatment of patients with metastatic colorectal carcinoma when treatment with fluoropyrimidine therapy alone is preferred. Combination chemotherapy has shown a survival benefit compared to 5-FU/LV alone. A survival benefit over 5-FU/LV has not been demonstrated with capecitabine tablets monotherapy. Use of capecitabine tablets instead of 5-FU/LV in combinations has not been adequately studied to assure safety or preservation of the survival advantage. 1.2 Breast Cancer Capecitabine tablets in combination with docetaxel are indicated for the treatment of patients with metastatic breast cancer after failure of prior anthracycline-containing chemotherapy. Capecitabine tablets monotherapy is also indicated for the treatment of patients with metastatic breast cancer resistant to both paclitaxel and an anthracycline-containing chemotherapy regimen or resistant to paclitaxel and for whom further anthracycline therapy is not indicated (e.g., patients who have received cumulative doses of 400 mg/m 2 of doxorubicin or doxorubicin equivalents). Resistance is defined as progressive disease while on treatment, with or without an initial response, or relapse within 6 months of completing treatment with an anthracycline-containing adjuvant regimen.",
      "manufacturer": "Amneal Pharmaceuticals LLC",
      "splSetId": "30830d24-1421-4c25-9b6b-c15705aa4357"
    },
    {
      "brand": "Capecitabine",
      "indication": "1 INDICATIONS AND USAGE Capecitabine tablets are a nucleoside metabolic inhibitor with antineoplastic activity indicated for: \u2022 Adjuvant Colon Cancer ( 1.1 ) - Patients with Dukes\u2019 C colon cancer \u2022 Metastatic Colorectal Cancer ( 1.1 ) - First-line as monotherapy when treatment with fluoropyrimidine therapy alone is preferred \u2022 Metastatic Breast Cancer ( 1.2 ) - In combination with docetaxel after failure of prior anthracycline\u00ad-containing therapy - As monotherapy in patients resistant to both paclitaxel and an anthracycline-containing regimen 1.1 Colorectal Cancer Capecitabine tablets are indicated as a single agent for adjuvant treatment in patients with Dukes\u2019 C colon cancer who have undergone complete resection of the primary tumor when treatment with fluoropyrimidine therapy alone is preferred. Capecitabine tablets were non-inferior to 5-\u00adfluorouracil and leucovorin (5-FU/LV) for disease-free survival (DFS). Physicians should consider results of combination chemotherapy trials, which have shown improvement in DFS and OS, when prescribing single-agent capecitabine tablets in the adjuvant treatment of Dukes\u2019 C colon cancer. Capecitabine tablets are indicated as first-line treatment of patients with metastatic colorectal carcinoma when treatment with fluoropyrimidine therapy alone is preferred. Combination chemotherapy has shown a survival benefit compared to 5-FU/LV alone. A survival benefit over 5-FU/LV has not been demonstrated with capecitabine tablets monotherapy. Use of capecitabine tablets instead of 5\u00ad- FU/LV in combinations has not been adequately studied to assure safety or preservation of the survival advantage. 1.2 Breast Cancer Capecitabine tablets in combination with docetaxel is indicated for the treatment of patients with metastatic breast cancer after failure of prior anthracycline-containing chemotherapy. Capecitabine tablets monotherapy is also indicated for the treatment of patients with metastatic breast cancer resistant to both paclitaxel and an anthracycline-containing chemotherapy regimen or resistant to paclitaxel and for whom further anthracycline therapy is not indicated (e.g., patients who have received cumulative doses of 400 mg/m 2 of doxorubicin or doxorubicin equivalents). Resistance is defined as progressive disease while on treatment, with or without an initial response, or relapse within 6 months of completing treatment with an anthracycline\u00ad-containing adjuvant regimen.",
      "manufacturer": "Aurobindo Pharma Limited",
      "splSetId": "56441153-a1e5-4fdc-96d6-f21baa6b5fbe"
    },
    {
      "brand": "Capecitabine 150mg",
      "indication": "1 INDICATIONS AND USAGE Capecitabine tablets are a nucleoside metabolic inhibitor with antineoplastic activity indicated for: \u2022 Adjuvant Colon Cancer ( 1.1 ) \u2013 Patients with Dukes' C colon cancer \u2022 Metastatic Colorectal Cancer ( 1.1 ) \u2013 First-line as monotherapy when treatment with fluoropyrimidine therapy alone is preferred \u2022 Metastatic Breast Cancer ( 1.2 ) \u2013 In combination with docetaxel after failure of prior anthracycline containing therapy \u2013 As monotherapy in patients resistant to both paclitaxel and an anthracycline-containing regimen 1.1 Colorectal Cancer Capecitabine tablets are indicated as a single agent for adjuvant treatment in patients with Dukes' C colon cancer who have undergone complete resection of the primary tumor when treatment with fluoropyrimidine therapy alone is preferred. Capecitabine tablets are non-inferior to 5-fluorouracil and leucovorin (5-FU/LV) for disease-free survival (DFS). Physicians should consider results of combination chemotherapy trials, which have shown improvement in DFS and OS, when prescribing single-agent capecitabine tablets in the adjuvant treatment of Dukes' C colon cancer. Capecitabine tablets are indicated as first-line treatment of patients with metastatic colorectal carcinoma when treatment with fluoropyrimidine therapy alone is preferred. Combination chemotherapy has shown a survival benefit compared to 5-FU/LV alone. A survival benefit over 5-FU/LV has not been demonstrated with capecitabine tablets monotherapy. Use of capecitabine tablets instead of 5-FU/LV in combinations has not been adequately studied to assure safety or preservation of the survival advantage. 1.2 Breast Cancer Capecitabine tablets in combination with docetaxel is indicated for the treatment of patients with metastatic breast cancer after failure of prior anthracycline-containing chemotherapy. Capecitabine tablets monotherapy is also indicated for the treatment of patients with metastatic breast cancer resistant to both paclitaxel and an anthracycline-containing chemotherapy regimen or resistant to paclitaxel and for whom further anthracycline therapy is not indicated (e.g., patients who have received cumulative doses of 400 mg/m 2 of doxorubicin or doxorubicin equivalents). Resistance is defined as progressive disease while on treatment, with or without an initial response, or relapse within 6 months of completing treatment with an anthracycline-containing adjuvant regimen.",
      "manufacturer": "CELLTRION USA, INC.",
      "splSetId": "56ada01c-b033-4108-85e5-ebe5f2bd9ee9"
    },
    {
      "brand": "Capecitabine",
      "indication": "1 INDICATIONS AND USAGE Capecitabine tablets are a nucleoside metabolic inhibitor with antineoplastic activity indicated for: Adjuvant Colon Cancer ( 1.1 ) \u2212 Patients with Dukes' C colon cancer Metastatic Colorectal Cancer ( 1.1 ) \u2212 First-line as monotherapy when treatment with fluoropyrimidine therapy alone is preferred Metastatic Breast Cancer ( 1.2 ) \u2212 In combination with docetaxel after failure of prior anthracycline-containing therapy \u2212 As monotherapy in patients resistant to both paclitaxel and an anthracycline-containing regimen 1.1 Colorectal Cancer Capecitabine tablets are indicated as a single agent for adjuvant treatment in patients with Dukes' C colon cancer who have undergone complete resection of the primary tumor when treatment with fluoropyrimidine therapy alone is preferred. Capecitabine tablets were non-inferior to 5-fluorouracil and leucovorin (5-FU/LV) for disease-free survival (DFS). Physicians should consider results of combination chemotherapy trials, which have shown improvement in DFS and OS, when prescribing single-agent capecitabine tablets in the adjuvant treatment of Dukes' C colon cancer. Capecitabine tablets are indicated as first-line treatment of patients with metastatic colorectal carcinoma when treatment with fluoropyrimidine therapy alone is preferred. Combination chemotherapy has shown a survival benefit compared to 5-FU/LV alone. A survival benefit over 5-FU/LV has not been demonstrated with capecitabine tablets monotherapy. Use of capecitabine tablets instead of 5-FU/LV in combinations has not been adequately studied to assure safety or preservation of the survival advantage. 1.2 Breast Cancer Capecitabine tablets in combination with docetaxel are indicated for the treatment of patients with metastatic breast cancer after failure of prior anthracycline-containing chemotherapy. Capecitabine tablets monotherapy is also indicated for the treatment of patients with metastatic breast cancer resistant to both paclitaxel and an anthracycline-containing chemotherapy regimen or resistant to paclitaxel and for whom further anthracycline therapy is not indicated (e.g., patients who have received cumulative doses of 400 mg/m 2 of doxorubicin or doxorubicin equivalents). Resistance is defined as progressive disease while on treatment, with or without an initial response, or relapse within 6 months of completing treatment with an anthracycline-containing adjuvant regimen.",
      "manufacturer": "Teva Pharmaceuticals USA, Inc.",
      "splSetId": "5753679a-506c-4ac4-b8b2-b27c664d1d40"
    },
    {
      "brand": "Capecitabine",
      "indication": "1 INDICATIONS AND USAGE Capecitabine is a nucleoside metabolic inhibitor with antineoplastic activity indicated for: Adjuvant Colon Cancer ( 1.1 ) \u2013 Patients with Dukes' C colon cancer Metastatic Colorectal Cancer ( 1.1 ) \u2013 First-line as monotherapy when treatment with fluoropyrimidine therapy alone is preferred Metastatic Breast Cancer ( 1.2 ) \u2013 In combination with docetaxel after failure of prior anthracycline-containing therapy \u2013 As monotherapy in patients resistant to both paclitaxel and an anthracycline-containing regimen 1.1 Colorectal Cancer Capecitabine is indicated as a single agent for adjuvant treatment in patients with Dukes\u2019 C colon cancer who have undergone complete resection of the primary tumor when treatment with fluoropyrimidine therapy alone is preferred. Capecitabine was non-inferior to 5-fluorouracil and leucovorin (5-FU/LV) for disease-free survival (DFS). Physicians should consider results of combination chemotherapy trials, which have shown improvement in DFS and OS, when prescribing single-agent capecitabine in the adjuvant treatment of Dukes\u2019 C colon cancer. Capecitabine is indicated as first-line treatment of patients with metastatic colorectal carcinoma when treatment with fluoropyrimidine therapy alone is preferred. Combination chemotherapy has shown a survival benefit compared to 5-FU/LV alone. A survival benefit over 5-FU/LV has not been demonstrated with capecitabine monotherapy. Use of capecitabine instead of 5-FU/LV in combinations has not been adequately studied to assure safety or preservation of the survival advantage. 1.2 Breast Cancer Capecitabine in combination with docetaxel is indicated for the treatment of patients with metastatic breast cancer after failure of prior anthracycline-containing chemotherapy. Capecitabine monotherapy is also indicated for the treatment of patients with metastatic breast cancer resistant to both paclitaxel and an anthracycline-containing chemotherapy regimen or resistant to paclitaxel and for whom further anthracycline therapy is not indicated (e.g., patients who have received cumulative doses of 400 mg/m2 of doxorubicin or doxorubicin equivalents). Resistance is defined as progressive disease while on treatment, with or without an initial response, or relapse within 6 months of completing treatment with an anthracycline-containing adjuvant regimen.",
      "manufacturer": "Lifestar Pharma LLC",
      "splSetId": "643a31d6-0e30-4602-a9b4-355fe944bfea"
    },
    {
      "brand": "Capecitabine",
      "indication": "1 INDICATIONS AND USAGE Capecitabine tablets are a nucleoside metabolic inhibitor with antineoplastic activity indicated for: Adjuvant Colon Cancer (1.1) Patients with Dukes\u2019 C colon cancer Metastatic Colorectal Cancer (1.1) First-line as monotherapy when treatment with fluoropyrimidine therapy alone is preferred Metastatic Breast Cancer (1.2) In combination with docetaxel after failure of prior anthracycline-containing therapy As monotherapy in patients resistant to both paclitaxel and an anthracycline-containing regimen 1.1 Colorectal Cancer Capecitabine tablets are indicated as a single agent for adjuvant treatment in patients with Dukes\u2019 C colon cancer who have undergone complete resection of the primary tumor when treatment with fluoropyrimidine therapy alone is preferred. Capecitabine tablets were non-inferior to 5-fluorouracil and leucovorin (5-FU/LV) for disease-free survival (DFS). Physicians should consider results of combination chemotherapy trials, which have shown improvement in DFS and OS, when prescribing single-agent capecitabine tablets in the adjuvant treatment of Dukes\u2019 C colon cancer. Capecitabine tablets are indicated as first-line treatment of patients with metastatic colorectal carcinoma when treatment with fluoropyrimidine therapy alone is preferred. Combination chemotherapy has shown a survival benefit compared to 5-FU/LV alone. A survival benefit over 5-FU/LV has not been demonstrated with capecitabine tablets monotherapy. Use of capecitabine tablets instead of 5-FU/LV in combinations has not been adequately studied to assure safety or preservation of the survival advantage. 1.2 Breast Cancer Capecitabine tablets in combination with docetaxel are indicated for the treatment of patients with metastatic breast cancer after failure of prior anthracycline-containing chemotherapy. Capecitabine tablets monotherapy is also indicated for the treatment of patients with metastatic breast cancer resistant to both paclitaxel and an anthracycline-containing chemotherapy regimen or resistant to paclitaxel and for whom further anthracycline therapy is not indicated (e.g., patients who have received cumulative doses of 400 mg/m 2 of doxorubicin or doxorubicin equivalents). Resistance is defined as progressive disease while on treatment, with or without an initial response, or relapse within 6 months of completing treatment with an anthracycline-containing adjuvant regimen.",
      "manufacturer": "AvPAK",
      "splSetId": "6738d2ce-3f0a-226d-e053-2a91aa0a3d85"
    },
    {
      "brand": "Capecitabine",
      "indication": "1 INDICATIONS AND USAGE Capecitabine is a nucleoside metabolic inhibitor with antineoplastic activity indicated for: Adjuvant Colon Cancer ( 1.1 ) Patients with Dukes\u2019 C colon cancer Metastatic Colorectal Cancer ( 1.1 ) First-line as monotherapy when treatment with fluoropyrimidine therapy alone is preferred Metastatic Breast Cancer ( 1.2 ) In combination with docetaxel after failure of prior anthracycline-containing therapy As monotherapy in patients resistant to both paclitaxel and an anthracycline-containing regimen 1.1 Colorectal Cancer Capecitabine is indicated as a single agent for adjuvant treatment in patients with Dukes' C colon cancer who have undergone complete resection of the primary tumor when treatment with fluoropyrimidine therapy alone is preferred. Capecitabine was non-inferior to 5-fluorouracil and leucovorin (5-FU/LV) for disease-free survival (DFS). Physicians should consider results of combination chemotherapy trials, which have shown improvement in DFS and OS, when prescribing single-agent capecitabine in the adjuvant treatment of Dukes' C colon cancer. Capecitabine is indicated as first-line treatment of patients with metastatic colorectal carcinoma when treatment with fluoropyrimidine therapy alone is preferred. Combination chemotherapy has shown a survival benefit compared to 5-FU/LV alone. A survival benefit over 5-FU/LV has not been demonstrated with capecitabine monotherapy. Use of capecitabine instead of 5-FU/LV in combinations has not been adequately studied to assure safety or preservation of the survival advantage. 1.2 Breast Cancer Capecitabine in combination with docetaxel is indicated for the treatment of patients with metastatic breast cancer after failure of prior anthracycline-containing chemotherapy. Capecitabine monotherapy is also indicated for the treatment of patients with metastatic breast cancer resistant to both paclitaxel and an anthracycline-containing chemotherapy regimen or resistant to paclitaxel and for whom further anthracycline therapy is not indicated (e.g., patients who have received cumulative doses of 400 mg/m 2 of doxorubicin or doxorubicin equivalents). Resistance is defined as progressive disease while on treatment, with or without an initial response, or relapse within 6 months of completing treatment with an anthracycline-containing adjuvant regimen.",
      "manufacturer": "Golden State Medical Supply",
      "splSetId": "735458c9-29c5-107c-e053-2a91aa0a39e8"
    },
    {
      "brand": "CAPECITABINE",
      "indication": "1 INDICATIONS AND USAGE Capecitabine is a nucleoside metabolic inhibitor with antineoplastic activity indicated for: Adjuvant Colon Cancer ( 1.1 ) Patients with Dukes' C colon cancer Metastatic Colorectal Cancer ( 1.1 ) First-line as monotherapy when treatment with fluoropyrimidine therapy alone is preferred Metastatic Breast Cancer ( 1.2 ) In combination with docetaxel after failure of prior anthracycline-containing therapy As monotherapy in patients resistant to both paclitaxel and an anthracycline-containing regimen 1.1 Colorectal Cancer Capecitabine tablets, USP are indicated as a single agent for adjuvant treatment in patients with Dukes' C colon cancer who have undergone complete resection of the primary tumor when treatment with fluoropyrimidine therapy alone is preferred. Capecitabine was non-inferior to 5-fluorouracil and leucovorin (5-FU/LV) for disease-free survival (DFS). Physicians should consider results of combination chemotherapy trials, which have shown improvement in DFS and OS, when prescribing single-agent capecitabine in the adjuvant treatment of Dukes' C colon cancer. Capecitabine tablets, USP are indicated as first-line treatment of patients with metastatic colorectal carcinoma when treatment with fluoropyrimidine therapy alone is preferred. Combination chemotherapy has shown a survival benefit compared to 5-FU/LV alone. A survival benefit over 5-FU/LV has not been demonstrated with capecitabine monotherapy. Use of capecitabine tablets, USP instead of 5-FU/LV in combinations has not been adequately studied to assure safety or preservation of the survival advantage. 1.2 Breast Cancer Capecitabine tablets, USP in combination with docetaxel are indicated for the treatment of patients with metastatic breast cancer after failure of prior anthracycline-containing chemotherapy. Capecitabine tablets, USP monotherapy is also indicated for the treatment of patients with metastatic breast cancer resistant to both paclitaxel and an anthracycline-containing chemotherapy regimen or resistant to paclitaxel and for whom further anthracycline therapy is not indicated (e.g., patients who have received cumulative doses of 400 mg/m 2 of doxorubicin or doxorubicin equivalents). Resistance is defined as progressive disease while on treatment, with or without an initial response, or relapse within 6 months of completing treatment with an anthracycline-containing adjuvant regimen.",
      "manufacturer": "Northstar RxLLC",
      "splSetId": "7b260da3-dee2-4bbb-9235-39b16720d578"
    },
    {
      "brand": "Capecitabine 150mg",
      "indication": "1 INDICATIONS AND USAGE Capecitabine tablets are a nucleoside metabolic inhibitor with antineoplastic activity indicated for: \u2022 Adjuvant Colon Cancer (1.1) \u2013 Patients with Dukes' C colon cancer \u2022 Metastatic Colorectal Cancer (1.1) \u2013 First-line as monotherapy when treatment with fluoropyrimidine therapy alone is preferred \u2022 Metastatic Breast Cancer (1.2) \u2013 In combination with docetaxel after failure of prior anthracycline containing therapy \u2013 As monotherapy in patients resistant to both paclitaxel and an anthracycline-containing regimen 1.1 Colorectal Cancer Capecitabine tablets are indicated as a single agent for adjuvant treatment in patients with Dukes' C colon cancer who have undergone complete resection of the primary tumor when treatment with fluoropyrimidine therapy alone is preferred. Capecitabine tablets are non-inferior to 5-fluorouracil and leucovorin (5-FU/LV) for disease-free survival (DFS). Physicians should consider results of combination chemotherapy trials, which have shown improvement in DFS and OS, when prescribing single-agent capecitabine tablets in the adjuvant treatment of Dukes' C colon cancer. Capecitabine tablets are indicated as first-line treatment of patients with metastatic colorectal carcinoma when treatment with fluoropyrimidine therapy alone is preferred. Combination chemotherapy has shown a survival benefit compared to 5-FU/LV alone. A survival benefit over 5-FU/LV has not been demonstrated with capecitabine tablets monotherapy. Use of capecitabine tablets instead of 5-FU/LV in combinations has not been adequately studied to assure safety or preservation of the survival advantage. 1.2 Breast Cancer Capecitabine tablets in combination with docetaxel is indicated for the treatment of patients with metastatic breast cancer after failure of prior anthracycline-containing chemotherapy. Capecitabine tablets monotherapy is also indicated for the treatment of patients with metastatic breast cancer resistant to both paclitaxel and an anthracycline-containing chemotherapy regimen or resistant to paclitaxel and for whom further anthracycline therapy is not indicated (e.g., patients who have received cumulative doses of 400 mg/m 2 of doxorubicin or doxorubicin equivalents). Resistance is defined as progressive disease while on treatment, with or without an initial response, or relapse within 6 months of completing treatment with an anthracycline-containing adjuvant regimen.",
      "manufacturer": "Armas Pharmaceuticals Inc.",
      "splSetId": "7f555b6b-60db-45e2-a61e-537e57f43fdc"
    },
    {
      "brand": "CAPECITABINE",
      "indication": "1 INDICATIONS AND USAGE Capecitabine is a nucleoside metabolic inhibitor with antineoplastic activity indicated for: Adjuvant Colon Cancer ( 1.1 ) Patients with Dukes' C colon cancer Metastatic Colorectal Cancer ( 1.1 ) First-line as monotherapy when treatment with fluoropyrimidine therapy alone is preferred Metastatic Breast Cancer ( 1.2 ) In combination with docetaxel after failure of prior anthracycline-containing therapy As monotherapy in patients resistant to both paclitaxel and an anthracycline-containing regimen 1.1 Colorectal Cancer Capecitabine tablets, USP are indicated as a single agent for adjuvant treatment in patients with Dukes' C colon cancer who have undergone complete resection of the primary tumor when treatment with fluoropyrimidine therapy alone is preferred. Capecitabine was non-inferior to 5-fluorouracil and leucovorin (5-FU/LV) for disease-free survival (DFS). Physicians should consider results of combination chemotherapy trials, which have shown improvement in DFS and OS, when prescribing single-agent capecitabine in the adjuvant treatment of Dukes' C colon cancer. Capecitabine tablets, USP are indicated as first-line treatment of patients with metastatic colorectal carcinoma when treatment with fluoropyrimidine therapy alone is preferred. Combination chemotherapy has shown a survival benefit compared to 5-FU/LV alone. A survival benefit over 5-FU/LV has not been demonstrated with capecitabine monotherapy. Use of capecitabine tablets, USP instead of 5-FU/LV in combinations has not been adequately studied to assure safety or preservation of the survival advantage. 1.2 Breast Cancer Capecitabine tablets, USP in combination with docetaxel are indicated for the treatment of patients with metastatic breast cancer after failure of prior anthracycline-containing chemotherapy. Capecitabine tablets, USP monotherapy is also indicated for the treatment of patients with metastatic breast cancer resistant to both paclitaxel and an anthracycline-containing chemotherapy regimen or resistant to paclitaxel and for whom further anthracycline therapy is not indicated (e.g., patients who have received cumulative doses of 400 mg/m 2 of doxorubicin or doxorubicin equivalents). Resistance is defined as progressive disease while on treatment, with or without an initial response, or relapse within 6 months of completing treatment with an anthracycline-containing adjuvant regimen.",
      "manufacturer": "Accord Healthcare Inc.",
      "splSetId": "8345d55e-ad02-4726-a04b-1a46e3337a4b"
    },
    {
      "brand": "Capecitabine",
      "indication": "1 INDICATIONS AND USAGE Capecitabine tablets are a nucleoside metabolic inhibitor with antineoplastic activity indicated for: Adjuvant Colon Cancer (1.1) \u2013 Patients with Dukes\u2019 C colon cancer Metastatic Colorectal Cancer (1.1) \u2013 First-line as monotherapy when treatment with fluoropyrimidine therapy alone is preferred Metastatic Breast Cancer (1.2) \u2013 In combination with docetaxel after failure of prior anthracycline containing therapy \u2013 As monotherapy in patients resistant to both paclitaxel and an anthracycline-containing regimen 1.1 Colorectal Cancer Capecitabine tablets are indicated as a single agent for adjuvant treatment in patients with Dukes\u2019 C colon cancer who have undergone complete resection of the primary tumor when treatment with fluoropyrimidine therapy alone is preferred. Capecitabine tablets are non-inferior to 5-fluorouracil and leucovorin (5-FU/LV) for disease-free survival (DFS). Physicians should consider results of combination chemotherapy trials, which have shown improvement in DFS and OS, when prescribing single-agent capecitabine tablets in the adjuvant treatment of Dukes\u2019 C colon cancer. Capecitabine tablets are indicated as first-line treatment of patients with metastatic colorectal carcinoma when treatment with fluoropyrimidine therapy alone is preferred. Combination chemotherapy has shown a survival benefit compared to 5-FU/LV alone. A survival benefit over 5-FU/LV has not been demonstrated with capecitabine tablets monotherapy. Use of capecitabine tablets instead of 5-FU/LV in combinations has not been adequately studied to assure safety or preservation of the survival advantage. 1.2 Breast Cancer Capecitabine tablets in combination with docetaxel is indicated for the treatment of patients with metastatic breast cancer after failure of prior anthracycline-containing chemotherapy. Capecitabine tablets monotherapy is also indicated for the treatment of patients with metastatic breast cancer resistant to both paclitaxel and an anthracycline-containing chemotherapy regimen or resistant to paclitaxel and for whom further anthracycline therapy is not indicated (e.g., patients who have received cumulative doses of 400 mg/m 2 of doxorubicin or doxorubicin equivalents). Resistance is defined as progressive disease while on treatment, with or without an initial response, or relapse within 6 months of completing treatment with an anthracycline-containing adjuvant regimen.",
      "manufacturer": "Areva Pharmaceuticals",
      "splSetId": "9ec7f840-e746-ded8-e053-2995a90ab3a2"
    },
    {
      "brand": "Xeloda",
      "indication": "1 INDICATIONS AND USAGE XELODA (capecitabine) is a nucleoside metabolic inhibitor with antineoplastic activity indicated for: Adjuvant Colon Cancer ( 1.1 ) \u2013 Patients with Dukes' C colon cancer Metastatic Colorectal Cancer ( 1.1 ) \u2013 First-line as monotherapy when treatment with fluoropyrimidine therapy alone is preferred Metastatic Breast Cancer ( 1.2 ) \u2013 In combination with docetaxel after failure of prior anthracycline-containing therapy \u2013 As monotherapy in patients resistant to both paclitaxel and an anthracycline-containing regimen 1.1 Colorectal Cancer XELODA is indicated as a single agent for adjuvant treatment in patients with Dukes' C colon cancer who have undergone complete resection of the primary tumor when treatment with fluoropyrimidine therapy alone is preferred. XELODA was non-inferior to 5-fluorouracil and leucovorin (5-FU/LV) for disease-free survival (DFS). Physicians should consider results of combination chemotherapy trials, which have shown improvement in DFS and OS, when prescribing single-agent XELODA in the adjuvant treatment of Dukes' C colon cancer. XELODA is indicated as first-line treatment of patients with metastatic colorectal carcinoma when treatment with fluoropyrimidine therapy alone is preferred. Combination chemotherapy has shown a survival benefit compared to 5-FU/LV alone. A survival benefit over 5-FU/LV has not been demonstrated with XELODA monotherapy. Use of XELODA instead of 5-FU/LV in combinations has not been adequately studied to assure safety or preservation of the survival advantage. 1.2 Breast Cancer XELODA in combination with docetaxel is indicated for the treatment of patients with metastatic breast cancer after failure of prior anthracycline-containing chemotherapy. XELODA monotherapy is also indicated for the treatment of patients with metastatic breast cancer resistant to both paclitaxel and an anthracycline-containing chemotherapy regimen or resistant to paclitaxel and for whom further anthracycline therapy is not indicated (e.g., patients who have received cumulative doses of 400 mg/m 2 of doxorubicin or doxorubicin equivalents). Resistance is defined as progressive disease while on treatment, with or without an initial response, or relapse within 6 months of completing treatment with an anthracycline-containing adjuvant regimen.",
      "manufacturer": "Genentech, Inc.",
      "splSetId": "a1de8bba-3b1d-4c9d-ab8a-32d2c05e67c8"
    },
    {
      "brand": "CAPECITABINE",
      "indication": "1 INDICATIONS AND USAGE Capecitabine is a nucleoside metabolic inhibitor with antineoplastic activity indicated for: Adjuvant Colon Cancer ( 1.1 ) Patients with Dukes' C colon cancer Metastatic Colorectal Cancer ( 1.1 ) First-line as monotherapy when treatment with fluoropyrimidine therapy alone is preferred Metastatic Breast Cancer ( 1.2 ) In combination with docetaxel after failure of prior anthracycline-containing therapy As monotherapy in patients resistant to both paclitaxel and an anthracycline-containing regimen 1.1 Colorectal Cancer Capecitabine tablets, USP are indicated as a single agent for adjuvant treatment in patients with Dukes' C colon cancer who have undergone complete resection of the primary tumor when treatment with fluoropyrimidine therapy alone is preferred. Capecitabine was non-inferior to 5-fluorouracil and leucovorin (5-FU/LV) for disease-free survival (DFS). Physicians should consider results of combination chemotherapy trials, which have shown improvement in DFS and OS, when prescribing single-agent capecitabine in the adjuvant treatment of Dukes' C colon cancer. Capecitabine tablets, USP are indicated as first-line treatment of patients with metastatic colorectal carcinoma when treatment with fluoropyrimidine therapy alone is preferred. Combination chemotherapy has shown a survival benefit compared to 5-FU/LV alone. A survival benefit over 5-FU/LV has not been demonstrated with capecitabine monotherapy. Use of capecitabine tablets, USP instead of 5-FU/LV in combinations has not been adequately studied to assure safety or preservation of the survival advantage. 1.2 Breast Cancer Capecitabine tablets, USP in combination with docetaxel are indicated for the treatment of patients with metastatic breast cancer after failure of prior anthracycline-containing chemotherapy. Capecitabine tablets, USP monotherapy is also indicated for the treatment of patients with metastatic breast cancer resistant to both paclitaxel and an anthracycline-containing chemotherapy regimen or resistant to paclitaxel and for whom further anthracycline therapy is not indicated (e.g., patients who have received cumulative doses of 400 mg/m 2 of doxorubicin or doxorubicin equivalents). Resistance is defined as progressive disease while on treatment, with or without an initial response, or relapse within 6 months of completing treatment with an anthracycline-containing adjuvant regimen.",
      "manufacturer": "BluePoint Laboratories",
      "splSetId": "bbb12406-ce02-3f31-e053-2995a90a0b16"
    },
    {
      "brand": "Capecitabine",
      "indication": "1 INDICATIONS AND USAGE Capecitabine is a nucleoside metabolic inhibitor with antineoplastic activity indicated for: Adjuvant Colon Cancer ( 1.1 ) Patients with Dukes\u2019 C colon cancer Metastatic Colorectal Cancer ( 1.1 ) First-line as monotherapy when treatment with fluoropyrimidine therapy alone is preferred Metastatic Breast Cancer ( 1.2 ) In combination with docetaxel after failure of prior anthracycline-containing therapy As monotherapy in patients resistant to both paclitaxel and an anthracycline-containing regimen 1.1 Colorectal Cancer Capecitabine tablets are indicated as a single agent for adjuvant treatment in patients with Dukes\u2019 C colon cancer who have undergone complete resection of the primary tumor when treatment with fluoropyrimidine therapy alone is preferred. Capecitabine tablets were non-inferior to 5-fluorouracil and leucovorin (5-FU/LV) for disease-free survival (DFS). Physicians should consider results of combination chemotherapy trials, which have shown improvement in DFS and OS, when prescribing single-agent capecitabine tablets in the adjuvant treatment of Dukes\u2019 C colon cancer. Capecitabine tablets are indicated as first-line treatment of patients with metastatic colorectal carcinoma when treatment with fluoropyrimidine therapy alone is preferred. Combination chemotherapy has shown a survival benefit compared to 5-FU/LV alone. A survival benefit over 5-FU/LV has not been demonstrated with capecitabine tablets monotherapy. Use of capecitabine tablets instead of 5-FU/LV in combinations has not been adequately studied to assure safety or preservation of the survival advantage. 1.2 Breast Cancer Capecitabine tablets in combination with docetaxel is indicated for the treatment of patients with metastatic breast cancer after failure of prior anthracycline-containing chemotherapy. Capecitabine tablets monotherapy is also indicated for the treatment of patients with metastatic breast cancer resistant to both paclitaxel and an anthracycline-containing chemotherapy regimen or resistant to paclitaxel and for whom further anthracycline therapy is not indicated (e.g., patients who have received cumulative doses of 400 mg/m 2 of doxorubicin or doxorubicin equivalents). Resistance is defined as progressive disease while on treatment, with or without an initial response, or relapse within 6 months of completing treatment with an anthracycline-containing adjuvant regimen.",
      "manufacturer": "Sun Pharmaceutical Industries, Inc.",
      "splSetId": "e3b1a2b5-f1ce-45ea-afd8-68aac53665fa"
    },
    {
      "brand": "Capecitabine 500mg",
      "indication": "1 INDICATIONS AND USAGE Capecitabine tablets are a nucleoside metabolic inhibitor with antineoplastic activity indicated for: \u2022 Adjuvant Colon Cancer (1.1) \u2013 Patients with Dukes' C colon cancer \u2022 Metastatic Colorectal Cancer (1.1) \u2013 First-line as monotherapy when treatment with fluoropyrimidine therapy alone is preferred \u2022 Metastatic Breast Cancer (1.2) \u2013 In combination with docetaxel after failure of prior anthracycline containing therapy \u2013 As monotherapy in patients resistant to both paclitaxel and an anthracycline-containing regimen 1.1 Colorectal Cancer Capecitabine tablets are indicated as a single agent for adjuvant treatment in patients with Dukes' C colon cancer who have undergone complete resection of the primary tumor when treatment with fluoropyrimidine therapy alone is preferred. Capecitabine tablets are non-inferior to 5-fluorouracil and leucovorin (5-FU/LV) for disease-free survival (DFS). Physicians should consider results of combination chemotherapy trials, which have shown improvement in DFS and OS, when prescribing single-agent capecitabine tablets in the adjuvant treatment of Dukes' C colon cancer. Capecitabine tablets are indicated as first-line treatment of patients with metastatic colorectal carcinoma when treatment with fluoropyrimidine therapy alone is preferred. Combination chemotherapy has shown a survival benefit compared to 5-FU/LV alone. A survival benefit over 5-FU/LV has not been demonstrated with capecitabine tablets monotherapy. Use of capecitabine tablets instead of 5-FU/LV in combinations has not been adequately studied to assure safety or preservation of the survival advantage. 1.2 Breast Cancer Capecitabine tablets in combination with docetaxel is indicated for the treatment of patients with metastatic breast cancer after failure of prior anthracycline-containing chemotherapy. Capecitabine tablets monotherapy is also indicated for the treatment of patients with metastatic breast cancer resistant to both paclitaxel and an anthracycline-containing chemotherapy regimen or resistant to paclitaxel and for whom further anthracycline therapy is not indicated (e.g., patients who have received cumulative doses of 400 mg/m 2 of doxorubicin or doxorubicin equivalents). Resistance is defined as progressive disease while on treatment, with or without an initial response, or relapse within 6 months of completing treatment with an anthracycline-containing adjuvant regimen.",
      "manufacturer": "Armas Pharmaceuticals Inc.",
      "splSetId": "f050d16c-ab76-489d-b92c-8c155b4e3f7c"
    }
  ],
  "id": "Capecitabine",
  "nciThesaurus": {
    "casRegistry": "154361-50-9",
    "chebiId": "CHEBI:31348",
    "chemicalFormula": "C15H22FN3O6",
    "definition": "A fluoropyrimidine carbamate belonging to the class of antineoplastic agents called antimetabolites.  As a prodrug, capecitabine is selectively activated by tumor cells to its cytotoxic moiety, 5-fluorouracil (5-FU); subsequently, 5-FU is metabolized to two active metabolites, 5-fluoro-2-deoxyuridine monophosphate (FdUMP) and 5-fluorouridine triphosphate (FUTP) by both tumor cells and normal cells.  FdUMP inhibits DNA synthesis and cell division by reducing normal thymidine production, while FUTP inhibits RNA and protein synthesis by competing with uridine triphosphate for incorporation into the RNA strand.",
    "fdaUniiCode": "6804DJ8Z9U",
    "identifier": "C1794",
    "preferredName": "Capecitabine",
    "semanticType": "Nucleic Acid, Nucleoside, or Nucleotide",
    "subclassOf": [
      "C1557"
    ],
    "synonyms": [
      "5'-Deoxy-5-fluoro-N-[(pentyloxy)carbonyl]-cytidine",
      "CAPECITABINE",
      "Capecitabine",
      "Ro 09-1978/000",
      "Xeloda",
      "capecitabine"
    ]
  }
}