{
  "emaEpar": [],
  "fdaDrugLabel": [
    {
      "brand": "captopril",
      "indication": "Hypertension Captopril tablets are indicated for the treatment of hypertension. In using captopril tablets, consideration should be given to the risk of neutropenia/agranulocytosis (see WARNINGS). Captopril tablets may be used as initial therapy for patients with normal renal function, in whom the risk is relatively low. In patients with impaired renal function, particularly those with collagen vascular disease, captopril should be reserved for hypertensives who have either developed unacceptable side effects on other drugs, or have failed to respond satisfactorily to drug combinations. Captopril tablets are effective alone and in combination with other antihypertensive agents, especially thiazide- type diuretics. The blood pressure lowering effects of captopril and thiazides are approximately additive. Heart Failure Captopril tablets are indicated in the treatment of congestive heart failure usually in combination with diuretics and digitalis. The beneficial effect of captopril in heart failure does not require the presence of digitalis, however, most controlled clinical trial experience with captopril has been in patients receiving digitalis, as well as diuretic treatment. Left Ventricular Dysfunction After Myocardial Infarction Captopril tablets are indicated to improve survival following myocardial infarction in clinically stable patients with left ventricular dysfunction manifested as an ejection fraction \uf0a3 40% and to reduce the incidence of overt heart failure and subsequent hospitalizations for congestive heart failure in these patients. Diabetic Nephropathy Captopril tablets are indicated for the treatment of diabetic nephropathy (proteinuria > 500 mg/day) in patients with type I insulin-dependent diabetes mellitus and retinopathy. Captopril tablets decrease the rate of progression of renal insufficiency and development of serious adverse clinical outcomes (death or need for renal transplantation or dialysis). In considering use of captopril tablets, it should be noted that in controlled trials ACE inhibitors have an effect on blood pressure that is less in black patients than in non-blacks. In addition, ACE inhibitors (for which adequate data are available) cause a higher rate of angioedema in black than in non-black patients (see WARNINGS: Head and Neck Angioedema and Intestinal Angioedema).",
      "manufacturer": "AMICI PHARMACEUTICALS LLC",
      "splSetId": "1395ba5b-2fc9-41ff-9c43-e0740d781dee"
    },
    {
      "brand": "Captopril",
      "indication": "INDICATIONS AND USAGE Hypertension: Captopril tablets, USP, are indicated for the treatment of hypertension. In using captopril tablets, USP, consideration should be given to the risk of neutropenia/agranulocytosis (see WARNINGS ). Captopril tablets, USP may be used as initial therapy for patients with normal renal function, in whom the risk is relatively low. In patients with impaired renal function, particularly those with collagen vascular disease, captopril should be reserved for hypertensives who have either developed unacceptable side effects on other drugs, or have failed to respond satisfactorily to drug combinations. Captopril tablets, USP are effective alone and in combination with other antihypertensive agents, especially thiazidetype diuretics. The blood pressure lowering effects of captopril and thiazides are approximately additive. Heart Failure: Captopril tablets, USP are indicated in the treatment of congestive heart failure usually in combination with diuretics and digitalis. The beneficial effect of captopril in heart failure does not require the presence of digitalis, however, most controlled clinical trial experience with captopril has been in patients receiving digitalis, as well as diuretic treatment. Left Ventricular Dysfunction After Myocardial Infarction: Captopril tablets, USP are indicated to improve survival following myocardial infarction in clinically stable patients with left ventricular dysfunction manifested as an ejection fraction \u2264 40% and to reduce the incidence of overt heart failure and subsequent hospitalizations for congestive heart failure in these patients. Diabetic Nephropathy: Captopril tablets, USP are indicated for the treatment of diabetic nephropathy (proteinuria > 500 mg/day) in patients with type I insulin-dependent diabetes mellitus and retinopathy. Captopril tablets, USP decreases the rate of progression of renal insufficiency and development of serious adverse clinical outcomes (death or need for renal transplantation or dialysis). In considering use of captopril tablets, USP, it should be noted that in controlled trials ACE inhibitors have an effect on blood pressure that is less in black patients than in non-blacks. In addition, ACE inhibitors (for which adequate data are available) cause a higher rate of angioedema in black than in non-black patients (see WARNINGS : Head and Neck Angioedema and Intestinal Angioedema ).",
      "manufacturer": "Ajanta Pharma Limited",
      "splSetId": "1fbc9b28-ff10-4b17-a359-e12b4330747e"
    },
    {
      "brand": "CAPTOPRIL",
      "indication": "INDICATIONS AND USAGE Hypertension: Captopril tablets, USP are indicated for the treatment of hypertension. In using captopril, consideration should be given to the risk of neutropenia/agranulocytosis (see WARNINGS ). Captopril may be used as initial therapy for patients with normal renal function, in whom the risk is relatively low. In patients with impaired renal function, particularly those with collagen vascular disease, captopril should be reserved for hypertensives who have either developed unacceptable side effects on other drugs, or have failed to respond satisfactorily to drug combinations. Captopril is effective alone and in combination with other antihypertensive agents, especially thiazide-type diuretics. The blood pressure lowering effects of captopril and thiazides are approximately additive. Heart Failure: Captopril tablets are indicated in the treatment of congestive heart failure usually in combination with diuretics and digitalis. The beneficial effect of captopril in heart failure does not require the presence of digitalis, however, most controlled clinical trial experience with captopril has been in patients receiving digitalis, as well as diuretic treatment. Left Ventricular Dysfunction After Myocardial Infarction: Captopril tablets are indicated to improve survival following myocardial infarction in clinically stable patients with left ventricular dysfunction manifested as an ejection fraction \u226440% and to reduce the incidence of overt heart failure and subsequent hospitalizations for congestive heart failure in these patients. Diabetic Nephropathy: Captopril tablets are indicated for the treatment of diabetic nephropathy (proteinuria > 500 mg/day) in patients with type I insulin-dependent diabetes mellitus and retinopathy. Captopril tablets decreases the rate of progression of renal insufficiency and development of serious adverse clinical outcomes (death or need for renal transplantation or dialysis). In considering use of captopril tablets, it should be noted that in controlled trials ACE inhibitors have an effect on blood pressure that is less in black patients than in non-blacks. In addition, ACE inhibitors (for which adequate data are available) cause a higher rate of angioedema in black than in non-black patients (see WARNINGS: Head and Neck Angioedema and Intestinal Angioedema ).",
      "manufacturer": "Windlas Healthcare (P) Ltd.",
      "splSetId": "2f87bcd5-6fc8-4084-9644-519fa5ee8a6b"
    },
    {
      "brand": "Captopril",
      "indication": "INDICATIONS AND USAGE Hypertension Captopril tablets, USP are indicated for the treatment of hypertension. In using captopril tablets, consideration should be given to the risk of neutropenia/agranulocytosis (see WARNINGS ). Captopril tablets may be used as initial therapy for patients with normal renal function, in whom the risk is relatively low. In patients with impaired renal function, particularly those with collagen vascular disease, captopril should be reserved for hypertensives who have either developed unacceptable side effects on other drugs, or have failed to respond satisfactorily to drug combinations. Captopril tablets are effective alone and in combination with other antihypertensive agents, especially thiazide-type diuretics. The blood pressure lowering effects of captopril and thiazides are approximately additive. Heart Failure Captopril tablets are indicated in the treatment of congestive heart failure usually in combination with diuretics and digitalis. The beneficial effect of captopril in heart failure does not require the presence of digitalis, however, most controlled clinical trial experience with captopril has been in patients receiving digitalis, as well as diuretic treatment. Left Ventricular Dysfunction After Myocardial Infarction Captopril tablets are indicated to improve survival following myocardial infarction in clinically stable patients with left ventricular dysfunction manifested as an ejection fraction \u2264 40% and to reduce the incidence of overt heart failure and subsequent hospitalizations for congestive heart failure in these patients. Diabetic Nephropathy Captopril tablets are indicated for the treatment of diabetic nephropathy (proteinuria > 500 mg/day) in patients with type I insulin-dependent diabetes mellitus and retinopathy. Captopril tablets decrease the rate of progression of renal insufficiency and development of serious adverse clinical outcomes (death or need for renal transplantation or dialysis). In considering use of captopril tablets, it should be noted that in controlled trials ACE inhibitors have an effect on blood pressure that is less in black patients than in non-blacks. In addition, ACE inhibitors (for which adequate data are available) cause a higher rate of angioedema in black than in non-black patients (see WARNINGS: Head and Neck Angioedema and Intestinal Angioedema ).",
      "manufacturer": "Mylan Institutional Inc.",
      "splSetId": "364ea93e-6bdb-4736-a5a3-1cfc9ffef1d5"
    },
    {
      "brand": "CAPTOPRIL",
      "indication": "INDICATIONS AND USAGE Hypertension: Captopril tablets, USP are indicated for the treatment of hypertension. In using captopril, consideration should be given to the risk of neutropenia/agranulocytosis (see WARNINGS ). Captopril may be used as initial therapy for patients with normal renal function, in whom the risk is relatively low. In patients with impaired renal function, particularly those with collagen vascular disease, captopril should be reserved for hypertensives who have either developed unacceptable side effects on other drugs, or have failed to respond satisfactorily to drug combinations. Captopril is effective alone and in combination with other antihypertensive agents, especially thiazide-type diuretics. The blood pressure lowering effects of captopril and thiazides are approximately additive. Heart Failure: Captopril tablets are indicated in the treatment of congestive heart failure usually in combination with diuretics and digitalis. The beneficial effect of captopril in heart failure does not require the presence of digitalis, however, most controlled clinical trial experience with captopril has been in patients receiving digitalis, as well as diuretic treatment. Left Ventricular Dysfunction After Myocardial Infarction: Captopril tablets are indicated to improve survival following myocardial infarction in clinically stable patients with left ventricular dysfunction manifested as an ejection fraction \u226440% and to reduce the incidence of overt heart failure and subsequent hospitalizations for congestive heart failure in these patients. Diabetic Nephropathy: Captopril tablets are indicated for the treatment of diabetic nephropathy (proteinuria > 500 mg/day) in patients with type I insulin-dependent diabetes mellitus and retinopathy. Captopril tablets decreases the rate of progression of renal insufficiency and development of serious adverse clinical outcomes (death or need for renal transplantation or dialysis). In considering use of captopril tablets, it should be noted that in controlled trials ACE inhibitors have an effect on blood pressure that is less in black patients than in non-blacks. In addition, ACE inhibitors (for which adequate data are available) cause a higher rate of angioedema in black than in non-black patients (see WARNINGS: Head and Neck Angioedema and Intestinal Angioedema ).",
      "manufacturer": "Wockhardt USA LLC.",
      "splSetId": "4a3e016f-8c88-4041-9a56-0090b0cd170a"
    },
    {
      "brand": "Captopril",
      "indication": "INDICATIONS AND USAGE Hypertension Captopril tablets are indicated for the treatment of hypertension. In using captopril tablets, consideration should be given to the risk of neutropenia/agranulocytosis (see WARNINGS ). Captopril tablets may be used as initial therapy for patients with normal renal function, in whom the risk is relatively low. In patients with impaired renal function, particularly those with collagen vascular disease, captopril should be reserved for hypertensives who have either developed unacceptable side effects on other drugs, or have failed to respond satisfactorily to drug combinations. Captopril tablets are effective alone and in combination with other antihypertensive agents, especially thiazide-type diuretics. The blood pressure lowering effects of captopril and thiazides are approximately additive. Heart Failure Captopril tablets are indicated in the treatment of congestive heart failure usually in combination with diuretics and digitalis. The beneficial effect of captopril in heart failure does not require the presence of digitalis, however, most controlled clinical trial experience with captopril has been in patients receiving digitalis, as well as diuretic treatment. Left Ventricular Dysfunction After Myocardial Infarction Captopril tablets are indicated to improve survival following myocardial infarction in clinically stable patients with left ventricular dysfunction manifested as an ejection fraction \u2264 40% and to reduce the incidence of overt heart failure and subsequent hospitalizations for congestive heart failure in these patients. Diabetic Nephropathy Captopril tablets are indicated for the treatment of diabetic nephropathy (proteinuria > 500 mg/day) in patients with type I insulin-dependent diabetes mellitus and retinopathy. Captopril tablets decrease the rate of progression of renal insufficiency and development of serious adverse clinical outcomes (death or need for renal transplantation or dialysis). In considering use of captopril tablets, it should be noted that in controlled trials ACE inhibitors have an effect on blood pressure that is less in black patients than in non-blacks. In addition, ACE inhibitors (for which adequate data are available) cause a higher rate of angioedema in black than in non-black patients (see WARNINGS: Head and Neck Angioedema and Intestinal Angioedema ).",
      "manufacturer": "Mylan Pharmaceuticals Inc.",
      "splSetId": "5599d8f8-efc8-4acc-a507-280b89fd1dda"
    },
    {
      "brand": "Captopril",
      "indication": "INDICATIONS AND USAGE Hypertension: Captopril Tablets, USP are indicated for the treatment of hypertension. In using Captopril Tablets, consideration should be given to the risk of neutropenia/agranulocytosis (see WARNINGS ). Captopril Tablets may be used as initial therapy for patients with normal renal function, in whom the risk is relatively low. In patients with impaired renal function, particularly those with collagen vascular disease, captopril should be reserved for hypertensives who have either developed unacceptable side effects on other drugs, or have failed to respond satisfactorily to drug combinations. Captopril Tablets are effective alone and in combination with other antihypertensive agents, especially thiazide-type diuretics. The blood pressure lowering effects of captopril and thiazides are approximately additive. Heart Failure: Captopril Tablets, are indicated in the treatment of congestive heart failure usually in combination with diuretics and digitalis. The beneficial effect of captopril in heart failure does not require the presence of digitalis, however, most controlled clinical trial experience with captopril has been in patients receiving digitalis, as well as diuretic treatment. Left Ventricular Dysfunction After Myocardial Infarction: Captopril Tablets, are indicated to improve survival following myocardial infarction in clinically stable patients with left ventricular dysfunction manifested as an ejection fraction \u2264 40% and to reduce the incidence of overt heart failure and subsequent hospitalizations for congestive heart failure in these patients. Diabetic Nephropathy: Captopril Tablets, are indicated for the treatment of diabetic nephropathy (proteinuria > 500 mg/day) in patients with type I insulin-dependent diabetes mellitus and retinopathy. Captopril Tablets, USP decreases the rate of progression of renal insufficiency and development of serious adverse clinical outcomes (death or need for renal transplantation or dialysis). In considering use of Captopril Tablets, it should be noted that in controlled trials ACE inhibitors have an effect on blood pressure that is less in black patients than in non-blacks. In addition, ACE inhibitors (for which adequate data are available) cause a higher rate of angioedema in black than in non-black patients (see WARNINGS: Head and Neck Angioedema and Intestinal Angioedema ).",
      "manufacturer": "Hikma Pharmaceuticals USA Inc.",
      "splSetId": "607687f4-63cf-411c-a20b-21d238a6b7a7"
    },
    {
      "brand": "Captopril",
      "indication": "INDICATIONS AND USAGE Hypertension: Captopril Tablets, USP are indicated for the treatment of hypertension. In using Captopril Tablets, consideration should be given to the risk of neutropenia/agranulocytosis (see WARNINGS ). Captopril Tablets may be used as initial therapy for patients with normal renal function, in whom the risk is relatively low. In patients with impaired renal function, particularly those with collagen vascular disease, captopril should be reserved for hypertensives who have either developed unacceptable side effects on other drugs, or have failed to respond satisfactorily to drug combinations. Captopril Tablets are effective alone and in combination with other antihypertensive agents, especially thiazide-type diuretics. The blood pressure lowering effects of captopril and thiazides are approximately additive. Heart Failure: Captopril Tablets, are indicated in the treatment of congestive heart failure usually in combination with diuretics and digitalis. The beneficial effect of captopril in heart failure does not require the presence of digitalis, however, most controlled clinical trial experience with captopril has been in patients receiving digitalis, as well as diuretic treatment. Left Ventricular Dysfunction After Myocardial Infarction: Captopril Tablets, are indicated to improve survival following myocardial infarction in clinically stable patients with left ventricular dysfunction manifested as an ejection fraction \u2264 40% and to reduce the incidence of overt heart failure and subsequent hospitalizations for congestive heart failure in these patients. Diabetic Nephropathy: Captopril Tablets, are indicated for the treatment of diabetic nephropathy (proteinuria > 500 mg/day) in patients with type I insulin-dependent diabetes mellitus and retinopathy. Captopril Tablets, USP decreases the rate of progression of renal insufficiency and development of serious adverse clinical outcomes (death or need for renal transplantation or dialysis). In considering use of Captopril Tablets, it should be noted that in controlled trials ACE inhibitors have an effect on blood pressure that is less in black patients than in non-blacks. In addition, ACE inhibitors (for which adequate data are available) cause a higher rate of angioedema in black than in non-black patients (see WARNINGS: Head and Neck Angioedema and Intestinal Angioedema ).",
      "manufacturer": "PD-Rx Pharmaceuticals, Inc.",
      "splSetId": "65ed6e70-f1ee-437e-965c-d1b1fdadd832"
    },
    {
      "brand": "Captopril",
      "indication": "INDICATIONS AND USAGE Hypertension Captopril tablets, USP are indicated for the treatment of hypertension. In using captopril tablets, consideration should be given to the risk of neutropenia/agranulocytosis (see WARNINGS ). Captopril tablets may be used as initial therapy for patients with normal renal function, in whom the risk is relatively low. In patients with impaired renal function, particularly those with collagen vascular disease, captopril should be reserved for hypertensives who have either developed unacceptable side effects on other drugs, or have failed to respond satisfactorily to drug combinations. Captopril tablets are effective alone and in combination with other antihypertensive agents, especially thiazide-type diuretics. The blood pressure lowering effects of captopril and thiazides are approximately additive. Heart Failure Captopril tablets are indicated in the treatment of congestive heart failure usually in combination with diuretics and digitalis. The beneficial effect of captopril in heart failure does not require the presence of digitalis, however, most controlled clinical trial experience with captopril has been in patients receiving digitalis, as well as diuretic treatment. Left Ventricular Dysfunction After Myocardial Infarction Captopril tablets are indicated to improve survival following myocardial infarction in clinically stable patients with left ventricular dysfunction manifested as an ejection fraction \u2264 40% and to reduce the incidence of overt heart failure and subsequent hospitalizations for congestive heart failure in these patients. Diabetic Nephropathy Captopril tablets are indicated for the treatment of diabetic nephropathy (proteinuria > 500 mg/day) in patients with type I insulin-dependent diabetes mellitus and retinopathy. Captopril tablets decrease the rate of progression of renal insufficiency and development of serious adverse clinical outcomes (death or need for renal transplantation or dialysis). In considering use of captopril tablets, it should be noted that in controlled trials ACE inhibitors have an effect on blood pressure that is less in black patients than in non-blacks. In addition, ACE inhibitors (for which adequate data are available) cause a higher rate of angioedema in black than in non-black patients (see WARNINGS: Head and Neck Angioedema and Intestinal Angioedema ).",
      "manufacturer": "A-S Medication Solutions",
      "splSetId": "6c16b805-ba1e-4da8-861c-081e843fdd1c"
    },
    {
      "brand": "Captopril",
      "indication": "INDICATIONS AND USAGE Hypertension Captopril tablets, USP are indicated for the treatment of hypertension. In using captopril tablets, consideration should be given to the risk of neutropenia/agranulocytosis (see WARNINGS ). Captopril tablets may be used as initial therapy for patients with normal renal function, in whom the risk is relatively low. In patients with impaired renal function, particularly those with collagen vascular disease, captopril should be reserved for hypertensives who have either developed unacceptable side effects on other drugs, or have failed to respond satisfactorily to drug combinations. Captopril tablets are effective alone and in combination with other antihypertensive agents, especially thiazide-type diuretics. The blood pressure lowering effects of captopril and thiazides are approximately additive. Heart Failure Captopril tablets are indicated in the treatment of congestive heart failure usually in combination with diuretics and digitalis. The beneficial effect of captopril in heart failure does not require the presence of digitalis, however, most controlled clinical trial experience with captopril has been in patients receiving digitalis, as well as diuretic treatment. Left Ventricular Dysfunction After Myocardial Infarction Captopril tablets are indicated to improve survival following myocardial infarction in clinically stable patients with left ventricular dysfunction manifested as an ejection fraction \u2264 40% and to reduce the incidence of overt heart failure and subsequent hospitalizations for congestive heart failure in these patients. Diabetic Nephropathy Captopril tablets are indicated for the treatment of diabetic nephropathy (proteinuria > 500 mg/day) in patients with type I insulin-dependent diabetes mellitus and retinopathy. Captopril tablets decrease the rate of progression of renal insufficiency and development of serious adverse clinical outcomes (death or need for renal transplantation or dialysis). In considering use of captopril tablets, it should be noted that in controlled trials ACE inhibitors have an effect on blood pressure that is less in black patients than in non-blacks. In addition, ACE inhibitors (for which adequate data are available) cause a higher rate of angioedema in black than in non-black patients (see WARNINGS: Head and Neck Angioedema and Intestinal Angioedema ).",
      "manufacturer": "SANDOZ INC.",
      "splSetId": "7141ba54-660c-49f7-ade2-e16d9aad11e9"
    },
    {
      "brand": "Captopril",
      "indication": "INDICATIONS AND USAGE Hypertension: Captopril Tablets, USP are indicated for the treatment of hypertension. In using Captopril Tablets, USP, consideration should be given to the risk of neutropenia/agranulocytosis (see WARNINGS ). Captopril Tablets, USP may be used as initial therapy for patients with normal renal function, in whom the risk is relatively low. In patients with impaired renal function, particularly those with collagen vascular disease, captopril should be reserved for hypertensives who have either developed unacceptable side effects on other drugs, or have failed to respond satisfactorily to drug combinations. Captopril Tablets, USP are effective alone and in combination with other antihypertensive agents, especially thiazide-type diuretics. The blood pressure lowering effects of captopril and thiazides are approximately additive. Heart Failure: Captopril Tablets, USP are indicated in the treatment of congestive heart failure usually in combination with diuretics and digitalis. The beneficial effect of captopril in heart failure does not require the presence of digitalis, however, most controlled clinical trial experience with captopril has been in patients receiving digitalis, as well as diuretic treatment. Left Ventricular Dysfunction After Myocardial Infarction: Captopril Tablets, USP are indicated to improve survival following myocardial infarction in clinically stable patients with left ventricular dysfunction manifested as an ejection fraction \u2264 40% and to reduce the incidence of overt heart failure and subsequent hospitalizations for congestive heart failure in these patients. Diabetic Nephropathy: Captopril Tablets, USP are indicated for the treatment of diabetic nephropathy (proteinuria > 500 mg/day) in patients with type I insulin-dependent diabetes mellitus and retinopathy. Captopril Tablets, USP decreases the rate of progression of renal insufficiency and development of serious adverse clinical outcomes (death or need for renal transplantation or dialysis). In considering use of Captopril Tablets, USP, it should be noted that in controlled trials ACE inhibitors have an effect on blood pressure that is less in black patients than in non-blacks. In addition, ACE inhibitors (for which adequate data are available) cause a higher rate of angioedema in black than in non-black patients (see WARNINGS: Head and Neck Angioedema and Intestinal Angioedema ).",
      "manufacturer": "Bryant Ranch Prepack",
      "splSetId": "92856dce-3ba6-4a66-ae7e-3d4b0505e27b"
    },
    {
      "brand": "Captopril",
      "indication": "INDICATIONS AND USAGE Hypertension Captopril tablets, USP are indicated for the treatment of hypertension. In using captopril tablets, consideration should be given to the risk of neutropenia/agranulocytosis (see WARNINGS ). Captopril tablets may be used as initial therapy for patients with normal renal function, in whom the risk is relatively low. In patients with impaired renal function, particularly those with collagen vascular disease, captopril should be reserved for hypertensives who have either developed unacceptable side effects on other drugs, or have failed to respond satisfactorily to drug combinations. Captopril tablets are effective alone and in combination with other antihypertensive agents, especially thiazide-type diuretics. The blood pressure lowering effects of captopril and thiazides are approximately additive. Heart Failure Captopril tablets are indicated in the treatment of congestive heart failure usually in combination with diuretics and digitalis. The beneficial effect of captopril in heart failure does not require the presence of digitalis, however, most controlled clinical trial experience with captopril has been in patients receiving digitalis, as well as diuretic treatment. Left Ventricular Dysfunction After Myocardial Infarction Captopril tablets are indicated to improve survival following myocardial infarction in clinically stable patients with left ventricular dysfunction manifested as an ejection fraction \u2264 40% and to reduce the incidence of overt heart failure and subsequent hospitalizations for congestive heart failure in these patients. Diabetic Nephropathy Captopril tablets are indicated for the treatment of diabetic nephropathy (proteinuria > 500 mg/day) in patients with type I insulin-dependent diabetes mellitus and retinopathy. Captopril tablets decrease the rate of progression of renal insufficiency and development of serious adverse clinical outcomes (death or need for renal transplantation or dialysis). In considering use of captopril tablets, it should be noted that in controlled trials ACE inhibitors have an effect on blood pressure that is less in black patients than in non-blacks. In addition, ACE inhibitors (for which adequate data are available) cause a higher rate of angioedema in black than in non-black patients (see WARNINGS: Head and Neck Angioedema and Intestinal Angioedema ).",
      "manufacturer": "Bryant Ranch Prepack",
      "splSetId": "930c39fc-58b5-4182-aed3-753c12de8101"
    },
    {
      "brand": "Captopril",
      "indication": "INDICATIONS AND USAGE Hypertension: Captopril Tablets, USP are indicated for the treatment of hypertension. In using Captopril Tablets, consideration should be given to the risk of neutropenia/agranulocytosis (see WARNINGS ). Captopril Tablets may be used as initial therapy for patients with normal renal function, in whom the risk is relatively low. In patients with impaired renal function, particularly those with collagen vascular disease, captopril should be reserved for hypertensives who have either developed unacceptable side effects on other drugs, or have failed to respond satisfactorily to drug combinations. Captopril Tablets are effective alone and in combination with other antihypertensive agents, especially thiazide-type diuretics. The blood pressure lowering effects of captopril and thiazides are approximately additive. Heart Failure: Captopril Tablets are indicated in the treatment of congestive heart failure usually in combination with diuretics and digitalis. The beneficial effect of captopril in heart failure does not require the presence of digitalis, however, most controlled clinical trial experience with captopril has been in patients receiving digitalis, as well as diuretic treatment. Left Ventricular Dysfunction After Myocardial Infarction: Captopril Tablets are indicated to improve survival following myocardial infarction in clinically stable patients with left ventricular dysfunction manifested as an ejection fraction \u2264 40% and to reduce the incidence of overt heart failure and subsequent hospitalizations for congestive heart failure in these patients. Diabetic Nephropathy: Captopril Tablets are indicated for the treatment of diabetic nephropathy (proteinuria > 500 mg/day) in patients with type I insulin-dependent diabetes mellitus and retinopathy. Captopril Tablets, USP decreases the rate of progression of renal insufficiency and development of serious adverse clinical outcomes (death or need for renal transplantation or dialysis). In considering use of Captopril Tablets, USP, it should be noted that in controlled trials ACE inhibitors have an effect on blood pressure that is less in black patients than in non-blacks. In addition, ACE inhibitors (for which adequate data are available) cause a higher rate of angioedema in black than in non-black patients (see WARNINGS: Head and Neck Angioedema and Intestinal Angioedema ).",
      "manufacturer": "American Health Packaging",
      "splSetId": "9b54feb0-13cd-46a8-9924-f12880381196"
    },
    {
      "brand": "Captopril and Hydrochlorothiazide",
      "indication": "INDICATIONS AND USAGE Captopril and hydrochlorothiazide tablets are indicated for the treatment of hypertension. The blood pressure lowering effects of captopril and thiazides are approximately additive. This fixed combination drug may be used as initial therapy or substituted for previously titrated doses of the individual components. When captopril and hydrochlorothiazide are given together it may not be necessary to administer captopril in divided doses to attain blood pressure control at trough (before the next dose). Also, with such a combination, a daily dose of 15 mg of hydrochlorothiazide may be adequate. Treatment may, therefore, be initiated with captopril and hydrochlorothiazide tablets 25 mg/15 mg once daily. Subsequent titration should be with additional doses of the components (captopril, hydrochlorothiazide) as single agents or as captopril and hydrochlorothiazide tablets 50 mg/15 mg, 25 mg/25 mg, or 50 mg/25 mg (see DOSAGE AND ADMINISTRATION ). In using captopril and hydrochlorothiazide, consideration should be given to the risk of neutropenia/agranulocytosis (see WARNINGS ). Captopril and hydrochlorothiazide may be used for patients with normal renal function, in whom the risk is relatively low. In patients with impaired renal function, particularly those with collagen vascular disease, captopril and hydrochlorothiazide should be reserved for hypertensives who have either developed unacceptable side effects on other drugs, or have failed to respond satisfactorily to other drug combinations. ACE inhibitors (for which adequate data are available) cause a higher rate of angioedema in black than in non-black patients (see WARNINGS: Captopril: Head and Neck Angioedema and Intestinal Angioedema ).",
      "manufacturer": "Mylan Pharmaceuticals Inc.",
      "splSetId": "d826812e-ede7-49e7-8384-29ec5b142ef3"
    },
    {
      "brand": "Captopril",
      "indication": "INDICATIONS AND USAGE Hypertension: Captopril Tablets, USP are indicated for the treatment of hypertension. In using Captopril Tablets, consideration should be given to the risk of neutropenia/agranulocytosis (see WARNINGS ). Captopril Tablets may be used as initial therapy for patients with normal renal function, in whom the risk is relatively low. In patients with impaired renal function, particularly those with collagen vascular disease, captopril should be reserved for hypertensives who have either developed unacceptable side effects on other drugs, or have failed to respond satisfactorily to drug combinations. Captopril Tablets are effective alone and in combination with other antihypertensive agents, especially thiazide-type diuretics. The blood pressure lowering effects of captopril and thiazides are approximately additive. Heart Failure: Captopril Tablets, are indicated in the treatment of congestive heart failure usually in combination with diuretics and digitalis. The beneficial effect of captopril in heart failure does not require the presence of digitalis, however, most controlled clinical trial experience with captopril has been in patients receiving digitalis, as well as diuretic treatment. Left Ventricular Dysfunction After Myocardial Infarction: Captopril Tablets, are indicated to improve survival following myocardial infarction in clinically stable patients with left ventricular dysfunction manifested as an ejection fraction \u2264 40% and to reduce the incidence of overt heart failure and subsequent hospitalizations for congestive heart failure in these patients. Diabetic Nephropathy: Captopril Tablets, are indicated for the treatment of diabetic nephropathy (proteinuria > 500 mg/day) in patients with type I insulin-dependent diabetes mellitus and retinopathy. Captopril Tablets, USP decreases the rate of progression of renal insufficiency and development of serious adverse clinical outcomes (death or need for renal transplantation or dialysis). In considering use of Captopril Tablets, it should be noted that in controlled trials ACE inhibitors have an effect on blood pressure that is less in black patients than in non-blacks. In addition, ACE inhibitors (for which adequate data are available) cause a higher rate of angioedema in black than in non-black patients (see WARNINGS: Head and Neck Angioedema and Intestinal Angioedema ).",
      "manufacturer": "Major Pharmaceuticals",
      "splSetId": "d8f07024-43e5-4b13-b536-2f32a40edcf0"
    }
  ],
  "id": "Captopril",
  "nciThesaurus": {
    "casRegistry": "62571-86-2",
    "chebiId": "CHEBI:3380",
    "chemicalFormula": "C9H15NO3S",
    "definition": "A sulfhydryl-containing analog of proline with antihypertensive activity and potential antineoplastic activity. Captopril competitively inhibits angiotensin converting enzyme (ACE), thereby decreasing levels of angiotensin II, increasing plasma renin activity, and decreasing aldosterone secretion.  This agent may also inhibit tumor angiogenesis by inhibiting endothelial cell matrix metalloproteinases (MMPs) and endothelial cell migration. Captopril may also exhibit antineoplastic activity independent of effects on tumor angiogenesis.",
    "fdaUniiCode": "9G64RSX1XD",
    "identifier": "C340",
    "preferredName": "Captopril",
    "semanticType": "Amino Acid, Peptide, or Protein",
    "subclassOf": [
      "C247"
    ],
    "synonyms": [
      "(S)-1-(3-Mercapto-2-methyl-1-oxopropyl)-L-proline",
      "CAPTOPRIL",
      "Capoten",
      "Captopril",
      "captopril"
    ]
  }
}