{
  "emaEpar": [],
  "fdaDrugLabel": [],
  "id": "CDK_Inhibitor_AT7519",
  "nciThesaurus": {
    "casRegistry": "844442-38-2",
    "chebiId": "",
    "chemicalFormula": "C16H17Cl2N5O2",
    "definition": "An orally bioavailable small molecule with potential antineoplastic activity. AT7519M selectively binds to and inhibits cyclin dependent kinases (CDKs), which may result in cell cycle arrest, induction of apoptosis, and inhibition of tumor cell proliferation. CDKs are serine/threonine kinases involved in regulation of the cell cycle and may be overexpressed in some types of cancer cells.",
    "fdaUniiCode": "X1BF92PW9T",
    "identifier": "C64761",
    "preferredName": "CDK Inhibitor AT7519",
    "semanticType": "Organic Chemical",
    "subclassOf": [
      "C129825",
      "C2185"
    ],
    "synonyms": [
      "AT-7519",
      "AT7519",
      "AT7519M",
      "CDK Inhibitor AT7519",
      "CDK inhibitor AT7519M",
      "CDKI AT7519",
      "Cyclin-Dependent Kinase Inhibitor AT7519M"
    ]
  }
}