{
  "emaEpar": [],
  "fdaDrugLabel": [],
  "id": "Cedefingol",
  "nciThesaurus": {
    "casRegistry": "35301-24-7",
    "chebiId": "",
    "chemicalFormula": "C20H41NO3",
    "definition": "A derivative of sphingosine, with potential antineoplastic activity. As a sphingosine derivative, cedefingol appears to inhibit protein kinase C (PKC), a kinase that plays an important role in tumorigenesis.",
    "fdaUniiCode": "81HH79X39W",
    "identifier": "C78081",
    "preferredName": "Cedefingol",
    "semanticType": "Pharmacologic Substance",
    "subclassOf": [
      "C2089"
    ],
    "synonyms": [
      "CEDEFINGOL",
      "Cedefingol"
    ]
  }
}