{
  "emaEpar": [],
  "fdaDrugLabel": [],
  "id": "Cenersen",
  "nciThesaurus": {
    "casRegistry": "415168-49-9",
    "chebiId": "",
    "chemicalFormula": "",
    "definition": "A phosphorothioate oligonucleotide harboring nucleotide sequences complementary to tumor suppressor p53 mRNA. Cenersen hybridizes with p53 mRNA molecules, and induces Rnase H dependent hydrolysis of p53 transcripts in the double stranded section of the hybrids, thereby resulting in loss of p53 production. Loss of p53 activity leads to sensitization of cancer cells to other therapeutics.",
    "fdaUniiCode": "K6KJ8AZ05F",
    "identifier": "C37454",
    "preferredName": "Cenersen",
    "semanticType": "Pharmacologic Substance",
    "subclassOf": [
      "C1291"
    ],
    "synonyms": [
      "Aezea",
      "CENERSEN",
      "Cenersen",
      "EL625",
      "OL(1)p53"
    ]
  }
}