{
  "emaEpar": [],
  "fdaDrugLabel": [],
  "id": "Cevipabulin",
  "nciThesaurus": {
    "casRegistry": "849550-05-6",
    "chebiId": "",
    "chemicalFormula": "C18H18ClF5N6O",
    "definition": "A synthetic, water soluble tubulin-binding agent with potential antineoplastic activity. Cevipabulin appears to bind at the vinca-binding site on tubulin, but seems to act more similar to taxane-site binding agents in that it enhances tubulin polymerization and does not induce tubulin depolymerization. The disruption in microtubule dynamics may eventually inhibit cell division and reduce cellular growth.",
    "fdaUniiCode": "P14M0DWS2J",
    "identifier": "C77064",
    "preferredName": "Cevipabulin",
    "semanticType": "Pharmacologic Substance",
    "subclassOf": [
      "C25974"
    ],
    "synonyms": [
      "CEVIPABULIN",
      "Cevipabulin",
      "Cevipabulinum"
    ]
  }
}