{
  "emaEpar": [],
  "fdaDrugLabel": [],
  "id": "Cevipabulin_Succinate",
  "nciThesaurus": {
    "casRegistry": "852954-81-5",
    "chebiId": "",
    "chemicalFormula": "C18H18ClF5N6O.C4H6O4.2H2O",
    "definition": "The succinate salt form of cevipabulin, a synthetic, water soluble tubulin-binding agent with potential antineoplastic activity. Cevipabulin binds at the vinca-binding site on tubulin, but seems to act more similar to taxane-site binding agents in that it enhances tubulin polymerization and does not induce tubulin depolymerization. This stabilizes tubulin and prevents microtubule disassembly. The disruption in microtubule dynamics may eventually inhibit cell division and reduce cellular growth.",
    "fdaUniiCode": "8XI0CX98LY",
    "identifier": "C96746",
    "preferredName": "Cevipabulin Succinate",
    "semanticType": "Pharmacologic Substance",
    "subclassOf": [
      "C25974"
    ],
    "synonyms": [
      "5-chloro-6-(2,6-difluoro-4-(3-(methylamino)propoxy)phenyl)-N-((1S)-2,2,2-trifluoro-1-methylethyl)(1,2,4)triazolo(1,5-a)pyrimidin-7-amine succinate dihydrate",
      "CEVIPABULIN SUCCINATE",
      "Cevipabulin Succinate",
      "TTI-237 Succinate Dihydrate"
    ]
  }
}