{
  "emaEpar": [],
  "fdaDrugLabel": [],
  "id": "Chlorozotocin",
  "nciThesaurus": {
    "casRegistry": "54749-90-5",
    "chebiId": "",
    "chemicalFormula": "C9H16ClN3O7",
    "definition": "A glucose-linked chloroethylnitrosourea with potential antineoplastic activity.  Chlorozotocin alkylates DNA and proteins, induces the formation of interstrand DNA and DNA-protein crosslinks, and causes DNA strand breakage, thereby damaging DNA and resulting in cell death.  This agent has been shown to exhibit antitumor and immunomodulatory effects in cell lines and animal models.  Chlorozotocin is a mutagen and is less myelotoxic than other nitrosoureas.",
    "fdaUniiCode": "3053LTY75Z",
    "identifier": "C1049",
    "preferredName": "Chlorozotocin",
    "semanticType": "Antibiotic",
    "subclassOf": [
      "C699"
    ],
    "synonyms": [
      "1-(2-chloroethyl)-1-nitroso-3-(D-glucos-2-yl)urea",
      "2-[3-(2-chloroethyl)-3-nitrosoureido]-2-deoxy-D-glucopyranose",
      "2-[[[(2-chloroethyl)nitrosamino]carbonyl]amino]-2-deoxy-D-glucose",
      "CHLOROZOTOCIN",
      "CHLZ",
      "CZT",
      "Chlorozotocin",
      "Chlorozotocyna",
      "D-Glucopyranose",
      "D-Glucopyranose, 2-[[[(2-chloroethyl)nitrosoamino]carbonyl]amino]-2-deoxy-",
      "D-Glucose, 2-[[[(2-chloroethyl)nitrosoamino]carbonyl]amino]-2-deoxy- (9CI)",
      "D-glucopyranose, 2-[[[(2-chloroethyl)nitrosoamino]carbonyl]amino]-2-deoxy",
      "D-glucose, 2-[[[(2-chloroethyl)nitrosoamino]carbonyl]amino]-2-deoxy- (9CI)",
      "DCNU"
    ]
  }
}