{
  "emaEpar": [],
  "fdaDrugLabel": [],
  "id": "Chlorotoxin",
  "nciThesaurus": {
    "casRegistry": "163515-35-3",
    "chebiId": "",
    "chemicalFormula": "",
    "definition": "A neurotoxin with potential anticancer property. Chlorotoxin (CTX) is a 36-amino acid peptide found in the venom of the deathstalker scorpion, and a chloride channel blocker. This toxin binds preferentially to glioma cells via the transmembrane endopeptidase matrix metalloproteinase-2 (MMP-2), and thereby prevents the spread of tumor cells. MMP-2 is specifically up-regulated in gliomas and related cancers, but is not normally expressed in brain.",
    "fdaUniiCode": "06UV5RFW57",
    "identifier": "C94723",
    "preferredName": "Chlorotoxin",
    "semanticType": "Amino Acid, Peptide, or Protein",
    "subclassOf": [
      "C688"
    ],
    "synonyms": [
      "CHLOROTOXIN",
      "CTX",
      "Chlorotoxin",
      "TM-601",
      "chlorotoxin"
    ]
  }
}