{
  "emaEpar": [],
  "fdaDrugLabel": [
    {
      "brand": "CINACALCET",
      "indication": "1 INDICATIONS AND USAGE Cinacalcet hydrochloride is a positive modulator of the calcium sensing receptor indicated for: Secondary Hyperparathyroidism (HPT) in adult patients with chronic kidney disease (CKD) on dialysis. ( 1.1 ) Limitations of Use: Cinacalcet hydrochloride tablets are not indicated for use in patients with CKD who are not on dialysis Hypercalcemia in adult patients with Parathyroid Carcinoma (PC). ( 1.2 ) Severe Hypercalcemia in adult patients with primary HPT who are unable to undergo parathyroidectomy. ( 1.3 ) 1.1 Secondary Hyperparathyroidism Cinacalcet hydrochloride tablets are indicated for the treatment of secondary hyperparathyroidism (HPT) in adult patients with chronic kidney disease (CKD) on dialysis [see Clinical Studies ( 14.1 )]. Limitations of Use: Cinacalcet hydrochloride tablets are not indicated for use in patients with CKD who are not on dialysis because of an increased risk of hypocalcemia [see Warnings and Precautions ( 5.1 )]. 1.2 Parathyroid Carcinoma Cinacalcet tablets are indicated for the treatment of hypercalcemia in adult patients with Parathyroid Carcinoma [see Clinical Studies ( 14.2 )] . 1.3 Primary Hyperparathyroidism Cinacalcet hydrochloride tablets are indicated for the treatment of severe hypercalcemia in adult patients with primary HPT who are unable to undergo parathyroidectomy [see Clinical Studies ( 14.3 )] .",
      "manufacturer": "Cipla USA Inc.",
      "splSetId": "02b8c11b-99e8-4039-b6fa-a9c38d2f48fa"
    },
    {
      "brand": "CINACALCET",
      "indication": "1 INDICATIONS AND USAGE Cinacalcet hydrochloride is a calcium-sensing receptor agonist indicated for: Secondary Hyperparathyroidism (HPT) in adult patients with chronic kidney disease (CKD) on dialysis. ( 1.1 ) Limitations of Use: Cinacalcet hydrochloride tablets are not indicated for use in patients with CKD who are not on dialysis. Hypercalcemia in adult patients with Parathyroid Carcinoma (PC). ( 1.2 ) Severe hypercalcemia in adult patients with primary HPT who are unable to undergo parathyroidectomy. ( 1.3 ) 1.1 Secondary Hyperparathyroidism Cinacalcet hydrochloride tablets are indicated for the treatment of secondary hyperparathyroidism (HPT) in adult patients with chronic kidney disease (CKD) on dialysis [see Clinical Studies ( 14.1 )]. Limitations of Use: Cinacalcet hydrochloride tablets are not indicated for use in patients with CKD who are not on dialysis because of an increased risk of hypocalcemia [see Warnings and Precautions ( 5.1 )]. 1.2 Parathyroid Carcinoma Cinacalcet tablets are indicated for the treatment of hypercalcemia in adult patients with Parathyroid Carcinoma [see Clinical Studies ( 14.2 )] . 1.3 Primary Hyperparathyroidism Cinacalcet hydrochloride tablets are indicated for the treatment of severe hypercalcemia in adult patients with primary HPT who are unable to undergo parathyroidectomy [see Clinical Studies ( 14.3 )] .",
      "manufacturer": "EXELAN PHARMACEUTICALS INC.",
      "splSetId": "04a978cb-d57b-4f1e-ba14-316b6f9abe33"
    },
    {
      "brand": "Cinacalcet",
      "indication": "1 INDICATIONS AND USAGE Cinacalcet tablet is a positive modulator of the calcium sensing receptor indicated for: \u2022 Secondary Hyperparathyroidism (HPT) in adult patients with chronic kidney disease (CKD) on dialysis. ( 1.1 ) Limitations of Use : Cinacalcet tablets are not indicated for use in patients with CKD who are not on dialysis \u2022 Hypercalcemia in adult patients with Parathyroid Carcinoma (PC). ( 1.2 ) \u2022 Severe hypercalcemia in adult patients with primary HPT who are unable to undergo parathyroidectomy. ( 1.3 ) 1.1 Secondary Hyperparathyroidism Cinacalcet tablets are indicated for the treatment of secondary hyperparathyroidism (HPT) in adult patients with chronic kidney disease (CKD) on dialysis [see Clinical Studies ( 14.1 )] . Limitations of Use: Cinacalcet tablets are not indicated for use in patients with CKD who are not on dialysis because of an increased risk of hypocalcemia [see Warnings and Precautions ( 5.1 )] . 1.2 Parathyroid Carcinoma Cinacalcet tablets are indicated for the treatment of hypercalcemia in adult patients with Parathyroid Carcinoma [see Clinical Studies ( 14.2 )] . 1.3 Primary Hyperparathyroidism Cinacalcet tablets are indicated for the treatment of severe hypercalcemia in adult patients with primary HPT who are unable to undergo parathyroidectomy [see Clinical Studies ( 14.3 )] .",
      "manufacturer": "Dr. Reddys Laboratories Inc",
      "splSetId": "0837aabc-e796-0e07-8958-71f1ff6e89bf"
    },
    {
      "brand": "cinacalcet hydrochloride",
      "indication": "1 INDICATIONS AND USAGE Cinacalcet hydrochloride tablets are a positive modulator of the calcium sensing receptor indicated for: \u2022 Secondary Hyperparathyroidism (HPT) in adult patients with chronic kidney disease (CKD) on dialysis. (1.1) Limitations of Use : Cinacalcet hydrochloride tablets are not indicated for use in patients with CKD who are not on dialysis \u2022 Hypercalcemia in adult patients with Parathyroid Carcinoma (PC). (1.2) \u2022 Severe hypercalcemia in adult patients with primary HPT who are unable to undergo parathyroidectomy. (1.3) 1.1 Secondary Hyperparathyroidism Cinacalcet hydrochloride tablets are indicated for the treatment of secondary hyperparathyroidism (HPT) in adult patients with chronic kidney disease (CKD) on dialysis [see Clinical Studies (14.1) ]. Limitations of Use: Cinacalcet hydrochloride tablets are not indicated for use in patients with CKD who are not on dialysis because of an increased risk of hypocalcemia [see Warnings and Precautions (5.1) ]. 1.2 Parathyroid Carcinoma Cinacalcet hydrochloride tablets are indicated for the treatment of hypercalcemia in adult patients with Parathyroid Carcinoma [see Clinical Studies (14.2) ] . 1.3 Primary Hyperparathyroidism Cinacalcet hydrochloride tablets are indicated for the treatment of severe hypercalcemia in adult patients with primary HPT who are unable to undergo parathyroidectomy [see Clinical Studies (14.3) ] .",
      "manufacturer": "Slate Run Pharmaceuticals",
      "splSetId": "0850ec78-ae46-481e-a6b5-8169cb843eab"
    },
    {
      "brand": "Cinacalcet",
      "indication": "1 INDICATIONS AND USAGE Cinacalcet is a positive modulator of the calcium sensing receptor indicated for: Secondary Hyperparathyroidism (HPT) in adult patients with chronic kidney disease (CKD) on dialysis. (1.1) Limitations of Use: Cinacalcet is not indicated for use in patients with CKD who are not on dialysis Hypercalcemia in adult patients with Parathyroid Carcinoma (PC). (1.2) Hypercalcemia in adult patients with primary HPT who are unable to undergo parathyroidectomy. (1.3) 1.1 Secondary Hyperparathyroidism Cinacalcet tablets are indicated for the treatment of secondary hyperparathyroidism (HPT) in adult patients with chronic kidney disease (CKD) on dialysis [see Clinical Studies (14.1)]. Limitations of Use: Cinacalcet tablets are not indicated for use in patients with CKD who are not on dialysis because of an increased risk of hypocalcemia [see Warnings and Precautions (5.1)]. 1.2 Parathyroid Carcinoma Cinacalcet tablets are indicated for the treatment of hypercalcemia in adult patients with Parathyroid Carcinoma [see Clinical Studies (14.2)] . 1.3 Primary Hyperparathyroidism Cinacalcet tablets are indicated for the treatment of hypercalcemia in adult patients with primary HPT who are unable to undergo parathyroidectomy [see Clinical Studies (14.3)] .",
      "manufacturer": "Sun Pharmaceutical Industries, Inc.",
      "splSetId": "092553cf-1bcd-4c19-9adf-b46f2bda5c9e"
    },
    {
      "brand": "Cinacalcet",
      "indication": "1 INDICATIONS AND USAGE Cinacalcet is a positive modulator of the calcium sensing receptor indicated for: \u2022 Secondary Hyperparathyroidism (HPT) in adult patients with chronic kidney disease (CKD) on dialysis. (1.1) Limitations of Use: Cinacalcet is not indicated for use in patients with CKD who are not on dialysis \u2022 Hypercalcemia in adult patients with Parathyroid Carcinoma (PC). (1.2) \u2022 Severe hypercalcemia in adult patients with primary HPT who are unable to parathyroidectomy. (1.3) 1.1 Secondary Hyperparathyroidism Cinacalcet tablets are indicated for the treatment of secondary hyperparathyroidism (HPT) in adult patients with chronic kidney disease (CKD) on dialysis [see Clinical Studies (14.1)]. Limitations of Use: Cinacalcet tablets are not indicated for use in patients with CKD who are not on dialysis because of an increased risk of hypocalcemia [see Warnings and Precautions (5.1)] 1.2 Parathyroid Carcinoma Cinacalcet tablets are indicated for the treatment of hypercalcemia in adult patients with Parathyroid Carcinoma [see Clinical Studies (14.2)]. 1.3 Primary Hyperparathyroidism Cinacalcet tablets are indicated for the treatment of severe hypercalcemia in adult patients with primary HPT who are unable to undergo parathyroidectomy [see Clinical Studies (14.3)].",
      "manufacturer": "Strides Pharma Science Limited",
      "splSetId": "0ba47b6a-ba49-4d7a-82e1-1c6e49bfa5d7"
    },
    {
      "brand": "Cinacalcet",
      "indication": "1 INDICATIONS AND USAGE Cinacalcet tablets are a positive modulator of the calcium sensing receptor indicated for: \u2022 Secondary Hyperparathyroidism (HPT) in adult patients with chronic kidney disease (CKD) on dialysis. ( 1.1 ) Limitations of Use: Cinacalcet tablets are not indicated for use in patients with CKD who are not on dialysis \u2022 Hypercalcemia in adult patients with Parathyroid Carcinoma (PC). ( 1.2 ) \u2022 Severe hypercalcemia in adult patients with primary HPT who are unable to undergo parathyroidectomy. ( 1.3 ) 1.1 Secondary Hyperparathyroidism Cinacalcet tablets are indicated for the treatment of secondary hyperparathyroidism (HPT) in adult patients with chronic kidney disease (CKD) on dialysis [see Clinical Studies (14.1) ] . Limitations of Use Cinacalcet tablets are not indicated for use in patients with CKD who are not on dialysis because of an increased risk of hypocalcemia [see Warnings and Precautions (5.1) ]. 1.2 Parathyroid Carcinoma Cinacalcet tablets are indicated for the treatment of hypercalcemia in adult patients with Parathyroid Carcinoma [see Clinical Studies (14.2) ] . 1.3 Primary Hyperparathyroidism Cinacalcet tablets are indicated for the treatment of severe hypercalcemia in adult patients with primary HPT who are unable to undergo parathyroidectomy [see Clinical Studies (14.3) ] .",
      "manufacturer": "Mylan Pharmaceuticals Inc.",
      "splSetId": "0ead1925-2ca3-460b-a140-66f18331e788"
    },
    {
      "brand": "Cinacalcet",
      "indication": "1 INDICATIONS AND USAGE Cinacalcet is a positive modulator of the calcium sensing receptor indicated for: \u2022 Secondary Hyperparathyroidism (HPT) in adult patients with chronic kidney disease (CKD) on dialysis. (1.1) Limitations of Use: Cinacalcet is not indicated for use in patients with CKD who are not on dialysis \u2022 Hypercalcemia in adult patients with Parathyroid Carcinoma (PC). (1.2) \u2022 Severe hypercalcemia in adult patients with primary HPT who are unable to parathyroidectomy. (1.3) 1.1 Secondary Hyperparathyroidism Cinacalcet tablets are indicated for the treatment of secondary hyperparathyroidism (HPT) in adult patients with chronic kidney disease (CKD) on dialysis [see Clinical Studies (14.1)]. Limitations of Use: Cinacalcet tablets are not indicated for use in patients with CKD who are not on dialysis because of an increased risk of hypocalcemia [see Warnings and Precautions (5.1)] 1.2 Parathyroid Carcinoma Cinacalcet tablets are indicated for the treatment of hypercalcemia in adult patients with Parathyroid Carcinoma [see Clinical Studies (14.2)]. 1.3 Primary Hyperparathyroidism Cinacalcet tablets are indicated for the treatment of severe hypercalcemia in adult patients with primary HPT who are unable to undergo parathyroidectomy [see Clinical Studies (14.3)].",
      "manufacturer": "Strides Pharma Inc.",
      "splSetId": "19a3f3cb-2136-44cc-a35b-5a07fcdc784f"
    },
    {
      "brand": "Sensipar",
      "indication": "1 INDICATIONS AND USAGE Sensipar is a positive modulator of the calcium sensing receptor indicated for: Secondary Hyperparathyroidism (HPT) in adult patients with chronic kidney disease (CKD) on dialysis. ( 1.1 ) Limitations of Use: Sensipar is not indicated for use in patients with CKD who are not on dialysis Hypercalcemia in adult patients with Parathyroid Carcinoma (PC). ( 1.2 ) Hypercalcemia in adult patients with primary HPT for whom parathyroidectomy would be indicated on the basis of serum calcium levels, but who are unable to undergo parathyroidectomy. ( 1.3 ) 1.1 Secondary Hyperparathyroidism Sensipar is indicated for the treatment of secondary hyperparathyroidism (HPT) in adult patients with chronic kidney disease (CKD) on dialysis [see Clinical Studies ( 14.1 )]. Limitations of Use: Sensipar is not indicated for use in patients with CKD who are not on dialysis because of an increased risk of hypocalcemia [see Warnings and Precautions ( 5.1 )] . 1.2 Parathyroid Carcinoma Sensipar is indicated for the treatment of hypercalcemia in adult patients with Parathyroid Carcinoma [see Clinical Studies ( 14.2 )] . 1.3 Primary Hyperparathyroidism Sensipar is indicated for the treatment of hypercalcemia in adult patients with primary HPT for whom parathyroidectomy would be indicated on the basis of serum calcium levels, but who are unable to undergo parathyroidectomy [see Clinical Studies ( 14.3 )] .",
      "manufacturer": "A-S Medication Solutions",
      "splSetId": "1ef802f0-45a6-434a-80a6-bffeaee238e1"
    },
    {
      "brand": "Cinacalcet",
      "indication": "1 INDICATIONS AND USAGE Cinacalcet is a positive modulator of the calcium sensing receptor indicated for: Secondary Hyperparathyroidism (HPT) in adult patients with chronic kidney disease (CKD) on dialysis. ( 1.1 ) Limitations of Use: Cinacalcet tablets are not indicated for use in patients with CKD who are not on dialysis Hypercalcemia in adult patients with Parathyroid Carcinoma (PC). ( 1.2 ) Severe hypercalcemia in adult patients with primary HPT who are unable to undergo parathyroidectomy. ( 1.3 ) 1.1 Secondary Hyperparathyroidism Cinacalcet tablets are indicated for the treatment of secondary hyperparathyroidism (HPT) in adult patients with chronic kidney disease (CKD) on dialysis [see Clinical Studies (14.1) ]. Limitations of Use: Cinacalcet tablets are not indicated for use in patients with CKD who are not on dialysis because of an increased risk of hypocalcemia [see Warnings and Precautions (5.1) ] . 1.2 Parathyroid Carcinoma Cinacalcet tablets are indicated for the treatment of hypercalcemia in adult patients with Parathyroid Carcinoma [see Clinical Studies (14.2) ] . 1.3 Primary Hyperparathyroidism Cinacalcet tablets are indicated for the treatment of severe hypercalcemia in adult patients with primary HPT who are unable to undergo parathyroidectomy [see Clinical Studies (14.3) ] .",
      "manufacturer": "Aurobindo Pharma Limited",
      "splSetId": "42e99112-c402-4662-877f-9e3a84dff9f2"
    },
    {
      "brand": "Sensipar",
      "indication": "1 INDICATIONS AND USAGE Sensipar is a positive modulator of the calcium sensing receptor indicated for: Secondary Hyperparathyroidism (HPT) in adult patients with chronic kidney disease (CKD) on dialysis. ( 1.1 ) Limitations of Use: Sensipar is not indicated for use in patients with CKD who are not on dialysis Hypercalcemia in adult patients with Parathyroid Carcinoma (PC). ( 1.2 ) Hypercalcemia in adult patients with primary HPT for whom parathyroidectomy would be indicated on the basis of serum calcium levels, but who are unable to undergo parathyroidectomy. ( 1.3 ) 1.1 Secondary Hyperparathyroidism Sensipar is indicated for the treatment of secondary hyperparathyroidism (HPT) in adult patients with chronic kidney disease (CKD) on dialysis [see Clinical Studies ( 14.1 )]. Limitations of Use: Sensipar is not indicated for use in patients with CKD who are not on dialysis because of an increased risk of hypocalcemia [see Warnings and Precautions ( 5.1 )] . 1.2 Parathyroid Carcinoma Sensipar is indicated for the treatment of hypercalcemia in adult patients with Parathyroid Carcinoma [see Clinical Studies ( 14.2 )] . 1.3 Primary Hyperparathyroidism Sensipar is indicated for the treatment of hypercalcemia in adult patients with primary HPT for whom parathyroidectomy would be indicated on the basis of serum calcium levels, but who are unable to undergo parathyroidectomy [see Clinical Studies ( 14.3 )] .",
      "manufacturer": "Amgen Inc",
      "splSetId": "45028573-13c4-4c8b-ae62-6c75bba97c81"
    },
    {
      "brand": "Cinacalcet",
      "indication": "1 INDICATIONS AND USAGE Cinacalcet tablets are a positive modulator of the calcium sensing receptor indicated for: Secondary Hyperparathyroidism (HPT) in adult patients with chronic kidney disease (CKD) on dialysis. ( 1.1 ) Limitations of Use: Cinacalcet tablets are not indicated for use in patients with CKD who are not on dialysis Hypercalcemia in adult patients with Parathyroid Carcinoma (PC). ( 1.2 ) Severe hypercalcemia in adult patients with primary HPT who are unable to undergo parathyroidectomy. ( 1.3 ) 1.1 Secondary Hyperparathyroidism Cinacalcet tablets are indicated for the treatment of secondary hyperparathyroidism (HPT) in adult patients with chronic kidney disease (CKD) on dialysis [see CLINICAL STUDIES ( 14.1 )]. Limitations of Use Cinacalcet tablets are not indicated for use in adult patients with CKD who are not on dialysis because of an increased risk of hypocalcemia [see WARNINGS AND PRECAUTIONS ( 5.1 )]. 1.2 Parathyroid Carcinoma Cinacalcet tablets are indicated for the treatment of hypercalcemia in adult patients with Parathyroid Carcinoma [see CLINICAL STUDIES ( 14.2 )] . 1.3 Primary Hyperparathyroidism Cinacalcet tablets are indicated for the treatment of severe hypercalcemia in adult patients with primary HPT who are unable to undergo parathyroidectomy [see CLINICAL STUDIES ( 14.3 )].",
      "manufacturer": "Lupin Pharmaceuticals, Inc.",
      "splSetId": "4dc0bbfe-eb96-4351-a245-84f001389834"
    },
    {
      "brand": "Sensipar",
      "indication": "1 INDICATIONS AND USAGE Sensipar is a calcium-sensing receptor agonist indicated for: Secondary Hyperparathyroidism (HPT) in adult patients with chronic kidney disease (CKD) on dialysis. ( 1.1 ) Limitations of Use: Sensipar is not indicated for use in patients with CKD who are not on dialysis Hypercalcemia in adult patients with Parathyroid Carcinoma (PC). ( 1.2 ) Hypercalcemia in adult patients with primary HPT for whom parathyroidectomy would be indicated on the basis of serum calcium levels, but who are unable to undergo parathyroidectomy. ( 1.3 ) 1.1 Secondary Hyperparathyroidism Sensipar is indicated for the treatment of secondary hyperparathyroidism (HPT) in adult patients with chronic kidney disease (CKD) on dialysis [see Clinical Studies ( 14.1 )]. Limitations of Use: Sensipar is not indicated for use in patients with CKD who are not on dialysis because of an increased risk of hypocalcemia [see Warnings and Precautions ( 5.1 )] . 1.2 Parathyroid Carcinoma Sensipar is indicated for the treatment of hypercalcemia in adult patients with Parathyroid Carcinoma [see Clinical Studies ( 14.2 )] . 1.3 Primary Hyperparathyroidism Sensipar is indicated for the treatment of hypercalcemia in adult patients with primary HPT for whom parathyroidectomy would be indicated on the basis of serum calcium levels, but who are unable to undergo parathyroidectomy [see Clinical Studies ( 14.3 )] .",
      "manufacturer": "A-S Medication Solutions",
      "splSetId": "5475c673-67d1-4fb9-ad57-b1bd1f0039e1"
    },
    {
      "brand": "Cinacalcet",
      "indication": "1 INDICATIONS AND USAGE Cinacalcet is a positive modulator of the calcium sensing receptor indicated for: \u2022 Secondary Hyperparathyroidism (HPT) in adult patients with chronic kidney disease (CKD) on dialysis. ( 1.1 ) Limitations of Use: Cinacalcet tablets are not indicated for use in patients with CKD who are not on dialysis \u2022 Hypercalcemia in adult patients with Parathyroid Carcinoma (PC). ( 1.2 ) \u2022 Severe hypercalcemia in adult patients with primary HPT who are unable to undergo parathyroidectomy. ( 1.3 ) 1.1 Secondary Hyperparathyroidism Cinacalcet tablets are indicated for the treatment of secondary hyperparathyroidism (HPT) in adult patients with chronic kidney disease (CKD) on dialysis [see Clinical Studies ( 14.1 )]. Limitations of Use: Cinacalcet tablets are not indicated for use in patients with CKD who are not on dialysis because of an increased risk of hypocalcemia [see Warnings and Precautions ( 5.1 )]. 1.2 Parathyroid Carcinoma Cinacalcet tablets are indicated for the treatment of hypercalcemia in adult patients with Parathyroid Carcinoma [see Clinical Studies ( 14.2 )]. 1.3 Primary Hyperparathyroidism Cinacalcet tablets are indicated for the treatment of severe hypercalcemia in adult patients with primary HPT who are unable to undergo parathyroidectomy [see Clinical Studies ( 14.3 )].",
      "manufacturer": "Camber Pharmaceuticals, Inc.",
      "splSetId": "5480ebd3-5b39-4f8b-bb03-05617f6f519f"
    },
    {
      "brand": "Cinacalcet",
      "indication": "1 INDICATIONS & USAGE Cinacalcet is a positive modulator of the calcium sensing receptor indicated for: Secondary Hyperparathyroidism (HPT) in adult patients with chronic kidney disease (CKD) on dialysis. (1.1) Limitations of Use: Cinacalcet is not indicated for use in patients with CKD who are not on dialysis. Hypercalcemia in adult patients with Parathyroid Carcinoma (PC). (1.2) Severe hypercalcemia in adult patients with primary HPT who are unable to undergo parathyroidectomy. (1.3) 1.1 Secondary Hyperparathyroidism Cinacalcet are indicated for the treatment of secondary hyperparathyroidism (HPT) in adult patients with chronic kidney disease (CKD) on dialysis [see Clinical Studies ( 14.1 )]. Limitations of Use: Cinacalcet is not indicated for use in adult patients with CKD who are not on dialysis because of an increased risk of hypocalcemia [see Warnings and Precautions ( 5.1 )]. 1.2 Parathyroid Carcinoma Cinacalcet is indicated for the treatment of hypercalcemia in adult patients with Parathyroid Carcinoma [see Clinical Studies ( 14.2) ] . 1.3 Primary Hyperparathyroidism Cinacalcet are indicated for the treatment of hypercalcemia in adult patients with primary HPT who are unable to undergo parathyroidectomy [ see Clinical Studies (14.3) ]",
      "manufacturer": "Ascend Laboratories, LLC",
      "splSetId": "55f95ae0-84ac-4ae4-b7a0-7590ab919ae1"
    },
    {
      "brand": "Cinacalcet",
      "indication": "1 INDICATIONS & USAGE Cinacalcet is a calcium-sensing receptor agonist indicated for \u2022 Secondary Hyperparathyroidism (HPT) in adult patients with chronic kidney disease (CKD) on dialysis. (1.1) Limitations of Use: Cinacalcet is not indicated for use in patients with CKD who are not on dialysis. \u2022 Hypercalcemia in adult patients with Parathyroid Carcinoma (PC). (1.2) \u2022 Severe hypercalcemia in adult patients with primary HPT who are unable to undergo parathyroidectomy. (1.3) 1.1 Secondary Hyperparathyroidism Cinacalcet are indicated for the treatment of secondary hyperparathyroidism (HPT) in adult patients with chronic kidney disease (CKD) on dialysis [see Clinical Studies ( 14.1 )]. Limitations of Use: Cinacalcet is not indicated for use in adult patients with CKD who are not on dialysis because of an increased risk of hypocalcemia [see Warnings and Precautions ( 5.1 )]. 1.2 Parathyroid Carcinoma Cinacalcet is indicated for the treatment of hypercalcemia in adult patients with Parathyroid Carcinoma [see Clinical Studies ( 14.2) ] . 1.3 Primary Hyperparathyroidism Cinacalcet are indicated for the treatment of hypercalcemia in adult patients with primary HPT who are unable to undergo parathyroidectomy [ see Clinical Studies (14.3) ]",
      "manufacturer": "Major Pharmaceuticals",
      "splSetId": "5d700f53-0ed6-4f93-bfb3-97880a1dd8c6"
    },
    {
      "brand": "CINACALCET",
      "indication": "1 INDICATIONS AND USAGE Cinacalcet is a positive modulator of the calcium-sensing receptor indicated for: Secondary Hyperparathyroidism (HPT) in adult patients with chronic kidney disease (CKD) on dialysis. ( 1.1 ) Limitations of Use: Cinacalcet tablets are not indicated for use in patients with CKD who are not on dialysis Hypercalcemia in adult patients with Parathyroid Carcinoma (PC). ( 1.2 ) Severe hypercalcemia in adult patients with primary HPT who are unable to undergo parathyroidectomy. ( 1.3 ) 1.1 Secondary Hyperparathyroidism Cinacalcet tablets are indicated for the treatment of secondary hyperparathyroidism (HPT) in adult patients with chronic kidney disease (CKD) on dialysis [see Clinical Studies ( 14.1 )]. Limitations of Use: Cinacalcet tablets are not indicated for use in patients with CKD who are not on dialysis because of an increased risk of hypocalcemia [see Warnings and Precautions ( 5.1 )] . 1.2 Parathyroid Carcinoma Cinacalcet tablets are indicated for the treatment of hypercalcemia in adult patients with Parathyroid Carcinoma [see Clinical Studies ( 14.2 )] . 1.3 Primary Hyperparathyroidism Cinacalcet tablets are indicated for the treatment of severe hypercalcemia in adult patients with primary HPT who are unable to undergo parathyroidectomy [see Clinical Studies ( 14.3 )] .",
      "manufacturer": "Accord Healthcare, Inc.",
      "splSetId": "6bad4e06-c0a1-4123-83c2-67d3b081e8a9"
    },
    {
      "brand": "Cinacalcet",
      "indication": "1 INDICATIONS AND USAGE Cinacalcet is a positive modulator of the calcium sensing receptor indicated for: \u2022 Secondary Hyperparathyroidism (HPT) in adult patients with chronic kidney disease (CKD) on dialysis. (1.1) Limitations of Use: Cinacalcet is not indicated for use in patients with CKD who are not on dialysis \u2022 Hypercalcemia in adult patients with Parathyroid Carcinoma (PC). (1.2) \u2022 Severe hypercalcemia in adult patients with primary HPT who are unable to parathyroidectomy. (1.3) 1.1 Secondary Hyperparathyroidism Cinacalcet tablets are indicated for the treatment of secondary hyperparathyroidism (HPT) in adult patients with chronic kidney disease (CKD) on dialysis [see Clinical Studies (14.1)]. Limitations of Use: Cinacalcet tablets are not indicated for use in patients with CKD who are not on dialysis because of an increased risk of hypocalcemia [see Warnings and Precautions (5.1)] 1.2 Parathyroid Carcinoma Cinacalcet tablets are indicated for the treatment of hypercalcemia in adult patients with Parathyroid Carcinoma [see Clinical Studies (14.2)]. 1.3 Primary Hyperparathyroidism Cinacalcet tablets are indicated for the treatment of severe hypercalcemia in adult patients with primary HPT who are unable to undergo parathyroidectomy [see Clinical Studies (14.3)].",
      "manufacturer": "Golden State Medical Supply",
      "splSetId": "a9509fe9-60c4-7fb3-e053-2995a90a8e4c"
    },
    {
      "brand": "Cinacalcet",
      "indication": "1 INDICATIONS AND USAGE Cinacalcet is a positive modulator of the calcium sensing receptor indicated for: Secondary Hyperparathyroidism (HPT) in adult patients with chronic kidney disease (CKD) on dialysis. (1.1) Limitations of Use: Cinacalcet is not indicated for use in patients with CKD who are not on dialysis Hypercalcemia in adult patients with Parathyroid Carcinoma (PC). (1.2) Hypercalcemia in adult patients with primary HPT who are unable to undergo parathyroidectomy. (1.3) 1.1 Secondary Hyperparathyroidism Cinacalcet tablets are indicated for the treatment of secondary hyperparathyroidism (HPT) in adult patients with chronic kidney disease (CKD) on dialysis [see Clinical Studies (14.1)]. Limitations of Use: Cinacalcet tablets are not indicated for use in patients with CKD who are not on dialysis because of an increased risk of hypocalcemia [see Warnings and Precautions (5.1)]. 1.2 Parathyroid Carcinoma Cinacalcet tablets are indicated for the treatment of hypercalcemia in adult patients with Parathyroid Carcinoma [see Clinical Studies (14.2)] . 1.3 Primary Hyperparathyroidism Cinacalcet tablets are indicated for the treatment of hypercalcemia in adult patients with primary HPT who are unable to undergo parathyroidectomy [see Clinical Studies (14.3)] .",
      "manufacturer": "NorthStar RxLLC",
      "splSetId": "aa09a7e0-d2e6-444b-961b-d740f32d9297"
    },
    {
      "brand": "Cinacalcet",
      "indication": "1 INDICATIONS AND USAGE Cinacalcet is a positive modulator of the calcium-sensing receptor agonist indicated for: Secondary Hyperparathyroidism (HPT) in adult patients with chronic kidney disease (CKD) on dialysis. ( 1.1 ) Limitations of Use: Cinacalcet Tablets is not indicated for use in patients with CKD who are not on dialysis Hypercalcemia in adult patients with Parathyroid Carcinoma (PC). ( 1.2 ) Severe hypercalcemia in adult patients with primary HPT who are unable to undergo parathyroidectomy. ( 1.3 ) 1.1 Secondary Hyperparathyroidism Cinacalcet Tablets is indicated for the treatment of secondary hyperparathyroidism (HPT) in adult patients with chronic kidney disease (CKD) on dialysis [see Clinical Studies ( 14.1 )]. Limitations of Use: Cinacalcet Tablets is not indicated for use in patients with CKD who are not on dialysis because of an increased risk of hypocalcemia [see Warnings and Precautions ( 5.1 )]. 1.2 Parathyroid Carcinoma Cinacalcet Tablets is indicated for the treatment of hypercalcemia in adult patients with Parathyroid Carcinoma [see Clinical Studies ( 14.2 )] . 1.3 Primary Hyperparathyroidism Cinacalcet Tablets is indicated for the treatment of severe hypercalcemia in adult patients with primary HPT who are unable to undergo parathyroidectomy [see Clinical Studies ( 14.3 )] .",
      "manufacturer": "ACI Healthcare USA, Inc",
      "splSetId": "d6a4cf57-653b-4d75-9470-c572b3c26e96"
    },
    {
      "brand": "Cinacalcet",
      "indication": "1 INDICATIONS & AND USAGE Cinacalcet is a calcium-sensing receptor agonist indicated for Secondary Hyperparathyroidism (HPT) in adult patients with chronic kidney disease (CKD) on dialysis. ( 1.1 ) Limitations of Use: Cinacalcet is not indicated for use in patients with CKD who are not on dialysis. Hypercalcemia in adult patients with Parathyroid Carcinoma (PC). ( 1.2 ) Severe hypercalcemia in adult patients with primary HPT who are unable to undergo parathyroidectomy. ( 1.3 ) 1.1 Secondary Hyperparathyroidism Cinacalcet are indicated for the treatment of secondary hyperparathyroidism (HPT) in adult patients with chronic kidney disease (CKD) on dialysis [see Clinical Studies ( 14.1 )]. Limitations of Use: Cinacalcet is not indicated for use in adult patients with CKD who are not on dialysis because of an increased risk of hypocalcemia [see Warnings and Precautions ( 5.1 )]. 1.2 Parathyroid Carcinoma Cinacalcet is indicated for the treatment of hypercalcemia in adult patients with Parathyroid Carcinoma [see Clinical Studies ( 14.2) ]. 1.3 Primary Hyperparathyroidism Cinacalcet are indicated for the treatment of hypercalcemia in adult patients with primary HPT who are unable to undergo parathyroidectomy [see Clinical Studies ( 14.3 )].",
      "manufacturer": "American Health Packaging",
      "splSetId": "eb566106-8c68-44a2-ac21-e035f4368a10"
    },
    {
      "brand": "Cinacalcet",
      "indication": "1 INDICATIONS AND USAGE Cinacalcet is a positive modulator of the calcium sensing receptor indicated for: \u2022 Secondary Hyperparathyroidism (HPT) in adult patients with chronic kidney disease (CKD) on dialysis. ( 1.1 ) Limitations of Use: Cinacalcet tablets are not indicated for use in patients with CKD who are not on dialysis \u2022 Hypercalcemia in adult patients with Parathyroid Carcinoma (PC). ( 1.2 ) \u2022 Severe hypercalcemia in adult patients with primary HPT who are unable to undergo parathyroidectomy. ( 1.3 ) 1.1 Secondary Hyperparathyroidism Cinacalcet tablets are indicated for the treatment of secondary hyperparathyroidism (HPT) in adult patients with chronic kidney disease (CKD) on dialysis [see Clinical Studies ( 14.1 )]. Limitations of Use: Cinacalcet tablets are not indicated for use in patients with CKD who are not on dialysis because of an increased risk of hypocalcemia [see Warnings and Precautions ( 5.1 )]. 1.2 Parathyroid Carcinoma Cinacalcet tablets are indicated for the treatment of hypercalcemia in adult patients with Parathyroid Carcinoma [see Clinical Studies ( 14.2 )]. 1.3 Primary Hyperparathyroidism Cinacalcet tablets are indicated for the treatment of severe hypercalcemia in adult patients with primary HPT who are unable to undergo parathyroidectomy [see Clinical Studies ( 14.3 )].",
      "manufacturer": "XLCare Pharmaceuticals Inc.",
      "splSetId": "ff0b9500-085a-4e1e-a2e4-fd918ed70b2e"
    }
  ],
  "id": "Cinacalcet_Hydrochloride",
  "nciThesaurus": {
    "casRegistry": "364782-34-3",
    "chebiId": "CHEBI:48391",
    "chemicalFormula": "C22H22F3N.HCl",
    "definition": "The orally bioavailable hydrochloride salt of the calcimimetic cinacalcet. Cinacalcet increases the sensitivity of calcium-sensing receptors on chief cells in the parathyroid gland to extracellular calcium, thereby reducing parathyroid hormone (PTH) secretion. A reduction in PTH levels inhibits osteoclast activity, which may result in a decrease in cortical bone turnover and bone fibrosis, and normalization of serum calcium and phosphorus levels. In addition, by reducing PTH levels, cinacalcet may reduce PSA levels; PTH appears to raise PSA levels and may increase prostate cancer cell growth.",
    "fdaUniiCode": "1K860WSG25",
    "identifier": "C47450",
    "preferredName": "Cinacalcet Hydrochloride",
    "semanticType": "Pharmacologic Substance",
    "subclassOf": [
      "C2136"
    ],
    "synonyms": [
      "1-Naphthalenemethanamine, a-methyl-N-(3-(3-(trifluoromethyl)phenyl)propyl)-,(aR)-, Hydrochloride",
      "CINACALCET HYDROCHLORIDE",
      "Cinacalcet Hydrochloride",
      "Mimpara",
      "Sensipar"
    ]
  }
}