{
  "emaEpar": [],
  "fdaDrugLabel": [],
  "id": "8-Azaguanine",
  "nciThesaurus": {
    "casRegistry": "134-58-7",
    "chebiId": "CHEBI:63486",
    "chemicalFormula": "C4H4N6O",
    "definition": "A purine analogue with potential antineoplastic activity.  8-Azaguanine interferes with the modification of transfer ribonucleic acid (tRNA) by competing with guanine for incorporation into tRNA catalyzed by the enzyme tRNA-guanine ribosyltransferase (tRNA-guanine transglycosylase).  Altered guanine modification of tRNA has been implicated in cellular differentiation and neoplastic transformation.  8-Azaguanine also inhibits the formation of 43S and 80S initiation complexes, thereby interfering with initiation of translation and inhibiting protein synthesis.  This agent inhibits tumor cell growth and stimulates cell differentiation.",
    "fdaUniiCode": "Q150359I72",
    "identifier": "C28788",
    "preferredName": "8-Azaguanine",
    "semanticType": "Nucleic Acid, Nucleoside, or Nucleotide",
    "subclassOf": [
      "C1556"
    ],
    "synonyms": [
      "5-Amino-1,4-dihydro-7H-1,2,3-triazolo(4,5-d)pyrimidin-7-one",
      "5-Amino-1H-v-triazolo(d)pyrimidin-7-ol",
      "5-Amino-7-hydroxy-1H-v-triazolo(d)pyrimidine",
      "8 AG",
      "8-AZAGUANINE",
      "8-Azaguanine",
      "Guanazolo",
      "Pathocidin",
      "SF-337",
      "SK 1150",
      "Triazologuanine"
    ]
  }
}