{
  "emaEpar": [],
  "fdaDrugLabel": [],
  "id": "Abexinostat",
  "nciThesaurus": {
    "casRegistry": "783355-60-2",
    "chebiId": "",
    "chemicalFormula": "C21H23N3O5",
    "definition": "An orally bioavailable hydroxamate-based pan-inhibitor of histone deacetylase (HDAC), with potential antineoplastic and radiosensitizing activities. Upon administration, abexinostat inhibits HDAC, resulting in an accumulation of highly acetylated histones, followed by the induction of chromatin remodeling; the selective transcription of tumor suppressor genes; and the tumor suppressor protein-mediated inhibition of tumor cell division and induction of tumor cell apoptosis. In addition, abexinostat decreases the expression of the DNA-repair protein RAD51, thereby reducing the RAD51 protein, preventing repair of DNA double-strand breaks and increasing sensitivity of tumor cells to DNA damaging agents. HDAC, upregulated in many tumor types, is an enzyme that is responsible for the deacetylation of chromatin histone proteins.",
    "fdaUniiCode": "IYO470654U",
    "identifier": "C68920",
    "preferredName": "Abexinostat",
    "semanticType": "Organic Chemical",
    "subclassOf": [
      "C1946"
    ],
    "synonyms": [
      "2-benzofurancarboxamide, 3-((dimethylamino)methyl)-n-(2-(4-((hydroxyamino)carbonyl)phenoxy)ethyl)-",
      "3-((dimethylamino)methyl)-N-(2-(4-(hydroxycarbamoyl)phenoxy)ethyl)-1-benzofuran-2-carboxamide",
      "ABEXINOSTAT",
      "Abexinostat",
      "CRA-024781",
      "HDAC Inhibitor PCI-24781",
      "PCI-24781"
    ]
  }
}