{
  "emaEpar": [],
  "fdaDrugLabel": [],
  "id": "Acronine",
  "nciThesaurus": {
    "casRegistry": "7008-42-6",
    "chebiId": "CHEBI:2437",
    "chemicalFormula": "C20H19NO3",
    "definition": "A natural alkaloid with an acridine structure isolated from the bark of the plant Acronychia baueri (Australian scrub ash) with antineoplastic properties.  Acronycine appears to alkylate DNA and interfere with DNA replication.",
    "fdaUniiCode": "QE0G097358",
    "identifier": "C75297",
    "preferredName": "Acronine",
    "semanticType": "Pharmacologic Substance",
    "subclassOf": [
      "C1931",
      "C2163"
    ],
    "synonyms": [
      "ACRONINE",
      "Acronine",
      "Acronycine"
    ]
  }
}