{
  "emaEpar": [],
  "fdaDrugLabel": [],
  "id": "Afeletecan_Hydrochloride",
  "nciThesaurus": {
    "casRegistry": "215604-74-3",
    "chebiId": "",
    "chemicalFormula": "",
    "definition": "The hydrochloride salt form of afeletecan, a water-soluble camptothecin derivative conjugated to a carbohydrate moiety exhibiting antineoplastic activity. Afeletecan stabilizes the topoisomerase I-DNA covalent complex and forms an enzyme-drug-DNA ternary complex. As a consequence of the formation of this complex, both the initial cleavage reaction and religation steps are inhibited and subsequent collision of the replication fork with the cleaved strand of DNA results in inhibition of DNA replication, double strand DNA breakage and triggering of apoptosis. The peptide carbohydrate moiety of this agent stabilizes the lactone form of camptothecin in blood.",
    "fdaUniiCode": "DTJ7VPW43J",
    "identifier": "C1886",
    "preferredName": "Afeletecan Hydrochloride",
    "semanticType": "Amino Acid, Peptide, or Protein",
    "subclassOf": [
      "C2843"
    ],
    "synonyms": [
      "AFELETECAN HYDROCHLORIDE",
      "Afeletecan Hydrochloride",
      "BAY 38-3441",
      "BAY 56-3722",
      "BAY56-3722",
      "Camptothecin Glycoconjugate BAY 38-3441"
    ]
  }
}