{
  "emaEpar": [],
  "fdaDrugLabel": [],
  "id": "Alestramustine",
  "nciThesaurus": {
    "casRegistry": "139402-18-9",
    "chebiId": "",
    "chemicalFormula": "C26H36Cl2N2O4",
    "definition": "The l-alanine ester form of estramustine, a combination of the nitrogen mustard normustine coupled via a carbamate to estradiol, with antineoplastic activity. Upon conversion of alestramustine to estramustine, estramustine binds to microtubule-associated proteins (MAPs) and beta tubulin, thereby interfering with microtubule dynamics and leading to microtubule disassembly and cell cyle arrest. Due to the estrogen moiety, this agent is able to selectively bind to and be taken up by estrogen receptor-positive cells.",
    "fdaUniiCode": "81U8A51CHK",
    "identifier": "C77370",
    "preferredName": "Alestramustine",
    "semanticType": "Pharmacologic Substance",
    "subclassOf": [
      "C697"
    ],
    "synonyms": [
      "ALESTRAMUSTINE",
      "Alestramustine"
    ]
  }
}