{
  "emaEpar": [],
  "fdaDrugLabel": [],
  "id": "Aminopterin_Sodium",
  "nciThesaurus": {
    "casRegistry": "58602-66-7",
    "chebiId": "",
    "chemicalFormula": "C19H18N8O5.2Na",
    "definition": "The sodium salt of a pterin derivative with antineoplastic and immunosuppressive properties.  As a folate analogue, aminopterin competes for the folate binding site of the enzyme dihydrofolate reductase, thereby blocking tetrahydrofolate synthesis, and resulting in depletion of nucleotide precursors and inhibition of DNA, RNA and protein synthesis.",
    "fdaUniiCode": "FZU1QI13O9",
    "identifier": "C74554",
    "preferredName": "Aminopterin Sodium",
    "semanticType": "Amino Acid, Peptide, or Protein",
    "subclassOf": [
      "C2153",
      "C511"
    ],
    "synonyms": [
      "AMINOPTERIN SODIUM",
      "Aminopterin Sodium",
      "Sodium Aminopterin"
    ]
  }
}