{
  "emaEpar": [],
  "fdaDrugLabel": [],
  "id": "Amsacrine_Lactate",
  "nciThesaurus": {
    "casRegistry": "80277-11-8",
    "chebiId": "",
    "chemicalFormula": "C21H19N3O3S.C3H6O3",
    "definition": "The lactate form of amsacrine, an aminoacridine analog and topoisomerase II inhibitor, with antineoplastic activity. Although the exact relationship between DNA binding and its activity has yet to be fully elucidated, amsacrine intercalates DNA through its acridine moiety, and its nonintercalative headgroup impedes topoisomerase II activity, augmenting enzyme-mediated DNA cleavage and resulting in DNA double-strand breaks. This ultimately induces programmed cell death.",
    "fdaUniiCode": "959PWE0Q2E",
    "identifier": "C96771",
    "preferredName": "Amsacrine Lactate",
    "semanticType": "Organic Chemical",
    "subclassOf": [
      "C582"
    ],
    "synonyms": [
      "AMSACRINE LACTATE",
      "Amsacrine Lactate",
      "Methanesulfon-m-anisidide, 4'-(9-acridinylamino)-, compd. with Lactic Acid",
      "N-(4-(9-Acridinylamino)-3-methoxyphenyl)methanesulfonamide compd. with Lactic Acid",
      "m-AMSA lactate"
    ]
  }
}