{
  "emaEpar": [],
  "fdaDrugLabel": [],
  "id": "Amustaline_Dihydrochloride",
  "nciThesaurus": {
    "casRegistry": "210584-54-6",
    "chebiId": "",
    "chemicalFormula": "C22H25Cl2N3O2.2ClH",
    "definition": "The hydrochloride salt form of amustaline, a quinacrine mustard compound with potential antineoplastic activity. Amustaline binds to, intercalates and crosslinks DNA and RNA. This agent is mainly used for ex vivo purposes, specifically for the inactivation of pathogens such as viruses, protozoa and bacteria in red blood cells (RBCs).",
    "fdaUniiCode": "C5MKX7XOYA",
    "identifier": "C75035",
    "preferredName": "Amustaline Dihydrochloride",
    "semanticType": "Pharmacologic Substance",
    "subclassOf": [
      "C1590"
    ],
    "synonyms": [
      "AMUSTALINE DIHYDROCHLORIDE",
      "Amustaline Dihydrochloride"
    ]
  }
}