{
  "emaEpar": [
    {
      "activeSubstance": "anakinra",
      "conditionIndication": "Rheumatoid Arthritis (RA)Kineret is indicated in adults for the treatment of the signs and symptoms of RA in combination with methotrexate, with an inadequate response to methotrexate alone.Periodic fever syndromesKineret is indicated for the treatment of the following autoinflammatory periodic fever syndromes in adults, adolescents, children and infants aged 8\u00a0months and older with a body weight of 10\u00a0kg or above:Cryopyrin-Associated Periodic Syndromes (CAPS)Kineret is indicated for the treatment of CAPS, including:Neonatal-Onset Multisystem Inflammatory Disease (NOMID) / Chronic Infantile Neurological, Cutaneous, Articular Syndrome (CINCA)Muckle-Wells Syndrome (MWS)Familial Cold Autoinflammatory Syndrome (FCAS)Familial Mediterranean Fever (FMF)Kineret is indicated for the treatment of Familial Mediterranean Fever (FMF). Kineret should be given in combination with colchicine, if appropriate.Still\u2019s DiseaseKineret is indicated in adults, adolescents, children and infants aged 8 months and older with a body weight of 10 kg or above for the treatment of Still\u2019s disease, including Systemic Juvenile Idiopathic Arthritis (SJIA) and Adult-Onset Still\u2019s Disease (AOSD), with active systemic features of moderate to high disease activity, or in patients with continued disease activity after treatment with non-steroidal anti-inflammatory drugs (NSAIDs) or glucocorticoids.Kineret can be given as monotherapy or in combination with other anti-inflammatory drugs and disease-modifying antirheumatic drugs (DMARDs).",
      "inn": "anakinra",
      "marketingAuthorisationDate": "2002-03-08 01:00:00",
      "marketingAuthorisationHolder": "Swedish Orphan Biovitrum AB (publ)",
      "medicineName": "Kineret",
      "url": "https://www.ema.europa.eu/en/medicines/human/EPAR/kineret"
    }
  ],
  "fdaDrugLabel": [
    {
      "brand": "Kineret",
      "indication": "1 INDICATIONS AND USAGE KINERET is an interleukin-1 receptor antagonist indicated for: Rheumatoid Arthritis (RA) Reduction in signs and symptoms and slowing the progression of structural damage in moderately to severely active rheumatoid arthritis, in patients 18 years of age or older who have failed 1 or more disease modifying antirheumatic drugs (DMARDs) ( 1.1 ) Cryopyrin-Associated Periodic Syndromes (CAPS) Treatment of Neonatal-Onset Multisystem Inflammatory Disease (NOMID) ( 1.2 ) Deficiency of Interleukin-1 Receptor Antagonist (DIRA) Treatment of Deficiency of Interleukin-1 Receptor Antagonist (DIRA) ( 1.3 ) 1.1 Active Rheumatoid Arthritis KINERET is indicated for the reduction in signs and symptoms and slowing the progression of structural damage in moderately to severely active rheumatoid arthritis (RA), in patients 18 years of age or older who have failed 1 or more disease modifying antirheumatic drugs (DMARDs). KINERET can be used alone or in combination with DMARDs other than Tumor Necrosis Factor (TNF) blocking agents [see Warnings and Precautions ( 5.2 )]. 1.2 Cryopyrin-Associated Periodic Syndromes (CAPS) KINERET is indicated for the treatment of Neonatal-Onset Multisystem Inflammatory Disease (NOMID). 1.3 Deficiency of Interleukin-1 Receptor Antagonist (DIRA) KINERET is indicated for the treatment of Deficiency of Interleukin-1 Receptor Antagonist (DIRA)",
      "manufacturer": "Swedish Orphan Biovitrum AB (publ)",
      "splSetId": "d9d74915-6606-4570-9c52-c4001d3177de"
    }
  ],
  "id": "Anakinra",
  "nciThesaurus": {
    "casRegistry": "143090-92-0",
    "chebiId": "",
    "chemicalFormula": "",
    "definition": "A recombinant human nonglycosylated interleukin-1 (IL-1) receptor antagonist with potential antineoplastic activity. Anakinra binds to the IL-1 receptor, thereby blocking the binding of the IL-1 to and activation of its receptor. Blockade of IL-1 activity may inhibit the cascade of downstream pro-angiogenic factors such as vascular endothelial cell growth factor, tumor necrosis factor-alpha, and IL-6, resulting in inhibition of tumor angiogenesis.",
    "fdaUniiCode": "9013DUQ28K",
    "identifier": "C38717",
    "preferredName": "Anakinra",
    "semanticType": "Pharmacologic Substance",
    "subclassOf": [
      "C1742",
      "C2486"
    ],
    "synonyms": [
      "ANAKINRA",
      "Anakinra",
      "Kinaret",
      "Kineret",
      "anakinra",
      "rIL-1ra",
      "rIL1RN"
    ]
  }
}