{
  "emaEpar": [],
  "fdaDrugLabel": [],
  "id": "Ancitabine_Hydrochloride",
  "nciThesaurus": {
    "casRegistry": "10212-25-6",
    "chebiId": "",
    "chemicalFormula": "C9H11N3O4.ClH",
    "definition": "The hydrochloride salt of a cytarabine congener prodrug with antineoplastic activity. Upon administration, ancitabine is slowly hydrolyzed into cytarabine. Subsequently, cytarabine is converted to the triphosphate form within the cell and then competes with cytidine for incorporation into DNA. Because the arabinose sugar sterically hinders the rotation of the molecule within DNA, DNA replication ceases, specifically during the S phase of the cell cycle. Cytarabine agent also inhibits DNA polymerase, resulting in a decrease in DNA replication and repair. Compared to cytarabine, a more prolonged, consistent cytarabine-mediated therapeutic effect may be achieved with ancitabine because of the slow hydrolytic conversion of ancitabine to cytarabine.",
    "fdaUniiCode": "3T6920M469",
    "identifier": "C403",
    "preferredName": "Ancitabine Hydrochloride",
    "semanticType": "Nucleic Acid, Nucleoside, or Nucleotide",
    "subclassOf": [
      "C1557"
    ],
    "synonyms": [
      "6H-furo(2',3':4,5)oxazolo(3,2-a)pyrimidine-2-methanol,2,3,3a,9a-tetrahydro-3-hydroxy-6-imino-,(2R(2alpha,3beta,3a beta,9a beta))",
      "ANCITABINE HYDROCHLORIDE",
      "Ancid",
      "Ancitabine Hydrochloride",
      "Ancitabine hydrochloride",
      "Ancytabine Hydrochloride",
      "CycloCMP Hydrochloride",
      "CycloCMP hydrochloride",
      "Cyclocytidine",
      "Cyclocytidine HCL",
      "Cyclocytidine Hydrochloride",
      "Cyclocytidine hydrochloride",
      "U-33, 624A"
    ]
  }
}