{
  "emaEpar": [],
  "fdaDrugLabel": [],
  "id": "Androgen_Receptor_Antisense_Oligonucleotide_AZD5312",
  "nciThesaurus": {
    "casRegistry": "",
    "chebiId": "",
    "chemicalFormula": "",
    "definition": "An antisense oligonucleotide targeting the androgen receptor (AR) mRNA, with potential antineoplastic activity. Upon intravenous administration, AZD5312 hybridizes with AR mRNA, which blocks translation of the AR protein. This both inhibits AR-induced tumor cell growth and promotes apoptosis in AR-overexpressing tumor cells. AR is overexpressed in certain breast and prostate cancers and is involved in tumor cell proliferation and survival.",
    "fdaUniiCode": "3S31QX1Q6J",
    "identifier": "C116326",
    "preferredName": "Androgen Receptor Antisense Oligonucleotide AZD5312",
    "semanticType": "Nucleic Acid, Nucleoside, or Nucleotide",
    "subclassOf": [
      "C1291"
    ],
    "synonyms": [
      "AZD-5312",
      "AZD5312",
      "Androgen Receptor Antisense Oligonucleotide AZD5312",
      "ISIS-ARRx",
      "ISIS-AZ1Rx"
    ]
  }
}