{
  "emaEpar": [],
  "fdaDrugLabel": [],
  "id": "Aniline_Mustard",
  "nciThesaurus": {
    "casRegistry": "553-27-5",
    "chebiId": "",
    "chemicalFormula": "",
    "definition": "An alkylating mustard with antineoplastic activity. Aniline mustard forms covalent linkages with nucleophilic centers, resulting in depurination, base miscoding and strand scission, and crosslinking of DNA strands, all of which contribute to its cytotoxicity.",
    "fdaUniiCode": "CUJ6745Z9J",
    "identifier": "C249",
    "preferredName": "Aniline Mustard",
    "semanticType": "Organic Chemical",
    "subclassOf": [
      "C697"
    ],
    "synonyms": [
      ".beta.,.beta.'-Dichlorodiethylaniline",
      "A 14489",
      "Aniline Mustard",
      "Aniline mustard",
      "Benzenamine, N, N-bis(2-chloroethyl)- (9CI)",
      "Benzenamine, N, N-bis(2-chloroethyl)-(9CI)",
      "CB 1074",
      "Lymphochin",
      "Lymphocin",
      "Lymphoquin",
      "Mesylerythrol",
      "N, N-Bis(2-chloroethyl)aniline",
      "N,N-BIS(2-CHLOROETHYL)ANILINE",
      "N,N-bis(2-chloroethyl)aniline",
      "N,N-bis(2-chloroethyl)benzenamine",
      "Phenylbis(2-chloroethylamine)",
      "SK 592",
      "TL 476",
      "beta, beta'-dichlorodiethylaniline",
      "mesylerythrol",
      "phenylbis[2-chloroethylamine]"
    ]
  }
}