{
  "emaEpar": [],
  "fdaDrugLabel": [],
  "id": "Annamycin",
  "nciThesaurus": {
    "casRegistry": "92689-49-1",
    "chebiId": "",
    "chemicalFormula": "C26H25IO11",
    "definition": "A lipophilic, anthracycline antineoplastic antibiotic. Annamycin intercalates into DNA and inhibits topoisomerase II, thereby inhibiting DNA replication and repair as well as inhibiting RNA and protein synthesis.  This agent appears to not be a substrate for the p-glycoprotein associated multidrug-resistance (MDR) transporter; therefore, overcoming the resistance pattern seen with other anthracycline compounds.",
    "fdaUniiCode": "SNU299M83Q",
    "identifier": "C2632",
    "preferredName": "Annamycin",
    "semanticType": "Antibiotic",
    "subclassOf": [
      "C1594"
    ],
    "synonyms": [
      "2'-iodo-3'-hydroxy-4'-epi-4-demethoxydoxorubicin",
      "5,12-naphthacenedione, 7-((2,6-dideoxy-2-iodo-alpha-l-mannopyranosyl)oxy)-7,8,9,10-tetrahydro-6,9,11-trihydroxy-9-(hydroxyacetyl)-, (7S-cis)-",
      "ANNAMYCIN",
      "Annamycin",
      "annamycin"
    ]
  }
}