{
  "emaEpar": [],
  "fdaDrugLabel": [],
  "id": "Ansamitomicin_P-3",
  "nciThesaurus": {
    "casRegistry": "66547-09-9",
    "chebiId": "",
    "chemicalFormula": "C32H43ClN2O9",
    "definition": "An ansamacrolide and maytansine analogue originally isolated from the Ethiopian shrub Maytenus serrata with antineoplastic activity. Ansamitomicin P-3 binds to tubulin at the maytansine-binding site, thereby inhibiting microtubule assembly, inducing microtubule disassembly, and disrupting mitosis.",
    "fdaUniiCode": "7SUK7876BG",
    "identifier": "C97710",
    "preferredName": "Ansamitomicin P-3",
    "semanticType": "Pharmacologic Substance",
    "subclassOf": [
      "C67477"
    ],
    "synonyms": [
      "ANSAMITOMICIN P-3",
      "Ansamitomicin P-3",
      "Maytansine, 3-o-de(2-(acetylmethylamino)-1-oxopropyl)-3-o-(1-oxobutyl)-"
    ]
  }
}