{
  "emaEpar": [],
  "fdaDrugLabel": [],
  "id": "Anti-ErbB3_Monoclonal_Antibody_AV-203",
  "nciThesaurus": {
    "casRegistry": "1353581-77-7",
    "chebiId": "",
    "chemicalFormula": "",
    "definition": "A humanized monoclonal antibody (MoAb) directed against the human receptor tyrosine-protein kinase ErbB-3 (HER3) with potential antineoplastic activity. Anti-ErbB3 MoAb AV-203 binds to and inhibits both ligand neuregulin-1 (NRG-1)-dependent and ligand-independent ErbB3 activation, which may result in inhibition of ErbB3-dependent PI3K/Akt signaling and may lead to inhibition of cellular proliferation and differentiation. ErbB3, a member of the epidermal growth factor receptor (EGFR) family, is frequently overexpressed in solid tumors and its overexpression generally correlates with poor prognosis and tumor resistance; it has no active kinase domain itself but is activated through heterodimerization with other members of the EGFR receptor family that do.",
    "fdaUniiCode": "841P9W25WA",
    "identifier": "C102535",
    "preferredName": "Anti-ErbB3 Monoclonal Antibody AV-203",
    "semanticType": "Pharmacologic Substance",
    "subclassOf": [
      "C129822",
      "C20401"
    ],
    "synonyms": [
      "AV 203",
      "AV-203",
      "AV203",
      "Anti-ErbB3 MoAb AV-203",
      "Anti-ErbB3 Monoclonal Antibody AV-203",
      "CAN-017"
    ]
  }
}