{
  "emaEpar": [],
  "fdaDrugLabel": [],
  "id": "Anti-5T4_Antibody-Drug_Conjugate_PF-06263507",
  "nciThesaurus": {
    "casRegistry": "",
    "chebiId": "",
    "chemicalFormula": "",
    "definition": "An antibody-drug conjugate composed of an antibody directed against 5T4 and conjugated, via the stable linker maleimidocaproyl (mc), to the microtubule inhibitor monomethyl auristatin phenylalanine (MMAF), with potential antineoplastic activity. Upon administration, the antibody moiety of PF-06263507 selectively binds to cells expressing the 5T4 oncofetal antigen. After internalization and enzymatic cleavage of the immunoconjugate within the tumor cell cytosol, free MMAF binds to tubulin and inhibits its polymerization, which may result in G2/M phase arrest and tumor cell apoptosis. 5T4, a transmembrane glycoprotein, is overexpressed by a variety of cancer cell types; its expression is correlated with increased invasiveness.",
    "fdaUniiCode": "V7U0JSO7FH",
    "identifier": "C107388",
    "preferredName": "Anti-5T4 Antibody-Drug Conjugate PF-06263507",
    "semanticType": "Pharmacologic Substance",
    "subclassOf": [
      "C129823",
      "C1512"
    ],
    "synonyms": [
      "Anti-5T4 Antibody-Drug Conjugate PF-06263507",
      "PF-06263507"
    ]
  }
}