{
  "emaEpar": [],
  "fdaDrugLabel": [],
  "id": "Anti-CD22_ADC_TRPH-222",
  "nciThesaurus": {
    "casRegistry": "",
    "chebiId": "",
    "chemicalFormula": "",
    "definition": "An antibody-drug conjugate (ADC) composed of an anti-CD22 humanized monoclonal antibody site-specifically conjugated to, via formylglycine (FG) residues and a protease insensitive 4AP linker, a cytotoxic microtubule-targeting maytansinoid payload, with potential antineoplastic activity. Upon administration, the monoclonal antibody moiety of TRPH-222 binds to B-cell-specific CD22 receptors and is rapidly internalized, thereby delivering the payload intracellularly. Upon proteolytic cleavage, the maytansinoid payload binds to tubulin, disrupting microtubule assembly/disassembly dynamics, inhibiting both cell division and tumor cell proliferation. CD22, a cell surface sialoglycoprotein, is expressed on mature B-cells and on most malignant B-cells. The site specific and stable conjugation to the payload allows for a higher drug-to-antibody ratio (DAR) and an enhanced therapeutic index.",
    "fdaUniiCode": "00NT1ETN9K",
    "identifier": "C156882",
    "preferredName": "Anti-CD22 ADC TRPH-222",
    "semanticType": "Amino Acid, Peptide, or Protein",
    "subclassOf": [
      "C155713"
    ],
    "synonyms": [
      "Anti-CD22 ADC TRPH-222",
      "Anti-CD22 Antibody-drug Conjugate TRPH-222",
      "Anti-CD22-4AP ADC TRPH-222",
      "CAT-02-106",
      "TRPH 222",
      "TRPH-222",
      "TRPH222"
    ]
  }
}