{
  "emaEpar": [],
  "fdaDrugLabel": [],
  "id": "Anti-CD33_AntigenCD3_Receptor_Bispecific_Monoclonal_Antibody_AMV564",
  "nciThesaurus": {
    "casRegistry": "",
    "chebiId": "",
    "chemicalFormula": "",
    "definition": "An anti-CD33/anti-CD3 bispecific tetravalent antibody, with potential immunostimulatory and antineoplastic activities. Anti-CD33/CD3 tetravalent bispecific monoclonal antibody AMV564 possesses two antigen-recognition and binding sites, one for the CD3 complex, a group of T-cell surface glycoproteins that complex with the T-cell receptor (TCR), and one for CD33, a tumor-associated antigen (TAA) overexpressed on the surface of a variety of tumor cell types. Upon infusion of AMV564, this bispecific antibody binds to CD3-expressing T-cells and CD33-expressing tumor cells, thereby crosslinking CD33-expressing tumor cells and cytotoxic T-lymphocytes (CTLs). This may result in a potent CTL-mediated cell lysis of CD33-expressing cells. CD33, a glycoprotein expressed by a variety of cancers, including the majority of acute myeloid leukemias (AMLs), and normal non-pluripotent hematopoietic stem cells, plays a key role in tumor initiation, proliferation and progression.",
    "fdaUniiCode": "56FUB33G5M",
    "identifier": "C135632",
    "preferredName": "Anti-CD33 Antigen/CD3 Receptor Bispecific Monoclonal Antibody AMV564",
    "semanticType": "Pharmacologic Substance",
    "subclassOf": [
      "C129822",
      "C28227"
    ],
    "synonyms": [
      "AMV 564",
      "AMV-564",
      "AMV564",
      "Anti-CD33 Antigen/CD3 Receptor Bispecific Monoclonal Antibody AMV564",
      "CD33 x CD3 Tandem Diabody AMV-56",
      "CD33/CD3 TandAbs AMV564"
    ]
  }
}