{
  "emaEpar": [],
  "fdaDrugLabel": [],
  "id": "Antibody-drug_Conjugate_SC-004",
  "nciThesaurus": {
    "casRegistry": "",
    "chebiId": "",
    "chemicalFormula": "",
    "definition": "An antibody-drug conjugate (ADC) composed of a proprietary monoclonal antibody against a tumor-associated antigen (TAA) linked to a currently undisclosed cytotoxic agent, with potential antineoplastic activity. Upon intravenous administration, the monoclonal antibody moiety of SC-004 targets and binds to the TAA expressed on tumor cells. Upon binding and internalization, the cytotoxic agent is released and kills the TAA-expressing cancer cells, through an unknown mechanism of action.",
    "fdaUniiCode": "EBA1W201ZY",
    "identifier": "C136807",
    "preferredName": "Antibody-drug Conjugate SC-004",
    "semanticType": "Pharmacologic Substance",
    "subclassOf": [
      "C129823",
      "C1512"
    ],
    "synonyms": [
      "ADC SC-004",
      "Antibody-drug Conjugate SC-004",
      "SC 004",
      "SC-004",
      "SC004"
    ]
  }
}