{
  "emaEpar": [],
  "fdaDrugLabel": [],
  "id": "Antibody-drug_Conjugate_SC-005",
  "nciThesaurus": {
    "casRegistry": "",
    "chebiId": "",
    "chemicalFormula": "",
    "definition": "An antibody-drug conjugate (ADC) composed of a proprietary monoclonal antibody against a tumor-associated antigen (TAA) linked to a currently undisclosed cytotoxic agent, with potential antineoplastic activity. Upon intravenous administration, the monoclonal antibody moiety of SC-005 targets and binds to the TAA expressed on tumor cells. Upon binding and internalization, the cytotoxic agent is released and kills the TAA-expressing cancer cells, through an unknown mechanism of action.",
    "fdaUniiCode": "BT8F8AD6WO",
    "identifier": "C154558",
    "preferredName": "Antibody-drug Conjugate SC-005",
    "semanticType": "Pharmacologic Substance",
    "subclassOf": [
      "C1512"
    ],
    "synonyms": [
      "Antibody-drug Conjugate SC-005",
      "SC 005",
      "SC-005"
    ]
  }
}