{
  "emaEpar": [],
  "fdaDrugLabel": [],
  "id": "Antibody-drug_Conjugate_MEDI7247",
  "nciThesaurus": {
    "casRegistry": "",
    "chebiId": "",
    "chemicalFormula": "",
    "definition": "An antibody-drug conjugate (ADC) composed of a proprietary monoclonal antibody against an unnamed tumor-associated antigen (TAA) linked to an as of yet undisclosed cytotoxic agent, with potential antineoplastic activity. Upon intravenous administration, the monoclonal antibody moiety of MEDI7247 targets and binds to the TAA expressed on tumor cells. Upon binding and internalization, the cytotoxic agent is released and kills the TAA-expressing cancer cells, through an as of yet unknown mechanism of action.",
    "fdaUniiCode": "XZ66R08EI3",
    "identifier": "C137821",
    "preferredName": "Antibody-drug Conjugate MEDI7247",
    "semanticType": "Pharmacologic Substance",
    "subclassOf": [
      "C129823"
    ],
    "synonyms": [
      "ADC MEDI7247",
      "Antibody-drug Conjugate MEDI7247",
      "MEDI 7247",
      "MEDI-7247",
      "MEDI7247"
    ]
  }
}