{
  "emaEpar": [],
  "fdaDrugLabel": [],
  "id": "Aprutumab_Ixadotin",
  "nciThesaurus": {
    "casRegistry": "1708947-48-1",
    "chebiId": "",
    "chemicalFormula": "",
    "definition": "An antibody-drug conjugate (ADC) directed against the fibroblast growth factor receptor type 2 (FGFR2) and conjugated to an as of yet unidentified toxin, with potential antineoplastic activity. Upon intravenous administration, aprutumab ixadotin binds to FGFR2. Upon binding, the toxin selectively induces cell death, through an as of yet undisclosed mechanism of action, in FGFR2-expressing tumor cells. FGFR2, a receptor tyrosine kinase upregulated in many tumor cell types, plays an essential role in tumor cell proliferation, differentiation and survival.",
    "fdaUniiCode": "DDD2AB5TWK",
    "identifier": "C121212",
    "preferredName": "Aprutumab Ixadotin",
    "semanticType": "Pharmacologic Substance",
    "subclassOf": [
      "C129823",
      "C1512"
    ],
    "synonyms": [
      "ADC BAY1187982",
      "APRUTUMAB IXADOTIN",
      "Aprutumab Ixadotin",
      "BAY 1187982",
      "BAY1187982"
    ]
  }
}