{
  "emaEpar": [],
  "fdaDrugLabel": [],
  "id": "Atamestane",
  "nciThesaurus": {
    "casRegistry": "96301-34-7",
    "chebiId": "",
    "chemicalFormula": "C20H26O2",
    "definition": "A synthetic steroidal substance with antineoplastic activity.  Atamestane binds irreversibly to and inhibits the enzyme aromatase, thereby blocking the conversion of cholesterol to pregnenolone and the peripheral aromatization of androgenic precursors into estrogens.",
    "fdaUniiCode": "62GA3K28B6",
    "identifier": "C1224",
    "preferredName": "Atamestane",
    "semanticType": "Organic Chemical",
    "subclassOf": [
      "C2017"
    ],
    "synonyms": [
      "ATAMESTANE",
      "Atamestane",
      "atamestane"
    ]
  }
}