{
  "emaEpar": [],
  "fdaDrugLabel": [],
  "id": "Aurora_Kinase_Inhibitor_MLN8054",
  "nciThesaurus": {
    "casRegistry": "869363-13-3",
    "chebiId": "",
    "chemicalFormula": "",
    "definition": "An orally bioavailable, highly selective small molecule inhibitor of the serine/threonine protein kinase Aurora A kinase with potential antineoplastic activity. Auora kinase inhibitor MLN8054 binds to and inhibits Aurora kinase A, resulting in disruption of the assembly of the mitotic spindle apparatus, disruption of chromosome segregation, and inhibition of cell proliferation. Aurora A localizes in mitosis to the spindle poles and to spindle microtubules and is thought to regulate spindle assembly. Aberrant expression of Aurora kinases occurs in a wide variety of cancers, including colon and breast cancers.",
    "fdaUniiCode": "BX854EHD63",
    "identifier": "C61075",
    "preferredName": "Aurora Kinase Inhibitor MLN8054",
    "semanticType": "Chemical Viewed Functionally",
    "subclassOf": [
      "C129825",
      "C62556"
    ],
    "synonyms": [
      "Aurora Kinase Inhibitor MLN8054",
      "Benzoic Acid, 4-((9-Chloro-7-(2,6-difluorophenyl)-5H-pyrimido(5,4-d)(2)benzazepin-2-yl)amino)-",
      "MLN 8054",
      "MLN-8054",
      "MLN8054"
    ]
  }
}