{
  "emaEpar": [
    {
      "activeSubstance": "avelumab",
      "conditionIndication": "Bavencio is indicated as monotherapy for the treatment of adult patients with metastatic Merkel cell carcinoma (MCC).Bavencio in combination with axitinib is indicated for the first-line treatment of adult patients with advanced renal cell carcinoma (RCC).Bavencio is indicated as monotherapy for the first\u2011line maintenance treatment of adult patients with locally advanced or metastatic urothelial carcinoma (UC) who are progression-free following platinum\u2011based chemotherapy.",
      "inn": "avelumab",
      "marketingAuthorisationDate": "2017-09-18 00:00:00",
      "marketingAuthorisationHolder": "Merck Europe B.V.",
      "medicineName": "Bavencio",
      "url": "https://www.ema.europa.eu/en/medicines/human/EPAR/bavencio"
    }
  ],
  "fdaDrugLabel": [
    {
      "brand": "BAVENCIO",
      "indication": "1 INDICATIONS AND USAGE BAVENCIO is a programmed death ligand-1 (PD-L1) blocking antibody indicated for: Merkel Cell Carcinoma (MCC) Adults and pediatric patients 12 years and older with metastatic MCC. This indication is approved under accelerated approval based on tumor response rate and duration of response. Continued approval for this indication may be contingent upon verification and description of clinical benefit in confirmatory trials. ( 1.1 , 14.1 ) Urothelial Carcinoma (UC) Maintenance treatment of patients with locally advanced or metastatic UC that has not progressed with first-line platinum-containing chemotherapy. ( 1.2 , 14.2 ) Patients with locally advanced or metastatic UC who: Have disease progression during or following platinum-containing chemotherapy. ( 1.2 , 14.2 ) Have disease progression within 12 months of neoadjuvant or adjuvant treatment with platinum-containing chemotherapy. ( 1.2 , 14.2 ) Renal Cell Carcinoma (RCC) First-line treatment, in combination with axitinib, of patients with advanced RCC. ( 1.3 , 14.3 ) 1.1 Metastatic Merkel Cell Carcinoma BAVENCIO (avelumab) is indicated for the treatment of adults and pediatric patients 12 years and older with metastatic Merkel cell carcinoma (MCC). This indication is approved under accelerated approval based on tumor response rate and duration of response. Continued approval for this indication may be contingent upon verification and description of clinical benefit in confirmatory trials [see Clinical Studies (14.1) ] . 1.2 Locally Advanced or Metastatic Urothelial Carcinoma First-Line Maintenance Treatment of Urothelial Carcinoma BAVENCIO is indicated for the maintenance treatment of patients with locally advanced or metastatic urothelial carcinoma (UC) that has not progressed with first-line platinum-containing chemotherapy [see Clinical Studies (14.2) ] . Previously-Treated Urothelial Carcinoma BAVENCIO is indicated for the treatment of patients with locally advanced or metastatic urothelial carcinoma (UC) who: Have disease progression during or following platinum-containing chemotherapy Have disease progression within 12 months of neoadjuvant or adjuvant treatment with platinum-containing chemotherapy [see Clinical Studies (14.2) ]. 1.3 Advanced Renal Cell Carcinoma BAVENCIO in combination with axitinib is indicated for the first-line treatment of patients with advanced renal cell carcinoma (RCC) [see Clinical Studies (14.3) ] .",
      "manufacturer": "EMD Serono, Inc.",
      "splSetId": "5cd725a1-2fa4-408a-a651-57a7b84b2118"
    }
  ],
  "id": "Avelumab",
  "nciThesaurus": {
    "casRegistry": "1537032-82-8",
    "chebiId": "",
    "chemicalFormula": "",
    "definition": "A human immunoglobulin G1 (IgG1) monoclonal antibody directed against the human immunosuppressive ligand programmed death-ligand 1 (PD-L1) protein, with potential immune checkpoint inhibitory and antineoplastic activities. Upon administration, avelumab binds to PD-L1 and prevents the interaction of PD-L1 with its receptor programmed cell death protein 1 (PD-1). This inhibits the activation of PD-1 and its downstream signaling pathways. This may restore immune function through the activation of cytotoxic T-lymphocytes (CTLs) targeted to PD-L1-overexpressing tumor cells. In addition, avelumab induces an antibody-dependent cellular cytotoxic (ADCC) response against PD-L1-expressing tumor cells. PD-1, a cell surface receptor belonging to the immunoglobulin superfamily expressed on T-cells, negatively regulates T-cell activation and effector function when activated by its ligand, and plays an important role in tumor evasion from host immunity. PD-L1, a transmembrane protein, is overexpressed on a variety of tumor cell types and is associated with poor prognosis.",
    "fdaUniiCode": "KXG2PJ551I",
    "identifier": "C116870",
    "preferredName": "Avelumab",
    "semanticType": "Amino Acid, Peptide, or Protein",
    "subclassOf": [
      "C128057"
    ],
    "synonyms": [
      "AVELUMAB",
      "Avelumab",
      "Bavencio",
      "Immunoglobulin G1-lambda1, Anti-(Homo sapiens CD274 (Programmed Death Ligand 1, PDL1, pd-l1, B7 Homolog 1, B7H1)), Homo sapiens Monoclonal Antibody",
      "MSB-0010718C",
      "MSB0010718C"
    ]
  }
}