{
  "emaEpar": [],
  "fdaDrugLabel": [],
  "id": "Azimexon",
  "nciThesaurus": {
    "casRegistry": "64118-86-1",
    "chebiId": "",
    "chemicalFormula": "C9H14N4O",
    "definition": "Azimexon (2-cyanaziridinyl-2-carbamoyl-aziridinyl-1-propane) is a derivative of 2-cyanaziridine. Immunostimulant which shows therapeutic effects in tumor models and experimental infections in vitro, enhancing T lymphocyte transformation and phagocytosis. The mode of action of azimexon is unknown. It has been suggested that azimexon may alkylate DNA. In cancer patients it increases leukocytosis, blood active T rosettes, T4/T8 ratio, and is used as an adjuvant to chemotherapy in the treatment of melanoma and myeloma.",
    "fdaUniiCode": "4NJ842U6BZ",
    "identifier": "C1347",
    "preferredName": "Azimexon",
    "semanticType": "Organic Chemical",
    "subclassOf": [
      "C2080",
      "C2139",
      "C797"
    ],
    "synonyms": [
      "2-Aziridinecarboxamide, 1-[1-(2-cyano-1-aziridinyl)-1-methylethyl]",
      "2-Cyanaziridinyl-2-carbamoyl-aziridinyl-1-propane",
      "AZ",
      "AZIMEXON",
      "Azimexon",
      "Azimexone",
      "BM 12.531",
      "BM12531"
    ]
  }
}