{
  "emaEpar": [],
  "fdaDrugLabel": [],
  "id": "Azotomycin",
  "nciThesaurus": {
    "casRegistry": "7644-67-9",
    "chebiId": "",
    "chemicalFormula": "C17H23N7O8",
    "definition": "An antineoplastic-antibiotic diazo analog of L-glutamine isolated from the bacterium Streptomyces ambofaciens.  Azotomycin inhibits glutamine-dependent enzymes involved in purine and pyrimidine biosynthesis, resulting in inhibition of DNA synthesis.",
    "fdaUniiCode": "6TQY580E8M",
    "identifier": "C28803",
    "preferredName": "Azotomycin",
    "semanticType": "Amino Acid, Peptide, or Protein",
    "subclassOf": [
      "C259"
    ],
    "synonyms": [
      "A 10270B",
      "AZOTOMYCIN",
      "Azotomycin",
      "Diazomycin B",
      "Duazomycin B",
      "L-Norleucine, 6-diazo-N-(6-diazo-N-L-gamma-glutamyl-5-oxo-L-norleucyl)-5-oxo- (8CI 9CI)"
    ]
  }
}