{
  "emaEpar": [],
  "fdaDrugLabel": [],
  "id": "Barasertib",
  "nciThesaurus": {
    "casRegistry": "722543-31-9",
    "chebiId": "",
    "chemicalFormula": "C26H31FN7O6P",
    "definition": "An orally bioavailable, small-molecule, dihydrogen phosphate prodrug of the pyrazoloquinazoline Aurora kinase inhibitor AZD1152-hydroxyquinazoline pyrazol anilide (AZD1152-HQPA) with potential antineoplastic activity. Upon administration and rapid conversion from the prodrug form in plasma, AZD1152-HQPA specifically binds to and inhibits Aurora kinase B, which results in the disruption of spindle checkpoint functions and chromosome alignment and, so, the disruption of chromosome segregation and cytokinesis. Consequently, cell division and cell proliferation are inhibited and apoptosis is induced in Aurora kinase B-overexpressing tumor cells. Aurora kinase B, a serine/threonine protein kinase that functions in the attachment of the mitotic spindle to the centromere, is overexpressed in a wide variety of cancer cell types.",
    "fdaUniiCode": "16XC2U7W8N",
    "identifier": "C62502",
    "preferredName": "Barasertib",
    "semanticType": "Pharmacologic Substance",
    "subclassOf": [
      "C129825",
      "C62556"
    ],
    "synonyms": [
      "1h-pyrazole-3-acetamide, 5-((7-(3-(ethyl(2-(phosphonooxy)ethyl)amino)propoxy)-4-quinazolinyl)amino)-n-(3-fluorophenyl)-",
      "AZD-1152",
      "AZD1152",
      "AZD2811",
      "Aurora Kinase Inhibitor AZD1152",
      "BARASERTIB",
      "Barasertib"
    ]
  }
}