{
  "emaEpar": [],
  "fdaDrugLabel": [],
  "id": "Batabulin",
  "nciThesaurus": {
    "casRegistry": "195533-53-0",
    "chebiId": "",
    "chemicalFormula": "C13H7F6NO3S",
    "definition": "A synthetic pentafluorophenylsulfonamide with potential antineoplastic activity. Batabulin covalently binds to beta tubulin, resulting in a disruption of microtubule polymerization, collapse of the cytoskeleton, cell cycle arrest, and tumor cell apoptosis.",
    "fdaUniiCode": "T4NP8G3K6Q",
    "identifier": "C72716",
    "preferredName": "Batabulin",
    "semanticType": "Pharmacologic Substance",
    "subclassOf": [
      "C67421"
    ],
    "synonyms": [
      "2-Fluoro-1-methoxy-4-pentafluorophenylsulfonamidobenzene",
      "BATABULIN",
      "Batabulin",
      "T138067"
    ]
  }
}