{
  "emaEpar": [
    {
      "activeSubstance": "belimumab",
      "conditionIndication": "Benlysta is indicated as add-on therapy in patients aged 5 years and older with active, autoantibody positive systemic lupus erythematosus (SLE) with a high degree of disease activity (e.g., positive anti dsDNA and low complement) despite standard therapy.Benlysta is indicated as add-on therapy in adult patients with active, autoantibody-positive systemic lupus erythematosus (SLE) with a high degree of disease activity (e.g., positive anti dsDNA and low complement) despite standard therapy.",
      "inn": "belimumab",
      "marketingAuthorisationDate": "2011-07-13 00:00:00",
      "marketingAuthorisationHolder": "GlaxoSmithKline (Ireland) Limited",
      "medicineName": "Benlysta",
      "url": "https://www.ema.europa.eu/en/medicines/human/EPAR/benlysta"
    }
  ],
  "fdaDrugLabel": [
    {
      "brand": "BENLYSTA",
      "indication": "1 INDICATIONS AND USAGE BENLYSTA (belimumab) is indicated for the treatment of: \u2022 patients aged 5 years and older with active, autoantibody \u2011 positive systemic lupus erythematosus (SLE) who are receiving standard therapy, and \u2022 adult patients with active lupus nephritis who are receiving standard therapy. Limitations of Use The efficacy of BENLYSTA has not been evaluated in patients with severe active central nervous system lupus. BENLYSTA has not been studied in combination with other biologics. Use of BENLYSTA is not recommended in these situations. BENLYSTA is a B-lymphocyte stimulator (BLyS)-specific inhibitor indicated for the treatment of: \u2022 patients aged 5 years and older with active, autoantibody-positive systemic lupus erythematosus (SLE) who are receiving standard therapy; ( 1 ) \u2022 adult patients with active lupus nephritis who are receiving standard therapy. ( 1 ) \u2022 Limitations of Use: The efficacy of BENLYSTA has not been evaluated in patients with severe active central nervous system lupus. BENLYSTA has not been studied in combination with other biologics. Use of BENLYSTA is not recommended in these situations. ( 1 )",
      "manufacturer": "GlaxoSmithKline LLC",
      "splSetId": "2fa3c528-1777-4628-8a55-a69dae2381a3"
    }
  ],
  "id": "Belimumab",
  "nciThesaurus": {
    "casRegistry": "356547-88-1",
    "chebiId": "",
    "chemicalFormula": "",
    "definition": "A fully human IgG1 monoclonal antibody directed against B-Lymphocyte stimulator protein (BlyS or TNFSF13B) with potential immunomodulating activity. Belimumab specifically recognizes and inhibits the biological activity of BlyS, thereby preventing the binding of BlyS to B-lymphocytes. This inhibits the maturation of B-lymphocytes and may induce apoptosis in B-lymphocytes. In addition, it may decrease B-lymphocyte proliferation and/or survival. BlyS, a member of TNF family supporting B-lymphocyte maturation and survival, has been implicated in the pathogenesis of autoimmune diseases and B-lymphocyte malignancies.",
    "fdaUniiCode": "73B0K5S26A",
    "identifier": "C91385",
    "preferredName": "Belimumab",
    "semanticType": "Amino Acid, Peptide, or Protein",
    "subclassOf": [
      "C20401"
    ],
    "synonyms": [
      "BELIMUMAB",
      "Belimumab",
      "Benlysta",
      "Immunoglobulin G1, anti-(Human Cytokine BAFF) (Human Monoclonal LymphoStat-B Heavy Chain), Disulfide with Human Monoclonal LymphoStat-B lambda-chain, Dimer",
      "LymphoStat-B"
    ]
  }
}