{
  "emaEpar": [],
  "fdaDrugLabel": [],
  "id": "Benzoylphenylurea",
  "nciThesaurus": {
    "casRegistry": "",
    "chebiId": "",
    "chemicalFormula": "",
    "definition": "A low molecular weight agent with antineoplastic activity. Benzoylphenylurea binds to the colchicine binding site on tubulin, thereby blocking tubulin polymerization and disrupting mitotic function.  This agent also inhibits DNA polymerase, and has been shown to arrest leukemia cells in the G1-S transition phase of the cell cycle.",
    "fdaUniiCode": "M10I9SO6RR",
    "identifier": "C2618",
    "preferredName": "Benzoylphenylurea",
    "semanticType": "Organic Chemical",
    "subclassOf": [
      "C67421"
    ],
    "synonyms": [
      "BENZOYLPHENYLUREA",
      "BPU",
      "Benzoylphenylurea",
      "benzoylphenylurea"
    ]
  }
}