{
  "emaEpar": [],
  "fdaDrugLabel": [],
  "id": "Beta_Alethine",
  "nciThesaurus": {
    "casRegistry": "646-08-2",
    "chebiId": "",
    "chemicalFormula": "",
    "definition": "A disulfide agent that stimulates T and B-cell functions and exhibits anti-tumor and immunostimulant activity. (NCI)",
    "fdaUniiCode": "LY583605Y8",
    "identifier": "C2605",
    "preferredName": "Beta Alethine",
    "semanticType": "Organic Chemical",
    "subclassOf": [
      "C2139"
    ],
    "synonyms": [
      "ALETHINE",
      "Alethine",
      "Beta Alethine",
      "Beta-alanyl-cysteamine Disulfide",
      "BetaLT",
      "Betathine",
      "N,N'-(Dithiodiethylene)bis(3-aminopropionamide)",
      "beta alethine"
    ]
  }
}