{
  "emaEpar": [],
  "fdaDrugLabel": [
    {
      "brand": "CITOMIX",
      "indication": "Immune support suring times of: Seasonal colds and flu",
      "manufacturer": "Guna spa",
      "splSetId": "23886c49-5992-4a59-af52-e24eb3c9fbc5"
    },
    {
      "brand": "Liver",
      "indication": "Uses To help support the structure & function of the liver",
      "manufacturer": "VIATREXX BIO INCORPORATED",
      "splSetId": "692849e3-6679-f337-e8d2-2be584767802"
    },
    {
      "brand": "GUNA-TONSILS",
      "indication": "Turn tube upside down and rotate cap to release pellets into cap. Unscrew cap and without touching pellets tip them into the mouth under the tongue. Allow to dissolve Take 15 minutes before meals.",
      "manufacturer": "Guna spa",
      "splSetId": "b7d0a24f-c702-4b4a-8494-a4cbbb020257"
    },
    {
      "brand": "GUNA-IL 4",
      "indication": "DIRECTIONS Take 15 minutes before meals. Adults and children 12 years and older 20 drops twice a day in a little water. Hold in the mouth for about 30 seconds then swallow. Children between 12 years and 6 years of age 10 drops twice a day in a little water. Hold in the mouth for about 30 seconds then swallow. Children under 6 years 5 drops twice a day in a glass of water.",
      "manufacturer": "Guna spa",
      "splSetId": "da1f5fe8-508d-4911-804a-8489ca97e071"
    },
    {
      "brand": "Systemic Detox",
      "indication": "Uses To help assist with systemic drainage & detox of all major systems",
      "manufacturer": "VIATREXX BIO INCORPORATED",
      "splSetId": "ea84fb9c-a99a-c187-ab0b-4bf7cfd5e82c"
    }
  ],
  "id": "Binetrakin",
  "nciThesaurus": {
    "casRegistry": "207137-56-2",
    "chebiId": "",
    "chemicalFormula": "",
    "definition": "A recombinant agent chemically identical to or similar to the endogenous cytokine interleukin-4 (IL-4). Produced primarily by activated T-cells, IL-4 binds to and activates its cell-surface receptor, stimulating the proliferation and differentiation of activated B-cells and enhancing their ability to present antigens to T-cells. As a potential immunotherapeutic agent, binetrakin also augments the effects of other cytokines on dendritic cells (DC), cytotoxic T lymphocytes (CTL), and tumor-infiltrating lymphocytes (TIL).",
    "fdaUniiCode": "751635Z921",
    "identifier": "C589",
    "preferredName": "Binetrakin",
    "semanticType": "Amino Acid, Peptide, or Protein",
    "subclassOf": [
      "C593"
    ],
    "synonyms": [
      "B Cell Proliferating Factor",
      "B-Cell Growth Factor",
      "B-Cell Stimulating Factor",
      "B-Cell Stimulatory Factor 1",
      "BCGF",
      "BCSF 1",
      "BINETRAKIN",
      "Binetrakin",
      "IL-4",
      "Interleukin 4 (Human) 129",
      "Interleukin-4",
      "MCGF 2",
      "Mast Cell Growth Factor-2",
      "RHIL-4",
      "Recombinant Human IL-4",
      "SCH 93400",
      "T-Cell Growth Factor 2"
    ]
  }
}