{
  "emaEpar": [],
  "fdaDrugLabel": [],
  "id": "Breflate",
  "nciThesaurus": {
    "casRegistry": "174305-65-8",
    "chebiId": "",
    "chemicalFormula": "",
    "definition": "A water soluble analogue of the antineoplastic agent brefeldin A (BFA).",
    "fdaUniiCode": "1Y1QP4AO5M",
    "identifier": "C28855",
    "preferredName": "Breflate",
    "semanticType": "Pharmacologic Substance",
    "subclassOf": [
      "C129839",
      "C784"
    ],
    "synonyms": [
      "13-(N,N-Dimethylglycyl)brefeldin A",
      "BREFLATE",
      "Breflate"
    ]
  }
}