{
  "emaEpar": [],
  "fdaDrugLabel": [],
  "id": "Brequinar_Sodium",
  "nciThesaurus": {
    "casRegistry": "96201-88-6",
    "chebiId": "",
    "chemicalFormula": "C23H14F2NO2.Na",
    "definition": "The sodium salt form of Brequinar.  Brequinar inhibits the enzyme dihydroorotate dehydrogenase, thereby blocking de novo pyrimidine biosynthesis.  This agent may also enhance the in vivo antitumor effect of antineoplastic agents such as 5-FU.",
    "fdaUniiCode": "49EEF6HRUS",
    "identifier": "C1078",
    "preferredName": "Brequinar Sodium",
    "semanticType": "Organic Chemical",
    "subclassOf": [
      "C1557",
      "C2169"
    ],
    "synonyms": [
      "BREQUINAR SODIUM",
      "Brequinar Sodium",
      "Brequinar sodium",
      "DUP-785",
      "DUP785",
      "Sodium 6-Fluoro-2-(2'-fluoro-4-biphenylyl)-3-methyl-4-quinolinecarboxylate"
    ]
  }
}