{
  "emaEpar": [],
  "fdaDrugLabel": [],
  "id": "Bromacrylide",
  "nciThesaurus": {
    "casRegistry": "4213-51-8",
    "chebiId": "",
    "chemicalFormula": "C7H11BrN2O2",
    "definition": "A propenamide-based agent with antineoplastic activity. Bromacrylide has been shown to decrease tumor growth in animal models, but is accompanied with severe toxicity, including severe bone marrow suppression and weight loss.",
    "fdaUniiCode": "173648DEO8",
    "identifier": "C73259",
    "preferredName": "Bromacrylide",
    "semanticType": "Pharmacologic Substance",
    "subclassOf": [
      "C47793"
    ],
    "synonyms": [
      "BROMACRYLIDE",
      "Bromacrylide"
    ]
  }
}