{
  "emaEpar": [],
  "fdaDrugLabel": [],
  "id": "Cactinomycin",
  "nciThesaurus": {
    "casRegistry": "8052-16-2",
    "chebiId": "",
    "chemicalFormula": "",
    "definition": "A chromopeptide antineoplastic antibiotic isolated from the bacterium Streptomyces chrysomallus.  Cactinomycin binds to DNA by intercalating between guanine and cytosine, forming stable antibiotic-DNA complexes that inhibit RNA and protein synthesis.",
    "fdaUniiCode": "0OCC969V50",
    "identifier": "C1032",
    "preferredName": "Cactinomycin",
    "semanticType": "Amino Acid, Peptide, or Protein",
    "subclassOf": [
      "C204"
    ],
    "synonyms": [
      "ACTINOMYCIN C",
      "Actinomycin C",
      "CACTINOMYCIN",
      "Cactinomycin"
    ]
  }
}