{
  "emaEpar": [],
  "fdaDrugLabel": [],
  "id": "Calcium_Saccharate",
  "nciThesaurus": {
    "casRegistry": "5793-89-5",
    "chebiId": "",
    "chemicalFormula": "C6H8O8.Ca.4H2O",
    "definition": "The calcium salt form of glucaric acid, a natural substance found in many fruits and vegetables, with potential anti-cancer property. One of the key processes in which the human body eliminates toxic chemicals as well as hormones (such as estrogen) is by attaching glucuronic acid to them in the liver and then excreting the complex in the bile. When beta-glucuronidase breaks the bond, it prolongs the stay of the hormone or toxic chemical in the body. Elevated beta-glucuronidase activity has been implicated to be associated with an increased risk for hormone-dependent cancers like breast, prostate, and colon cancers. Therefore, supplementing calcium glucarate may suppress the developments of hormone-dependent cancers.",
    "fdaUniiCode": "6AP9J91K4V",
    "identifier": "C335",
    "preferredName": "Calcium Saccharate",
    "semanticType": "Organic Chemical",
    "subclassOf": [
      "C1017"
    ],
    "synonyms": [
      "2,3,4,5-tetrahydroxy-1,6- dioxido-hexane-1,6-dione, Calcium",
      "Antacidin",
      "CALCIUM SACCHARATE",
      "CGT",
      "Calcium D-Glucarate",
      "Calcium D-Saccharate",
      "Calcium Glucarate",
      "Calcium Saccharate",
      "D-Glucaric Acid, Calcium Salt (1:1)",
      "Saccharated Lime"
    ]
  }
}