{
  "emaEpar": [
    {
      "activeSubstance": "Cannabidiol",
      "conditionIndication": "Epidyolex is indicated for use as adjunctive therapy of seizures associated with Lennox Gastaut syndrome (LGS) or Dravet syndrome (DS), in conjunction with clobazam, for patients 2 years of age and older.",
      "inn": "cannabidiol",
      "marketingAuthorisationDate": "2019-09-19 00:00:00",
      "marketingAuthorisationHolder": "GW Pharma (International) B.V.",
      "medicineName": "Epidyolex",
      "url": "https://www.ema.europa.eu/en/medicines/human/EPAR/epidyolex"
    }
  ],
  "fdaDrugLabel": [
    {
      "brand": "Epidiolex",
      "indication": "1 INDICATIONS AND USAGE EPIDIOLEX is indicated for the treatment of seizures associated with Lennox\u2011Gastaut syndrome (LGS), Dravet syndrome (DS), or tuberous sclerosis complex (TSC) in patients 1 year of age and older. EPIDIOLEX is indicated for the treatment of seizures associated with Lennox-Gastaut syndrome, Dravet syndrome, or tuberous sclerosis complex in patients 1 year of age and older ( 1 )",
      "manufacturer": "Greenwich Biosciences, Inc.",
      "splSetId": "8bf27097-4870-43fb-94f0-f3d0871d1eec"
    },
    {
      "brand": "leafPro CBDmed Oil FS QP 3%",
      "indication": "Uses pain relief inflammation relief soothing and relaxing effect",
      "manufacturer": "leafMed GmbH",
      "splSetId": "9f5071ef-2f9c-dd37-e053-2995a90afc9c"
    },
    {
      "brand": "leafPro CBDmed Oil FS QP 5%",
      "indication": "Uses pain relief inflammation relief soothing and relaxing effect",
      "manufacturer": "leafMed GmbH",
      "splSetId": "a06a86b5-244e-4b74-e053-2995a90a6f28"
    },
    {
      "brand": "leafPro CBDmed Oil FS QP 20%",
      "indication": "Uses pain relief inflammation relief soothing and relaxing effect",
      "manufacturer": "leafMed GmbH",
      "splSetId": "a06a86b5-2450-4b74-e053-2995a90a6f28"
    },
    {
      "brand": "leafPro CBDmed Softgels FS QP 20",
      "indication": "Uses pain relief inflammation relief soothing and relaxing effect",
      "manufacturer": "leafMed GmbH",
      "splSetId": "a0a9fdf2-53cd-53ee-e053-2995a90a8693"
    },
    {
      "brand": "leafPro CBDmed Oil T-FS QD 3%",
      "indication": "Uses pain relief inflammation relief soothing and relaxing effect",
      "manufacturer": "leafMed GmbH",
      "splSetId": "a0b98bdf-3c68-a5d2-e053-2995a90ae365"
    },
    {
      "brand": "leafPro CBDmed Oil T-FS QD 5%",
      "indication": "Uses pain relief inflammation relief soothing and relaxing effect",
      "manufacturer": "leafMed GmbH",
      "splSetId": "a0b9b4eb-1012-a897-e053-2995a90a6bd6"
    },
    {
      "brand": "leafPro CBDmed Oil T-FS QD 20%",
      "indication": "Uses pain relief inflammation relief soothing and relaxing effect",
      "manufacturer": "leafMed GmbH",
      "splSetId": "a0b9b4ed-df2c-28e8-e053-2995a90a98b8"
    },
    {
      "brand": "leafPro CBDmed Softgels T-FS QD 20",
      "indication": "Uses pain relief inflammation relief soothing and relaxing effect",
      "manufacturer": "leafMed GmbH",
      "splSetId": "a13764ce-db38-3231-e053-2a95a90a7e58"
    },
    {
      "brand": "Kaydia Patch",
      "indication": "\u200bUses",
      "manufacturer": "STRONG CURRENT ENTERPRISES LIMITED",
      "splSetId": "a52fb379-a3a4-fe09-e053-2a95a90a1284"
    }
  ],
  "id": "Cannabidiol",
  "nciThesaurus": {
    "casRegistry": "",
    "chebiId": "",
    "chemicalFormula": "",
    "definition": "A phytocannabinoid derived from Cannabis species, which is devoid of psychoactive activity, with analgesic, anti-inflammatory, antineoplastic and chemopreventive activities. Upon administration, cannabidiol (CBD) exerts its anti-proliferative, anti-angiogenic and pro-apoptotic activity through various mechanisms, which likely do not involve signaling by cannabinoid receptor 1 (CB1), CB2, or vanilloid receptor 1. CBD stimulates endoplasmic reticulum (ER) stress and inhibits AKT/mTOR signaling, thereby activating autophagy and promoting apoptosis. In addition, CBD enhances the generation of reactive oxygen species (ROS), which further enhances apoptosis. This agent also upregulates the expression of intercellular adhesion molecule 1 (ICAM-1) and tissue inhibitor of matrix metalloproteinases-1 (TIMP1) and decreases the expression of inhibitor of DNA binding 1 (ID-1). This inhibits cancer cell invasiveness and metastasis. CBD may also activate the transient receptor potential vanilloid type 2 (TRPV2), which may increase the uptake of various cytotoxic agents in cancer cells. The analgesic effect of CBD is mediated through the binding of this agent to and activation of CB1.",
    "fdaUniiCode": "19GBJ60SN5",
    "identifier": "C118452",
    "preferredName": "Cannabidiol",
    "semanticType": "Organic Chemical",
    "subclassOf": [
      "C105578",
      "C1742",
      "C2189"
    ],
    "synonyms": [
      "1,3-Benzenediol, 2-(3-methyl-6-(1-methylethenyl)-2-cyclohexen-1-yl)-5-pentyl-, (1R-trans)-",
      "CANNABIDIOL",
      "CBD",
      "CBD Oil",
      "Cannabidiol",
      "Epidiolex",
      "GWP42003-P"
    ]
  }
}