{
  "emaEpar": [],
  "fdaDrugLabel": [],
  "id": "Carbetimer",
  "nciThesaurus": {
    "casRegistry": "",
    "chebiId": "",
    "chemicalFormula": "",
    "definition": "Carbetimer (carboxyimamidate) is a low molecular weight derivatized copolymer of ethylene and maleic anhydride.  It has demonstrated antitumor activity against several animal models.  It has calcium chelation activity but seems to inhibit growth of sensitive cells by disrupting nucleoside uptake and metabolism.",
    "fdaUniiCode": "A678KM0M0N",
    "identifier": "C1356",
    "preferredName": "Carbetimer",
    "semanticType": "Organic Chemical",
    "subclassOf": [
      "C2139"
    ],
    "synonyms": [
      "CARBETIMER",
      "Carbetimer",
      "N-137",
      "NED-137",
      "carbethimer",
      "carboxyaminidate"
    ]
  }
}