{
  "emaEpar": [],
  "fdaDrugLabel": [
    {
      "brand": "Carboplatin",
      "indication": "INDICATIONS Initial Treatment of Advanced Ovarian Carcinoma Carboplatin injection is indicated for the initial treatment of advanced ovarian carcinoma in established combination with other approved chemotherapeutic agents. One established combination regimen consists of carboplatin and cyclophosphamide. Two randomized controlled studies conducted by the NCIC and SWOG with carboplatin versus cisplatin, both in combination with cyclophosphamide, have demonstrated equivalent overall survival between the two groups (see CLINICAL STUDIES ). There is limited statistical power to demonstrate equivalence in overall pathologic complete response rates and long-term survival (\u2265 3 years) because of the small number of patients with these outcomes: the small number of patients with residual tumor < 2 cm after initial surgery also limits the statistical power to demonstrate equivalence in this subgroup. Secondary Treatment of Advanced Ovarian Carcinoma Carboplatin injection is indicated for the palliative treatment of patients with ovarian carcinoma recurrent after prior chemotherapy, including patients who have been previously treated with cisplatin. Within the group of patients previously treated with cisplatin, those who have developed progressive disease while receiving cisplatin therapy may have a decreased response rate.",
      "manufacturer": "Ingenus Pharmaceuticals, LLC",
      "splSetId": "475caee0-15a6-4f0d-bca7-f3e472b323f7"
    },
    {
      "brand": "Carboplatin",
      "indication": "INDICATIONS Initial Treatment of Advanced Ovarian Carcinoma Carboplatin injection is indicated for the initial treatment of advanced ovarian carcinoma in established combination with other approved chemotherapeutic agents. One established combination regimen consists of carboplatin and cyclophosphamide. Two randomized controlled studies conducted by the NCIC and SWOG with carboplatin versus cisplatin, both in combination with cyclophosphamide, have demonstrated equivalent overall survival between the two groups (see CLINICAL STUDIES ). There is limited statistical power to demonstrate equivalence in overall pathologic complete response rates and long-term survival (\u2265 3 years) because of the small number of patients with these outcomes: the small number of patients with residual tumor < 2 cm after initial surgery also limits the statistical power to demonstrate equivalence in this subgroup. Secondary Treatment of Advanced Ovarian Carcinoma Carboplatin injection is indicated for the palliative treatment of patients with ovarian carcinoma recurrent after prior chemotherapy, including patients who have been previously treated with cisplatin. Within the group of patients previously treated with cisplatin, those who have developed progressive disease while receiving cisplatin therapy may have a decreased response rate.",
      "manufacturer": "Accord Healthcare, Inc.",
      "splSetId": "48aa7ef3-9f44-2a08-e054-00144ff88e88"
    }
  ],
  "id": "Carboplatin",
  "nciThesaurus": {
    "casRegistry": "41575-94-4",
    "chebiId": "CHEBI:31355",
    "chemicalFormula": "C6H6O4.Pt.2H3N",
    "definition": "A second-generation platinum compound with a broad spectrum of antineoplastic properties.  Carboplatin contains a platinum atom complexed with two ammonia groups and a cyclobutane-dicarboxyl residue.  This agent is activated intracellularly to form reactive platinum complexes that bind to nucleophilic groups such as GC-rich sites in DNA, thereby inducing intrastrand and interstrand DNA cross-links, as well as DNA-protein cross-links.  These carboplatin-induced DNA and protein effects result in apoptosis and cell growth inhibition.  This agent possesses tumoricidal activity similar to that of its parent compound, cisplatin, but is more stable and less toxic.",
    "fdaUniiCode": "BG3F62OND5",
    "identifier": "C1282",
    "preferredName": "Carboplatin",
    "semanticType": "Inorganic Chemical",
    "subclassOf": [
      "C1450"
    ],
    "synonyms": [
      "(SP-4-2)-diammine[1,1-cyclobutanedicarboxylato(2--)-O,O']platinum",
      "1,1-cyclobutanedicarboxylic acid platinum complex",
      "Blastocarb",
      "CARBOPLATIN",
      "CBDCA",
      "Carboplat",
      "Carboplatin",
      "Carboplatin Hexal",
      "Carboplatino",
      "Carboplatinum",
      "Carbosin",
      "Carbosol",
      "Carbotec",
      "Cis-Diammine(cyclobutane-1,1-dicarboxylato)platinum",
      "Displata",
      "Ercar",
      "JM-8",
      "Nealorin",
      "Novoplatinum",
      "Paraplat",
      "Paraplatin",
      "Paraplatin AQ",
      "Paraplatine",
      "Platinwas",
      "Ribocarbo",
      "carboplatin",
      "cis-diammine(1,1-cyclobutanedicarboxylato) platinum(II)",
      "cis-diammine(cyclobutanedicarboxylato)platinum II",
      "platinum, diammine(1,1-cyclobutanedicarboxylato(2-))-, (SP-4-2)"
    ]
  }
}