{
  "emaEpar": [],
  "fdaDrugLabel": [],
  "id": "Carmofur",
  "nciThesaurus": {
    "casRegistry": "61422-45-5",
    "chebiId": "",
    "chemicalFormula": "C11H16FN3O3",
    "definition": "An antimetabolite (pyrimidine analogue) antineoplastic derivative of 5-fluorouracil. (NCI)",
    "fdaUniiCode": "HA82M3RAB2",
    "identifier": "C955",
    "preferredName": "Carmofur",
    "semanticType": "Nucleic Acid, Nucleoside, or Nucleotide",
    "subclassOf": [
      "C1557"
    ],
    "synonyms": [
      "1(2H)-Pyrimidinecarboxamide, 5-fluoro-N-hexyl-3,4-dihydro-2,4-dioxo-",
      "1-Hexylcarbamoyl-5-Fluorouracil",
      "CARMOFUR",
      "Carmofur",
      "HCFU"
    ]
  }
}