{
  "emaEpar": [],
  "fdaDrugLabel": [],
  "id": "Carubicin_Hydrochloride",
  "nciThesaurus": {
    "casRegistry": "52794-97-5",
    "chebiId": "",
    "chemicalFormula": "C26H27NO10.HCl",
    "definition": "The hydrochloride salt of the anthracycline antineoplastic antibiotic carubicin.  Carubicin intercalates into DNA and inhibits topoisomerase II, thereby inhibiting DNA replication and ultimately, interfering with RNA and protein synthesis.",
    "fdaUniiCode": "4V3R166MB3",
    "identifier": "C1582",
    "preferredName": "Carubicin Hydrochloride",
    "semanticType": "Antibiotic",
    "subclassOf": [
      "C1594"
    ],
    "synonyms": [
      "CARUBICIN HYDROCHLORIDE",
      "Carubicin Hydrochloride",
      "Carubicin hydrochloride"
    ]
  }
}