{
  "emaEpar": [],
  "fdaDrugLabel": [],
  "id": "Carubicin",
  "nciThesaurus": {
    "casRegistry": "50935-04-1",
    "chebiId": "",
    "chemicalFormula": "C26H27NO10",
    "definition": "An anthracycline antineoplastic antibiotic isolated from the bacterium Actinomadura carminata. Carubicin intercalates into DNA and interacts with topoisomerase II, thereby inhibiting DNA replication and repair and RNA and protein synthesis.",
    "fdaUniiCode": "E7437K3983",
    "identifier": "C352",
    "preferredName": "Carubicin",
    "semanticType": "Antibiotic",
    "subclassOf": [
      "C1594"
    ],
    "synonyms": [
      "(2S,3S)-3-acetyl-1,2,3,4,6,11-hexahydro-3,5,10,12-tetrahydroxy-6,11-dioxo-1-naphthacenyl 3-amino-2,3,6-trideoxy-alpha-L-lyxo-hexopyranoside",
      "(8S-cis)-acetyl-10-[(3-amino-2,3,6-trideoxy-alpha-L-lyxo-hexopyranosyl)oxy]-7,8,9,10-tetrahydro-1,6,8,11-tetrahydroxy-5,12-naphthacenedione",
      "4-O-demethyldaunorubicin",
      "5,12-Naphthacenedione, 8-acetyl-10-[(3-amino-2,3, 6-trideoxy-.alpha.-L-lyxo-hexopyranosyl)oxy]-7,8,9, 10-tetrahydro-1,6,8,11-tetra-hydroxy- (8S-cis)- (8CI 9CI)",
      "5,12-naphthacenedione, 8-acetyl-10-[(3-amino-2,3,6-trideoxy-alpha-L-lyxo-hexopyranosyl)oxy]-7,8,9,10-tetrahydro-1,6,8,11-tetra-hydroxy-(8S-cis)-(8CI 9CI)",
      "5,12-naphthacenedione, 8-acetyl-10-[(3-amino-2,3,6-trideoxy-alpha-L-lyxo-hexopyranosyl)oxy]-7,8,9,10-tetrahydro-1,6,8,11-tetra-hydroxy-,(8S-cis)-(8CI)-(9CI)",
      "CARMINOMYCIN",
      "CARUBICIN",
      "CMM",
      "Carminomycin",
      "Carminomycin I",
      "Carubicin",
      "Demethyldaunomycin",
      "Karminomitsin",
      "Karminomycin"
    ]
  }
}