{
  "emaEpar": [],
  "fdaDrugLabel": [],
  "id": "Cediranib",
  "nciThesaurus": {
    "casRegistry": "288383-20-0",
    "chebiId": "",
    "chemicalFormula": "C25H27FN4O3",
    "definition": "",
    "fdaUniiCode": "NQU9IPY4K9",
    "identifier": "C80867",
    "preferredName": "Cediranib",
    "semanticType": "Pharmacologic Substance",
    "subclassOf": [
      "C1742",
      "C1967"
    ],
    "synonyms": [
      "4-[(4-fluoro-2-methyl-1H-indol-5-yl)oxy]-6-methoxy-7-[3-(pyrrolidin-1-yl)propoxy]quinazoline",
      "AZD2171",
      "CEDIRANIB",
      "Cediranib"
    ]
  }
}