{
  "emaEpar": [],
  "fdaDrugLabel": [
    {
      "brand": "LEUKERAN",
      "indication": "INDICATIONS AND USAGE LEUKERAN (chlorambucil) is indicated in the treatment of chronic lymphatic (lymphocytic) leukemia, malignant lymphomas including lymphosarcoma, giant follicular lymphoma, and Hodgkin\u2019s disease. It is not curative in any of these disorders but may produce clinically useful palliation.",
      "manufacturer": "Aspen Global Inc.",
      "splSetId": "967ed3ff-d99b-41e8-b768-dfb586d3d9a6"
    }
  ],
  "id": "Chlorambucil",
  "nciThesaurus": {
    "casRegistry": "305-03-3",
    "chebiId": "CHEBI:28830",
    "chemicalFormula": "C14H19Cl2NO2",
    "definition": "An orally-active antineoplastic aromatic nitrogen mustard. Chlorambucil alkylates and cross-links DNA during all phases of the cell cycle, resulting in disruption of DNA function, cell cycle arrest, and apoptosis. ",
    "fdaUniiCode": "18D0SL7309",
    "identifier": "C362",
    "preferredName": "Chlorambucil",
    "semanticType": "Organic Chemical",
    "subclassOf": [
      "C697"
    ],
    "synonyms": [
      ".gamma.-(p-bis(2-chloroethyl)aminophenyl)butyric acid",
      ".gamma.-[p-Di(2-chloroethyl)aminophenyl]butyric acid",
      ".gamma.-[p-bis(2-chloroethyl)aminophenyl]butyric acid",
      "4-[Bis(2-chloroethyl)amino]benzenebutanoic acid",
      "4-[bis(2-chloroethyl)amino]benzenebutanoic acid",
      "4-[p-[Bis(2-chloroethyl)amino]phenyl]butyric acid",
      "4-[p-[bis(2-chloroethyl)amino]phenyl]butyric acid",
      "Alti-chlorambucil",
      "Ambochlorin",
      "Amboclorin",
      "Aminochlorambucil",
      "Benzenebutanoic acid, 4-[bis(2-chloroethyl)amino]- (9CI)",
      "Butyric acid, 4-(p-[bis(2-chloroethyl)amino]phenyl)-",
      "Butyric acid, 4-(p-bis(2-chloroethyl)aminophenyl)-",
      "CB 1348",
      "CB-1348",
      "CHL",
      "CHLORAMBUCIL",
      "Chlorambucil",
      "Chlorambucilum",
      "Chloraminophen",
      "Chloraminophene",
      "Chlorbutin",
      "Chlorbutine",
      "Chloroambucil",
      "Chlorobutin",
      "Chlorobutine",
      "Ecloril",
      "Elcoril",
      "Leukeran",
      "Leukersan",
      "Leukoran",
      "Linfolizin",
      "Linfolysin",
      "Lympholysin",
      "N,N-Di-2-chloroethyl-.gamma.-p-aminophenylbutyric acid",
      "N,N-di-2-chloroethyl-gamma-p-aminophenylbutyric acid",
      "Phenylbutyric acid nitrogen mustard",
      "WR-139013",
      "aminochlorambucil",
      "benzenebutanoic acid, 4-[bis(2-chloroethyl)amino]- (9CI)",
      "butyric acid, 4-(p-bis(2-chloroethyl)aminophenyl)",
      "chlorambucil",
      "chlorbutinum",
      "chloroambucil",
      "gamma-(p-bis(2-chloroethyl)aminophenyl)butyric acid",
      "gamma-[p-di(2-chloroethyl)aminophenyl]butyric acid",
      "p-(N, N-Di-2-chloroethyl)aminophenyl butyric acid",
      "p-(N, N-di-2-chloroethyl)aminophenyl butyric acid",
      "p-N, N-Di-(.beta.-chloroethyl)aminophenyl butyric acid",
      "p-N, N-di-(beta-chloroethyl)aminophenyl butyric acid",
      "phenylbutyric acid nitrogen mustard"
    ]
  }
}