{
  "emaEpar": [],
  "fdaDrugLabel": [],
  "id": "Cibisatamab",
  "nciThesaurus": {
    "casRegistry": "1855925-27-7",
    "chebiId": "",
    "chemicalFormula": "",
    "definition": "An anti-carcinoembryonic antigen (CEA)/anti-CD3 bispecific monoclonal antibody with potential antineoplastic activity. Cibisatamab contains two antigen-recognition sites: one for human CD3, a T-cell surface antigen, and one for human CEA, a tumor-associated antigen that is specifically expressed on certain tumor cells. Upon intravenous administration, cibisatamab binds to both T-cells and CEA-expressing tumor cells, which cross-links the T-cells with the tumor cells. This may result in a potent cytotoxic T-lymphocyte (CTL) response against CEA-expressing tumor cells. CEA is overexpressed in many cancer cell types.",
    "fdaUniiCode": "ZAM5J1ATF2",
    "identifier": "C120097",
    "preferredName": "Cibisatamab",
    "semanticType": "Amino Acid, Peptide, or Protein",
    "subclassOf": [
      "C129822",
      "C28227"
    ],
    "synonyms": [
      "CIBISATAMAB",
      "Cibisatamab",
      "RG-7802",
      "RG7802",
      "RO6958688",
      "WHO 10636"
    ]
  }
}