{
  "emaEpar": [],
  "fdaDrugLabel": [],
  "id": "Ciforadenant",
  "nciThesaurus": {
    "casRegistry": "1202402-40-1",
    "chebiId": "",
    "chemicalFormula": "",
    "definition": "A small molecule immune checkpoint inhibitor of the adenosine A2A receptor (ADORA2A) with potential antineoplastic activity. Upon oral administration, ciforadenant binds to adenosine A2A receptors expressed on the surface of immune cells, including T-lymphocytes, natural killer (NK) cells, macrophages and dendritic cells (DCs). This prevents tumor-released adenosine from interacting with the A2A receptors on these key immune surveillance cells, thereby abrogating adenosine-induced immunosuppression in the tumor microenvironment. This may stimulate anti-tumor immune responses, resulting in tumor regression.",
    "fdaUniiCode": "8KFO2187CP",
    "identifier": "C125659",
    "preferredName": "Ciforadenant",
    "semanticType": "Pharmacologic Substance",
    "subclassOf": [
      "C2139"
    ],
    "synonyms": [
      "3H-1,2,3-Triazolo(4,5-d)pyrimidin-5-amine, 7-(5-Methyl-2-furanyl)-3-((6-((((3S)-tetrahydro-3-furanyl)oxy)methyl)-2-pyridinyl)methyl)-",
      "Adenosine-A2A Receptor-Targeting Agent CPI-444",
      "CIFORADENANT",
      "CPI-444",
      "Ciforadenant",
      "V81444"
    ]
  }
}