{
  "emaEpar": [],
  "fdaDrugLabel": [],
  "id": "Banoxantrone",
  "nciThesaurus": {
    "casRegistry": "136470-65-0",
    "chebiId": "",
    "chemicalFormula": "C22H28N4O6",
    "definition": "A bioreductive, alkylaminoanthraquinone prodrug with antineoplastic activity. Under hypoxic conditions, often seen in solid tumors, banoxantrone (AQ4N) is converted and activated by cytochrome P450 enzymes, which are upregulated in certain tumors, to the cytotoxic DNA-binding agent AQ4. Banoxantrone intercalates into and crosslinks DNA, and inhibits topoisomerase II. This results in an inhibition of DNA replication and repair in tumor cells. Combined with conventional therapeutic agents, both oxygenic and hypoxic regions of tumors can be targeted.",
    "fdaUniiCode": "W5H7E45YT3",
    "identifier": "C79528",
    "preferredName": "Banoxantrone",
    "semanticType": "Pharmacologic Substance",
    "subclassOf": [
      "C253"
    ],
    "synonyms": [
      "9,10-Anthracenedione, 1,4-bis((2-(dimethylamino)ethyl)amino)-5,8-dihydroxy-, N,N'-dioxide",
      "AQ 4N",
      "Aq4N",
      "BANOXANTRONE",
      "Banoxantrone"
    ]
  }
}