{
  "emaEpar": [],
  "fdaDrugLabel": [
    {
      "brand": "TREANDA",
      "indication": "1 INDICATIONS AND USAGE TREANDA is an alkylating drug indicated for treatment of patients with: Chronic lymphocytic leukemia (CLL). Efficacy relative to first line therapies other than chlorambucil has not been established. ( 1.1 ) Indolent B-cell non-Hodgkin lymphoma (NHL) that has progressed during or within six months of treatment with rituximab or a rituximab-containing regimen. ( 1.2 ) 1.1 Chronic Lymphocytic Leukemia (CLL) TREANDA \u00ae is indicated for the treatment of patients with chronic lymphocytic leukemia. Efficacy relative to first line therapies other than chlorambucil has not been established. 1.2 Non-Hodgkin Lymphoma (NHL) TREANDA is indicated for the treatment of patients with indolent B-cell non-Hodgkin lymphoma that has progressed during or within six months of treatment with rituximab or a rituximab-containing regimen.",
      "manufacturer": "Cephalon, Inc.",
      "splSetId": "39d53698-57fa-7c99-fc5b-f52a55684826"
    },
    {
      "brand": "BELRAPZO",
      "indication": "1 INDICATIONS AND USAGE BELRAPZO is an alkylating drug indicated for treatment of patients with: Chronic lymphocytic leukemia (CLL). Efficacy relative to first line therapies other than chlorambucil has not been established. ( 1.1 ) Indolent B-cell non-Hodgkin lymphoma (NHL) that has progressed during or within six months of treatment with rituximab or a rituximab-containing regimen. ( 1.2 ) 1.1 Chronic Lymphocytic Leukemia (CLL) BELRAPZO is indicated for the treatment of patients with chronic lymphocytic leukemia. Efficacy relative to first line therapies other than chlorambucil has not been established. 1.2 Non-Hodgkin Lymphoma (NHL) BELRAPZO is indicated for the treatment of patients with indolent B-cell non-Hodgkin lymphoma that has progressed during or within six months of treatment with rituximab or a rituximab-containing regimen.",
      "manufacturer": "Eagle Pharmaceuticals, Inc",
      "splSetId": "9759a4ae-82ca-40cf-9c02-e1cadb21cbdc"
    },
    {
      "brand": "Bendeka",
      "indication": "1 INDICATIONS AND USAGE BENDEKA injection is an alkylating drug indicated for treatment of patients with: Chronic lymphocytic leukemia (CLL). Efficacy relative to first line therapies other than chlorambucil has not been established. ( 1.1 ) Indolent B-cell non-Hodgkin lymphoma (NHL) that has progressed during or within six months of treatment with rituximab or a rituximab-containing regimen. ( 1.2 ) 1.1 Chronic Lymphocytic Leukemia (CLL) BENDEKA \u00ae is indicated for the treatment of patients with chronic lymphocytic leukemia. Efficacy relative to first line therapies other than chlorambucil has not been established. 1.2 Non-Hodgkin Lymphoma (NHL) BENDEKA is indicated for the treatment of patients with indolent B-cell non-Hodgkin lymphoma that has progressed during or within six months of treatment with rituximab or a rituximab-containing regimen.",
      "manufacturer": "Teva Pharmaceuticals USA, Inc.",
      "splSetId": "ace9a43b-f9bd-4896-abfe-0ef4fec67ddf"
    }
  ],
  "id": "Bendamustine_Hydrochloride",
  "nciThesaurus": {
    "casRegistry": "3543-75-7",
    "chebiId": "",
    "chemicalFormula": "C16H21Cl2N3O2.ClH",
    "definition": "The hydrochloride salt of bendamustine, a bifunctional mechlorethamine derivative with alkylator and antimetabolite activities. Bendamustine possesses three active moieties: an alkylating group; a benzimidazole ring, which may act as a purine analogue; and a butyric acid side chain. Although its exact mechanism of action is unknown this agent appears to act primarily as an alkylator. Bendamustine metabolites alkylate and crosslink macromolecules, resulting in DNA, RNA and protein synthesis inhibition, and, subsequently, apoptosis. Bendamustine may differ from other alkylators in that it may be more potent in activating p53-dependent stress pathways and inducing apoptosis; it may induce mitotic catastrophe; and it may activate a base excision DNA repair pathway rather than an alkyltransferase DNA repair mechanism. Accordingly, this agent may be more efficacious and less susceptible to drug resistance than other alkylators.",
    "fdaUniiCode": "981Y8SX18M",
    "identifier": "C61565",
    "preferredName": "Bendamustine Hydrochloride",
    "semanticType": "Nucleic Acid, Nucleoside, or Nucleotide",
    "subclassOf": [
      "C697"
    ],
    "synonyms": [
      "2-Benzimidazolinebutryric acid, 1-methyl-5-bis(2-chloroethyl)amino-, hydrochloride",
      "BENDAMUSTINE HYDROCHLORIDE",
      "Belrapzo",
      "Bendamustin Hydrochloride",
      "Bendamustine Hydrochloride",
      "Bendeka",
      "Cytostasan Hydrochloride",
      "Levact",
      "Ribomustin",
      "SyB L-0501",
      "Treanda",
      "bendamustine hydrochloride"
    ]
  }
}