{
  "emaEpar": [
    {
      "activeSubstance": "bevacizumab",
      "conditionIndication": "Zirabev in combination with fluoropyrimidine-based chemotherapy is indicated for treatment of adult patients with metastatic carcinoma of the colon or rectum.Zirabev in combination with paclitaxel is indicated for first-line treatment of adult patients with metastatic breast cancer. For further information as to human epidermal growth factor receptor 2 (HER2) status.Zirabev, in addition to platinum-based chemotherapy, is indicated for first-line treatment of adult patients with unresectable advanced, metastatic or recurrent non-small cell lung cancer other than predominantly squamous cell histology.Zirabev in combination with interferon alfa-2a is indicated for first line treatment of adult patients with advanced and/or metastatic renal cell cancer.Zirabev, in combination with paclitaxel and cisplatin or, alternatively, paclitaxel and topotecan in patients who cannot receive platinum therapy, is indicated for the treatment of adult patients with persistent, recurrent, or metastatic carcinoma of the cervix.",
      "inn": "bevacizumab",
      "marketingAuthorisationDate": "2019-02-14 01:00:00",
      "marketingAuthorisationHolder": "Pfizer Europe MA EEIG",
      "medicineName": "Zirabev",
      "url": "https://www.ema.europa.eu/en/medicines/human/EPAR/zirabev"
    },
    {
      "activeSubstance": "bevacizumab",
      "conditionIndication": "Aybintio in combination with fluoropyrimidine-based chemotherapy is indicated for treatment of adult patients with metastatic carcinoma of the colon or rectum.Aybintio in combination with paclitaxel is indicated for first-line treatment of adult patients with metastatic breast cancer. For further information as to human epidermal growth factor receptor 2 (HER2) status, please refer to section 5.1 of the SmPC.Aybintio in combination with capecitabine is indicated for first-line treatment of adult patients with metastatic breast cancer in whom treatment with other chemotherapy options including taxanes or anthracyclines is not considered appropriate. Patients who have received taxane and anthracyclinecontaining regimens in the adjuvant setting within the last 12 months should be excluded from treatment with Aybintio in combination with capecitabine. For further information as to HER2 status, please refer to section 5.1 of the SmPC.Aybintio, in addition to platinum-based chemotherapy, is indicated for first-line treatment of adult patients with unresectable advanced, metastatic or recurrent non-small cell lung cancer other than predominantly squamous cell histology.Aybintio, in combination with erlotinib, is indicated for first-line treatment of adult patients with unresectable advanced, metastatic or recurrent non-squamous non-small cell lung cancer with Epidermal Growth Factor Receptor (EGFR) activating mutations (see section 5.1 of the SmPC).Aybintio in combination with interferon alfa-2a is indicated for first line treatment of adult patients with advanced and/or metastatic renal cell cancer.Aybintio, in combination with carboplatin and paclitaxel is indicated for the front-line treatment of adult patients with advanced (International Federation of Gynecology and Obstetrics (FIGO) stages III B, III C and IV) epithelial ovarian, fallopian tube, or primary peritoneal cancer (see section 5.1 of the SmPC).Aybintio, in combination with carboplatin and gemcitabine or in combination with carboplatin and paclitaxel, is indicated for treatment of adult patients with first recurrence of platinum-sensitive epithelial ovarian, fallopian tube or primary peritoneal cancer who have not received prior therapy with bevacizumab or other VEGF inhibitors or VEGF receptor targeted agents.Aybintio, in combination with topotecan, or pegylated liposomal doxorubicin is indicated for the treatment of adult patients with platinum-resistant recurrent epithelial ovarian, fallopian tube, or primary peritoneal cancer who received no more than two prior chemotherapy regimens and who have not received prior therapy with bevacizumab or other VEGF inhibitors or VEGF receptor targeted agents (see section 5.1 of the SmPC).Aybintio, in combination with paclitaxel and cisplatin or, alternatively, paclitaxel and topotecan in patients who cannot receive platinum therapy, is indicated for the treatment of adult patients with persistent, recurrent, or metastatic carcinoma of the cervix (see section 5.1 of the SmPC).",
      "inn": "bevacizumab",
      "marketingAuthorisationDate": "2020-08-19 00:00:00",
      "marketingAuthorisationHolder": "Samsung Bioepis NL B.V.",
      "medicineName": "Aybintio",
      "url": "https://www.ema.europa.eu/en/medicines/human/EPAR/aybintio"
    },
    {
      "activeSubstance": "bevacizumab",
      "conditionIndication": "Onbevzi in combination with fluoropyrimidine-based chemotherapy is indicated for treatment of adult patients with metastatic carcinoma of the colon or rectum.Onbevzi in combination with paclitaxel is indicated for first-line treatment of adult patients with metastatic breast cancer. For further information as to human epidermal growth factor receptor 2 (HER2) status, please refer to section 5.1.Onbevzi in combination with capecitabine is indicated for first-line treatment of adult patients with metastatic breast cancer in whom treatment with other chemotherapy options including taxanes or anthracyclines is not considered appropriate. Patients who have received taxane and anthracycline containing regimens in the adjuvant setting within the last 12 months should be excluded from treatment with Onbevzi in combination with capecitabine. For further information as to HER2 status, please refer to section 5.1.Onbevzi, in addition to platinum-based chemotherapy, is indicated for first-line treatment of adult patients with unresectable advanced, metastatic or recurrent non-small cell lung cancer other than predominantly squamous cell histology.Onbevzi, in combination with erlotinib, is indicated for first-line treatment of adult patients with unresectable advanced, metastatic or recurrent non-squamous non-small cell lung cancer with Epidermal Growth Factor Receptor (EGFR) activating mutations.Onbevzi in combination with interferon alfa-2a is indicated for first line treatment of adult patients with advanced and/or metastatic renal cell cancer.Onbevzi, in combination with carboplatin and paclitaxel is indicated for the front-line treatment of adult patients with advanced (International Federation of Gynecology and Obstetrics (FIGO) stages III B, III C and IV) epithelial ovarian, fallopian tube, or primary peritoneal cancer.Onbevzi, in combination with carboplatin and gemcitabine or in combination with carboplatin and paclitaxel, is indicated for treatment of adult patients with first recurrence of platinum-sensitive epithelial ovarian, fallopian tube or primary peritoneal cancer who have not received prior therapy with bevacizumab or other VEGF inhibitors or VEGF receptor targeted agents.Onbevzi, in combination with topotecan, or pegylated liposomal doxorubicin is indicated for the treatment of adult patients with platinum-resistant recurrent epithelial ovarian, fallopian tube, or primary peritoneal cancer who received no more than two prior chemotherapy regimens and who have not received prior therapy with bevacizumab or other VEGF inhibitors or VEGF receptor targeted agents.Onbevzi, in combination with paclitaxel and cisplatin or, alternatively, paclitaxel and topotecan in patients who cannot receive platinum therapy, is indicated for the treatment of adult patients with persistent, recurrent, or metastatic carcinoma of the cervix.",
      "inn": "bevacizumab",
      "marketingAuthorisationDate": "2021-01-11 01:00:00",
      "marketingAuthorisationHolder": "Samsung Bioepis NL B.V.",
      "medicineName": "Onbevzi",
      "url": "https://www.ema.europa.eu/en/medicines/human/EPAR/onbevzi"
    },
    {
      "activeSubstance": "bevacizumab",
      "conditionIndication": "Bevacizumab in combination with fluoropyrimidine-based chemotherapy is indicated for treatment of adult patients with metastatic carcinoma of the colon or rectum.Bevacizumab in combination with paclitaxel is indicated for first-line treatment of adult patients with metastatic breast cancer. For further information as to human epidermal growth factor receptor 2 (HER2) status.Bevacizumab in combination with capecitabine is indicated for first-line treatment of adult patients with metastatic breast cancer in whom treatment with other chemotherapy options including taxanes or anthracyclines is not considered appropriate. Patients who have received taxane and anthracycline-containing regimens in the adjuvant setting within the last 12 months should be excluded from treatment with Avastin in combination with capecitabine. For further information as to HER2 status.Bevacizumab, in addition to platinum-based chemotherapy, is indicated for first-line treatment of adult patients with unresectable advanced, metastatic or recurrent non-small cell lung cancer other than predominantly squamous cell histology.Bevacizumab, in combination with erlotinib, is indicated for first-line treatment of adult patients with unresectable advanced, metastatic or recurrent non-squamous non-small cell lung cancer with Epidermal Growth Factor Receptor (EGFR) activating mutations.Bevacizumab in combination with interferon alfa-2a is indicated for first line treatment of adult patients with advanced and/or metastatic renal cell cancer.Bevacizumab, in combination with carboplatin and paclitaxel is indicated for the front-line treatment of adult patients with advanced (International Federation of Gynecology and Obstetrics (FIGO) stages III B, III C and IV) epithelial ovarian, fallopian tube, or primary peritoneal cancer.Bevacizumab, in combination with carboplatin and gemcitabine, is indicated for treatment of adult patients with first recurrence of platinum-sensitive epithelial ovarian, fallopian tube or primary peritoneal cancer who have not received prior therapy with bevacizumab or other VEGF inhibitors or VEGF receptor\u2013targeted agents.Bevacizumab in combination with paclitaxel, topotecan, or pegylated liposomal doxorubicin is indicated for the treatment of adult patients with platinum-resistant recurrent epithelial ovarian, fallopian tube, or primary peritoneal cancer who received no more than two prior chemotherapy regimens and who have not received prior therapy with bevacizumab or other VEGF inhibitors or VEGF receptor\u2013targeted agents.Bevacizumab, in combination with paclitaxel and cisplatin or, alternatively, paclitaxel and topotecan in patients who cannot receive platinum therapy, is indicated for the treatment of adult patients with persistent, recurrent, or metastatic carcinoma of the cervix.",
      "inn": "bevacizumab",
      "marketingAuthorisationDate": "2005-01-12 01:00:00",
      "marketingAuthorisationHolder": "Roche Registration GmbH",
      "medicineName": "Avastin",
      "url": "https://www.ema.europa.eu/en/medicines/human/EPAR/avastin"
    },
    {
      "activeSubstance": "bevacizumab",
      "conditionIndication": "Mvasi in combination with fluoropyrimidine-based chemotherapy is indicated for treatment of adult patients with metastatic carcinoma of the colon or rectum.Mvasi in combination with paclitaxel is indicated for first-line treatment of adult patients with metastatic breast cancer. For further information as to human epidermal growth factor receptor 2 (HER2) status, please refer to section 5.1.Mvasi, in addition to platinum-based chemotherapy, is indicated for first-line treatment of adult patients with unresectable advanced, metastatic or recurrent non-small cell lung cancer other than predominantly squamous cell histology.Mvasi\u00a0in combination with interferon alfa-2a is indicated for first-line treatment of adult patients with advanced and/or metastatic renal cell cancer.Mvasi, in combination with carboplatin and paclitaxel is indicated for the front-line treatment of adult patients with advanced (International Federation of Gynecology and Obstetrics (FIGO) stages IIIB, IIIC and IV) epithelial ovarian, fallopian tube, or primary peritoneal cancer.Mvasi, in combination with carboplatin and gemcitabine or in combination with carboplatin and paclitaxel, is indicated for treatment of adult patients with first recurrence of platinum-sensitive epithelial ovarian, fallopian tube or primary peritoneal cancer who have not received prior therapy with bevacizumab or other VEGF inhibitors or VEGF receptor-targeted agents.Mvasi\u00a0in combination with\u00a0paclitaxel,\u00a0topotecan, or pegylated liposomal doxorubicin is indicated for the treatment of adult patients with platinum-resistant recurrent epithelial ovarian, fallopian tube, or primary peritoneal cancer who received no more than two prior chemotherapy regimens and who have not received prior therapy with bevacizumab or other VEGF inhibitors or VEGF receptor-targeted agents.Mvasi, in combination with paclitaxel and cisplatin or, alternatively, paclitaxel and topotecan in patients who cannot receive platinum therapy, is indicated for the treatment of adult patients with persistent, recurrent, or metastatic carcinoma of the cervix.",
      "inn": "bevacizumab",
      "marketingAuthorisationDate": "2018-01-15 01:00:00",
      "marketingAuthorisationHolder": "Amgen Technology (Ireland) UC",
      "medicineName": "Mvasi",
      "url": "https://www.ema.europa.eu/en/medicines/human/EPAR/mvasi"
    },
    {
      "activeSubstance": "bevacizumab",
      "conditionIndication": "Abevmy in combination with fluoropyrimidine-based chemotherapy is indicated for treatment of adult patients with metastatic carcinoma of the colon or rectum.Abevmy in combination with paclitaxel is indicated for first-line treatment of adult patients with metastatic breast cancer. For further information as to human epidermal growth factor receptor 2 (HER2) status, please refer to section 5.1.Abevmy in combination with capecitabine is indicated for first-line treatment of adult patients with metastatic breast cancer in whom treatment with other chemotherapy options including taxanes or anthracyclines is not considered appropriate. Patients who have received taxane and anthracycline containing regimens in the adjuvant setting within the last 12 months should be excluded from treatment with Abevmy in combination with capecitabine. For further information as to HER2 status, please refer to section 5.1.Abevmy, in addition to platinum-based chemotherapy, is indicated for first-line treatment of adult patients with unresectable advanced, metastatic or recurrent non-small cell lung cancer other than predominantly squamous cell histology.Abevmy, in combination with erlotinib, is indicated for first-line treatment of adult patients with unresectable advanced, metastatic or recurrent non-squamous non-small cell lung cancer with Epidermal Growth Factor Receptor (EGFR) activating mutations (see section 5.1).Abevmy in combination with interferon alfa-2a is indicated for first line treatment of adult patients with advanced and/or metastatic renal cell cancer.Abevmy, in combination with carboplatin and paclitaxel is indicated for the front-line treatment of adult patients with advanced (International Federation of Gynecology and Obstetrics [FIGO] stages III B, III C and IV) epithelial ovarian, fallopian tube, or primary peritoneal cancer (see section 5.1).Abevmy, in combination with carboplatin and gemcitabine or in combination with carboplatin and paclitaxel, is indicated for treatment of adult patients with first recurrence of platinum-sensitive epithelial ovarian, fallopian tube or primary peritoneal cancer who have not received prior therapy with bevacizumab or other VEGF inhibitors or VEGF receptor\u2013targeted agents.Abevmy in combination with paclitaxel, topotecan, or pegylated liposomal doxorubicin is indicated for the treatment of adult patients with platinum-resistant recurrent epithelial ovarian, fallopian tube, or primary peritoneal cancer who received no more than two prior chemotherapy regimens and who have not received prior therapy with bevacizumab or other VEGF inhibitors or VEGF receptor\u2013targeted agents (see section 5.1).Abevmy, in combination with paclitaxel and cisplatin or, alternatively, paclitaxel and topotecan in patients who cannot receive platinum therapy, is indicated for the treatment of adult patients with persistent, recurrent, or metastatic carcinoma of the cervix (see section 5.1).",
      "inn": "bevacizumab",
      "marketingAuthorisationDate": "2021-04-21 00:00:00",
      "marketingAuthorisationHolder": "Mylan IRE Healthcare Limited",
      "medicineName": "Abevmy",
      "url": "https://www.ema.europa.eu/en/medicines/human/EPAR/abevmy"
    },
    {
      "activeSubstance": "bevacizumab",
      "conditionIndication": "Alymsys in combination with fluoropyrimidine based chemotherapy is indicated for treatment of adult patients with metastatic carcinoma of the colon or rectum.Alymsys in combination with paclitaxel is indicated for first line treatment of adult patients with metastatic breast cancer.Alymsys in combination with capecitabine is indicated for first line treatment of adult patients with metastatic breast cancer in whom treatment with other chemotherapy options including taxanes or anthracyclines is not considered appropriate. Patients who have received taxane and anthracycline containing regimens in the adjuvant setting within the last 12 months should be excluded from treatment with Alymsys in combination with capecitabine.Alymsys, in addition to platinum based chemotherapy, is indicated for first line treatment of adult patients with unresectable advanced, metastatic or recurrent non small cell lung cancer other than predominantly squamous cell histology.Alymsys, in combination with erlotinib, is indicated for first line treatment of adult patients with unresectable advanced, metastatic or recurrent non squamous non small cell lung cancer with Epidermal Growth Factor Receptor (EGFR) activating mutations.Alymsys in combination with interferon alfa 2a is indicated for first line treatment of adult patients with advanced and/or metastatic renal cell cancer.Alymsys, in combination with carboplatin and paclitaxel is indicated for the front line treatment of adult patients with advanced (International Federation of Gynecology and Obstetrics (FIGO) stages III B, III C and IV) epithelial ovarian, fallopian tube, or primary peritoneal cancer.Alymsys, in combination with carboplatin and gemcitabine or in combination with carboplatin and paclitaxel, is indicated for treatment of adult patients with first recurrence of platinum sensitive epithelial ovarian, fallopian tube or primary peritoneal cancer who have not received prior therapy with bevacizumab or other VEGF inhibitors or VEGF receptor targeted agents.Alymsys, in combination with topotecan, or pegylated liposomal doxorubicin is indicated for the treatment of adult patients with platinum resistant recurrent epithelial ovarian, fallopian tube, or primary peritoneal cancer who received no more than two prior chemotherapy regimens and who have not received prior therapy with bevacizumab or other VEGF inhibitors or VEGF receptor targeted agents.Alymsys, in combination with paclitaxel and cisplatin or, alternatively, paclitaxel and topotecan in patients who cannot receive platinum therapy, is indicated for the treatment of adult patients with persistent, recurrent, or metastatic carcinoma of the cervix.",
      "inn": "bevacizumab",
      "marketingAuthorisationDate": "2021-03-26 01:00:00",
      "marketingAuthorisationHolder": "Mabxience Research SL",
      "medicineName": "Alymsys",
      "url": "https://www.ema.europa.eu/en/medicines/human/EPAR/alymsys"
    },
    {
      "activeSubstance": "bevacizumab",
      "conditionIndication": "Bevacizumab in combination with fluoropyrimidine-based chemotherapy is indicated for treatment of adult patients with metastatic carcinoma of the colon or rectum.Bevacizumab in combination with paclitaxel is indicated for first-line treatment of adult patients with metastatic breast cancer. For further information as to human epidermal growth factor receptor 2 (HER2) status, please refer to section 5.1.Bevacizumab in combination with capecitabine is indicated for first-line treatment of adult patients with metastatic breast cancer in whom treatment with other chemotherapy options including taxanes or anthracyclines is not considered appropriate. Patients who have received taxane and anthracycline- containing regimens in the adjuvant setting within the last 12 months should be excluded from treatment with Equidacent in combination with capecitabine. For further information as to HER2 status, please refer to section 5.1.Bevacizumab, in addition to platinum-based chemotherapy, is indicated for first-line treatment of adult patients with unresectable advanced, metastatic or recurrent non-small cell lung cancer\u00a0other than predominantly squamous cell histology.Bevacizumab, in combination with erlotinib, is indicated for first-line treatment of adult patients with unresectable advanced, metastatic or recurrent non-squamous non-small cell lung cancer with Epidermal Growth Factor Receptor (EGFR) activating mutations.Bevacizumab in combination with interferon alfa-2a is indicated for first-line treatment of adult patients with advanced and/or metastatic renal cell cancer.Bevacizumab, in combination with carboplatin and paclitaxel is indicated for the front-line treatment of adult patients with advanced (International Federation of Gynecology and Obstetrics (FIGO) stages IIIB, IIIC and IV) epithelial ovarian, fallopian tube, or primary peritoneal cancer (see section 5.1).Bevacizumab, in combination with carboplatin and gemcitabine or in combination with carboplatin and paclitaxel, is indicated for treatment of adult patients with first recurrence of platinum-sensitive epithelial ovarian, fallopian tube or primary peritoneal cancer who have not received prior therapy with bevacizumab or other VEGF inhibitors or VEGF receptor-targeted agents.Bevacizumab, in combination with paclitaxel and cisplatin or, alternatively, paclitaxel and topotecan in patients who cannot receive platinum therapy, is indicated for the treatment of adult patients with persistent, recurrent, or metastatic carcinoma of the cervix.",
      "inn": "bevacizumab",
      "marketingAuthorisationDate": "2020-09-24 00:00:00",
      "marketingAuthorisationHolder": "Centus Biotherapeutics Europe Limited",
      "medicineName": "Equidacent",
      "url": "https://www.ema.europa.eu/en/medicines/human/EPAR/equidacent"
    },
    {
      "activeSubstance": "bevacizumab",
      "conditionIndication": "Oyavas in combination with fluoropyrimidine based chemotherapy is indicated for treatment of adult patients with metastatic carcinoma of the colon or rectum.Oyavas in combination with paclitaxel is indicated for first line treatment of adult patients with metastatic breast cancer. For further information as to human epidermal growth factor receptor 2 (HER2) status, please refer to section 5.1.Oyavas in combination with capecitabine is indicated for first line treatment of adult patients with metastatic breast cancer in whom treatment with other chemotherapy options including taxanes or anthracyclines is not considered appropriate. Patients who have received taxane and anthracycline containing regimens in the adjuvant setting within the last 12 months should be excluded from treatment with Oyavas in combination with capecitabine. For further information as to HER2 status, please refer to section 5.1.Oyavas, in addition to platinum based chemotherapy, is indicated for first line treatment of adult patients with unresectable advanced, metastatic or recurrent non small cell lung cancer other than predominantly squamous cell histology.Oyavas, in combination with erlotinib, is indicated for first line treatment of adult patients with unresectable advanced, metastatic or recurrent non squamous non small cell lung cancer with Epidermal Growth Factor Receptor (EGFR) activating mutations (see section 5.1).Oyavas in combination with interferon alfa 2a is indicated for first line treatment of adult patients with advanced and/or metastatic renal cell cancer.Oyavas, in combination with carboplatin and paclitaxel is indicated for the front line treatment of adult patients with advanced (International Federation of Gynecology and Obstetrics (FIGO) stages III B, III C and IV) epithelial ovarian, fallopian tube, or primary peritoneal cancer (see section 5.1).Oyavas, in combination with carboplatin and gemcitabine or in combination with carboplatin and paclitaxel, is indicated for treatment of adult patients with first recurrence of platinum sensitive epithelial ovarian, fallopian tube or primary peritoneal cancer who have not received prior therapy with bevacizumab or other VEGF inhibitors or VEGF receptor\u2013targeted agents.Oyavas, in combination with topotecan, or pegylated liposomal doxorubicin is indicated for the treatment of adult patients with platinum resistant recurrent epithelial ovarian, fallopian tube, or primary peritoneal cancer who received no more than two prior chemotherapy regimens and who have not received prior therapy with bevacizumab or other VEGF inhibitors or VEGF receptor targeted agents (see Section 5.1).Oyavas, in combination with paclitaxel and cisplatin or, alternatively, paclitaxel and topotecan in patients who cannot receive platinum therapy, is indicated for the treatment of adult patients with persistent, recurrent, or metastatic carcinoma of the cervix (see section 5.1).",
      "inn": "bevacizumab",
      "marketingAuthorisationDate": "2021-03-26 01:00:00",
      "marketingAuthorisationHolder": "STADA Arzneimittel AG",
      "medicineName": "Oyavas",
      "url": "https://www.ema.europa.eu/en/medicines/human/EPAR/oyavas"
    }
  ],
  "fdaDrugLabel": [
    {
      "brand": "MVASI",
      "indication": "1 INDICATIONS AND USAGE MVASI is a vascular endothelial growth factor inhibitor indicated for the treatment of: Metastatic colorectal cancer, in combination with intravenous fluorouracil-based chemotherapy for first- or second-line treatment. ( 1.1 ) Metastatic colorectal cancer, in combination with fluoropyrimidine-irinotecan- or fluoropyrimidine-oxaliplatin-based chemotherapy for second-line treatment in patients who have progressed on a first-line bevacizumab product-containing regimen. ( 1.1 ) Limitations of Use : MVASI is not indicated for adjuvant treatment of colon cancer. ( 1.1 ) Unresectable, locally advanced, recurrent or metastatic non-squamous non-small cell lung cancer, in combination with carboplatin and paclitaxel for first-line treatment. ( 1.2 ) Recurrent glioblastoma in adults. ( 1.3 ) Metastatic renal cell carcinoma in combination with interferon-alfa. ( 1.4 ) Persistent, recurrent, or metastatic cervical cancer, in combination with paclitaxel and cisplatin, or paclitaxel and topotecan. ( 1.5 ) 1.1 Metastatic Colorectal Cancer MVASI, in combination with intravenous fluorouracil-based chemotherapy, is indicated for the first- or second-line treatment of patients with metastatic colorectal cancer (mCRC). MVASI, in combination with fluoropyrimidine-irinotecan- or fluoropyrimidine-oxaliplatin-based chemotherapy, is indicated for the second-line treatment of patients with mCRC who have progressed on a first-line bevacizumab product-containing regimen. Limitations of Use : MVASI is not indicated for adjuvant treatment of colon cancer [see Clinical Studies (14.2) ]. 1.2 First-Line Non-Squamous Non-Small Cell Lung Cancer MVASI, in combination with carboplatin and paclitaxel, is indicated for the first-line treatment of patients with unresectable, locally advanced, recurrent or metastatic non-squamous non-small cell lung cancer (NSCLC). 1.3 Recurrent Glioblastoma MVASI is indicated for the treatment of recurrent glioblastoma (GBM) in adults. 1.4 Metastatic Renal Cell Carcinoma MVASI, in combination with interferon-alfa, is indicated for the treatment of metastatic renal cell carcinoma (mRCC). 1.5 Persistent, Recurrent, or Metastatic Cervical Cancer MVASI, in combination with paclitaxel and cisplatin or paclitaxel and topotecan, is indicated for the treatment of patients with persistent, recurrent, or metastatic cervical cancer.",
      "manufacturer": "Amgen Inc",
      "splSetId": "0a562b4e-67ce-4bab-852c-d9ee71e55fb8"
    },
    {
      "brand": "Avastin",
      "indication": "1 INDICATIONS AND USAGE Avastin is a vascular endothelial growth factor inhibitor indicated for the treatment of: Metastatic colorectal cancer, in combination with intravenous fluorouracil-based chemotherapy for first- or second-line treatment. ( 1.1 ) Metastatic colorectal cancer, in combination with fluoropyrimidine-irinotecan- or fluoropyrimidine-oxaliplatin-based chemotherapy for second-line treatment in patients who have progressed on a first-line Avastin-containing regimen. ( 1.1 ) Limitations of Use : Avastin is not indicated for adjuvant treatment of colon cancer. ( 1.1 ) Unresectable, locally advanced, recurrent or metastatic non-squamous non-small cell lung cancer, in combination with carboplatin and paclitaxel for first-line treatment. ( 1.2 ) Recurrent glioblastoma in adults. ( 1.3 ) Metastatic renal cell carcinoma in combination with interferon alfa. ( 1.4 ) Persistent, recurrent, or metastatic cervical cancer, in combination with paclitaxel and cisplatin, or paclitaxel and topotecan. ( 1.5 ) Epithelial ovarian, fallopian tube, or primary peritoneal cancer: in combination with carboplatin and paclitaxel, followed by Avastin as a single agent, for stage III or IV disease following initial surgical resection ( 1.6 ) in combination with paclitaxel, pegylated liposomal doxorubicin, or topotecan for platinum-resistant recurrent disease who received no more than 2 prior chemotherapy regimens ( 1.6 ) in combination with carboplatin and paclitaxel or carboplatin and gemcitabine, followed by Avastin as a single agent, for platinum-sensitive recurrent disease ( 1.6 ) Hepatocellular Carcinoma (HCC) in combination with atezolizumab for the treatment of patients with unresectable or metastatic HCC who have not received prior systemic therapy ( 1.7 ) 1.1 Metastatic Colorectal Cancer Avastin, in combination with intravenous fluorouracil-based chemotherapy, is indicated for the first-or second-line treatment of patients with metastatic colorectal cancer (mCRC). Avastin, in combination with fluoropyrimidine-irinotecan- or fluoropyrimidine-oxaliplatin-based chemotherapy, is indicated for the second-line treatment of patients with mCRC who have progressed on a first-line Avastin-containing regimen. Limitations of Use : Avastin is not indicated for adjuvant treatment of colon cancer [see Clinical Studies (14.2) ]. 1.2 First-Line Non-Squamous Non\u2013Small Cell Lung Cancer Avastin, in combination with carboplatin and paclitaxel, is indicated for the first-line treatment of patients with unresectable, locally advanced, recurrent or metastatic non\u2013squamous non\u2013small cell lung cancer (NSCLC). 1.3 Recurrent Glioblastoma Avastin is indicated for the treatment of recurrent glioblastoma (GBM) in adults. 1.4 Metastatic Renal Cell Carcinoma Avastin, in combination with interferon alfa, is indicated for the treatment of metastatic renal cell carcinoma (mRCC). 1.5 Persistent, Recurrent, or Metastatic Cervical Cancer Avastin, in combination with paclitaxel and cisplatin or paclitaxel and topotecan, is indicated for the treatment of patients with persistent, recurrent, or metastatic cervical cancer. 1.6 Epithelial Ovarian, Fallopian Tube, or Primary Peritoneal Cancer Avastin, in combination with carboplatin and paclitaxel, followed by Avastin as a single agent, is indicated for the treatment of patients with stage III or IV epithelial ovarian, fallopian tube, or primary peritoneal cancer following initial surgical resection. Avastin, in combination with paclitaxel, pegylated liposomal doxorubicin, or topotecan, is indicated for the treatment of patients with platinum-resistant recurrent epithelial ovarian, fallopian tube or primary peritoneal cancer who received no more than 2 prior chemotherapy regimens. Avastin, in combination with carboplatin and paclitaxel, or with carboplatin and gemcitabine, followed by Avastin as a single agent, is indicated for the treatment of patients with platinum-sensitive recurrent epithelial ovarian, fallopian tube, or primary peritoneal cancer. 1.7 Hepatocellular Carcinoma Avastin, in combination with atezolizumab, is indicated for the treatment of patients with unresectable or metastatic hepatocellular carcinoma (HCC) who have not received prior systemic therapy.",
      "manufacturer": "Genentech, Inc.",
      "splSetId": "939b5d1f-9fb2-4499-80ef-0607aa6b114e"
    },
    {
      "brand": "Zirabev",
      "indication": "1 INDICATIONS AND USAGE ZIRABEV is a vascular endothelial growth factor inhibitor indicated for the treatment of: Metastatic colorectal cancer, in combination with intravenous fluorouracil-based chemotherapy for first- or second-line treatment. ( 1.1 ) Metastatic colorectal cancer, in combination with fluoropyrimidine-irinotecan- or fluoropyrimidine-oxaliplatin-based chemotherapy for second-line treatment in patients who have progressed on a first-line bevacizumab product-containing regimen. ( 1.1 ) Limitations of Use : ZIRABEV is not indicated for adjuvant treatment of colon cancer. ( 1.1 ) Unresectable, locally advanced, recurrent or metastatic non-squamous non-small cell lung cancer, in combination with carboplatin and paclitaxel for first-line treatment. ( 1.2 ) Recurrent glioblastoma in adults. ( 1.3 ) Metastatic renal cell carcinoma in combination with interferon alfa. ( 1.4 ) Persistent, recurrent, or metastatic cervical cancer, in combination with paclitaxel and cisplatin or paclitaxel and topotecan. ( 1.5 ) Epithelial ovarian, fallopian tube, or primary peritoneal cancer: in combination with carboplatin and paclitaxel, followed by ZIRABEV as a single agent, for stage III or IV disease following initial surgical resection. ( 1.6 ) in combination with paclitaxel, pegylated liposomal doxorubicin, or topotecan for platinum-resistant recurrent disease who received no more than 2 prior chemotherapy regimens. ( 1.6 ) in combination with carboplatin and paclitaxel or carboplatin and gemcitabine, followed by ZIRABEV as a single agent, for platinum-sensitive recurrent disease. ( 1.6 ) 1.1 Metastatic Colorectal Cancer ZIRABEV, in combination with intravenous fluorouracil-based chemotherapy, is indicated for the first- or second-line treatment of patients with metastatic colorectal cancer (mCRC). ZIRABEV, in combination with fluoropyrimidine-irinotecan- or fluoropyrimidine-oxaliplatin-based chemotherapy, is indicated for the second-line treatment of patients with mCRC who have progressed on a first-line bevacizumab product-containing regimen. Limitations of Use: ZIRABEV is not indicated for adjuvant treatment of colon cancer [see Clinical Studies (14.2) ]. 1.2 First-Line Non-Squamous Non-Small Cell Lung Cancer ZIRABEV, in combination with carboplatin and paclitaxel, is indicated for the first-line treatment of patients with unresectable, locally advanced, recurrent or metastatic non\u2013squamous non\u2013small cell lung cancer (NSCLC). 1.3 Recurrent Glioblastoma ZIRABEV is indicated for the treatment of recurrent glioblastoma (GBM) in adults. 1.4 Metastatic Renal Cell Carcinoma ZIRABEV, in combination with interferon alfa, is indicated for the treatment of metastatic renal cell carcinoma (mRCC). 1.5 Persistent, Recurrent, or Metastatic Cervical Cancer ZIRABEV, in combination with paclitaxel and cisplatin or paclitaxel and topotecan, is indicated for the treatment of patients with persistent, recurrent, or metastatic cervical cancer. 1.6 Epithelial Ovarian, Fallopian Tube, or Primary Peritoneal Cancer ZIRABEV, in combination with carboplatin and paclitaxel, followed by ZIRABEV as a single agent, is indicated for the treatment of patients with stage III or IV epithelial ovarian, fallopian tube, or primary peritoneal cancer following initial surgical resection. ZIRABEV, in combination with paclitaxel, pegylated liposomal doxorubicin, or topotecan, is indicated for the treatment of patients with platinum-resistant recurrent epithelial ovarian, fallopian tube, or primary peritoneal cancer who received no more than 2 prior chemotherapy regimens. ZIRABEV, in combination with carboplatin and paclitaxel, or with carboplatin and gemcitabine, followed by ZIRABEV as a single agent, is indicated for the treatment of patients with platinum-sensitive recurrent epithelial ovarian, fallopian tube, or primary peritoneal cancer.",
      "manufacturer": "Pfizer Laboratories Div Pfizer Inc",
      "splSetId": "aa27acbd-d117-4350-aeee-17bc2e2c0ca4"
    }
  ],
  "id": "Bevacizumab",
  "nciThesaurus": {
    "casRegistry": "216974-75-3",
    "chebiId": "",
    "chemicalFormula": "",
    "definition": "A recombinant humanized monoclonal antibody directed against the vascular endothelial growth factor (VEGF), a pro-angiogenic cytokine.  Bevacizumab binds to VEGF and inhibits VEGF receptor binding, thereby preventing the growth and maintenance of tumor blood vessels.",
    "fdaUniiCode": "2S9ZZM9Q9V",
    "identifier": "C2039",
    "preferredName": "Bevacizumab",
    "semanticType": "Amino Acid, Peptide, or Protein",
    "subclassOf": [
      "C129822",
      "C2496"
    ],
    "synonyms": [
      "ABP 215",
      "Anti-VEGF",
      "Anti-VEGF Humanized Monoclonal Antibody",
      "Anti-VEGF rhuMAb",
      "Avastin",
      "BEVACIZUMAB",
      "BP102",
      "BP102 Biosimilar",
      "Bevacizumab",
      "Bevacizumab Biosimilar ABP 215",
      "Bevacizumab Biosimilar BEVZ92",
      "Bevacizumab Biosimilar BI 695502",
      "Bevacizumab Biosimilar CBT 124",
      "Bevacizumab Biosimilar CT-P16",
      "Bevacizumab Biosimilar FKB238",
      "Bevacizumab Biosimilar GB-222",
      "Bevacizumab Biosimilar HD204",
      "Bevacizumab Biosimilar HLX04",
      "Bevacizumab Biosimilar IBI305",
      "Bevacizumab Biosimilar LY01008",
      "Bevacizumab Biosimilar MIL60",
      "Bevacizumab Biosimilar MYL-1402O",
      "Bevacizumab Biosimilar Mvasi",
      "Bevacizumab Biosimilar QL 1101",
      "Bevacizumab Biosimilar RPH-001",
      "Bevacizumab Biosimilar SCT501",
      "Bevacizumab Biosimilar Zirabev",
      "Bevacizumab awwb",
      "Bevacizumab-awwb",
      "Bevacizumab-bvzr",
      "HD204",
      "Immunoglobulin G1 (Human-Mouse Monoclonal rhuMab-VEGF Gamma-Chain Anti-Human Vascular Endothelial Growth Factor), Disulfide With Human-Mouse Monoclonal rhuMab-VEGF Light Chain, Dimer",
      "MYL-1402O",
      "Mvasi",
      "Recombinant Humanized Anti-VEGF Monoclonal Antibody",
      "SCT501",
      "Zirabev",
      "bevacizumab",
      "rhuMab-VEGF"
    ]
  }
}