{
  "emaEpar": [],
  "fdaDrugLabel": [],
  "id": "CDK124_Inhibitor_AG-024322",
  "nciThesaurus": {
    "casRegistry": "837364-57-5",
    "chebiId": "",
    "chemicalFormula": "",
    "definition": "A cyclin-dependent kinase (CDK) inhibitor with antineoplastic activity. AG-024322 selectively inhibits cyclin-dependent kinases (particularly CDK1,2 and 4), enzymes that regulate cell cycle progression. Inhibition of CDK may result in cell cycle arrest, induction of apoptosis, and inhibition of DNA replication and tumor cell proliferation.",
    "fdaUniiCode": "926F8X7TNO",
    "identifier": "C52182",
    "preferredName": "CDK1/2/4 Inhibitor AG-024322",
    "semanticType": "Pharmacologic Substance",
    "subclassOf": [
      "C2185"
    ],
    "synonyms": [
      "AG-024322",
      "AG-24322",
      "CDK1/2/4 Inhibitor AG-024322"
    ]
  }
}