{
  "emaEpar": [],
  "fdaDrugLabel": [],
  "id": "Deferoxamine_Hydrochloride",
  "nciThesaurus": {
    "casRegistry": "1950-39-6",
    "chebiId": "",
    "chemicalFormula": "C25H48N6O8.HCl",
    "definition": "The hydrochloride salt form of deferoxamine, an iron chelating agent.  Deferoxamine chelates iron from intra-lysosomal ferritin and hemosiderin forming ferrioxamine, a water-soluble chelate excreted by the kidneys and in the feces via the bile.  This agent does not readily bind iron from transferrin, hemoglobin, myoglobin or cytochrome. (NCI)",
    "fdaUniiCode": "G9VYJ96FOJ",
    "identifier": "C1972",
    "preferredName": "Deferoxamine Hydrochloride",
    "semanticType": "Organic Chemical",
    "subclassOf": [
      "C360"
    ],
    "synonyms": [
      "Ba 29837",
      "Ba-29837",
      "DEFEROXAMINE HYDROCHLORIDE",
      "Deferoxamine HCl",
      "Deferoxamine Hydrochloride",
      "Deferoxamine hydrochloride"
    ]
  }
}