{
  "emaEpar": [],
  "fdaDrugLabel": [],
  "id": "Dihydrolenperone",
  "nciThesaurus": {
    "casRegistry": "38077-12-2",
    "chebiId": "",
    "chemicalFormula": "C22H25F2NO2",
    "definition": "A butyrophenone that has been investigated for antineoplastic activity.",
    "fdaUniiCode": "9RJ5N8VE7Z",
    "identifier": "C1463",
    "preferredName": "Dihydrolenperone",
    "semanticType": "Organic Chemical",
    "subclassOf": [
      "C274",
      "C323"
    ],
    "synonyms": [
      "1-Butanone, 1-(4-fluorophenyl)-4-[4-[(4-fluorophenyl)hydroxymethyl]-1-piperidi nyl]-",
      "1-Butanone, 1-(4-fluorophenyl)-4-[4-[(4-fluorophenyl)hydroxymethyl]-1-piperidinyl]-",
      "DIHYDROLENPERONE",
      "Dihydro-lenperone",
      "Dihydrolenperone",
      "RMI 11974"
    ]
  }
}