{
  "emaEpar": [],
  "fdaDrugLabel": [],
  "id": "Enpromate",
  "nciThesaurus": {
    "casRegistry": "10087-89-5",
    "chebiId": "",
    "chemicalFormula": "C22H23NO2",
    "definition": "A synthetic acetylenic carbamate, an alkylating agent, with antineoplastic activity.",
    "fdaUniiCode": "HBS2850E4H",
    "identifier": "C83689",
    "preferredName": "Enpromate",
    "semanticType": "Pharmacologic Substance",
    "subclassOf": [
      "C697"
    ],
    "synonyms": [
      "1,1-Diphenyl-2-propynyl-N-cyclohexylcarbamate",
      "Acetylenic Carbamate",
      "ENPROMATE",
      "Enpromate",
      "Lilly 59156"
    ]
  }
}