{
  "emaEpar": [],
  "fdaDrugLabel": [],
  "id": "Esorubicin",
  "nciThesaurus": {
    "casRegistry": "63521-85-7",
    "chebiId": "",
    "chemicalFormula": "C27H29NO10",
    "definition": "A synthetic derivative of the anthracycline antineoplastic antibiotic doxorubicin with potential antineoplastic activity. Esorubicin intercalates into DNA and inhibits topoisomerase II, thereby inhibiting DNA replication and ultimately, interfering with RNA and protein synthesis. This agent exhibits less cardiotoxicity than the parent antibiotic doxorubicin, but may cause more severe myelosupression compared to other compounds within the anthracycline class.",
    "fdaUniiCode": "RMC41L2WQ3",
    "identifier": "C972",
    "preferredName": "Esorubicin",
    "semanticType": "Antibiotic",
    "subclassOf": [
      "C1594"
    ],
    "synonyms": [
      "4'-Deoxyadriamycin",
      "4'-Deoxydoxorubicin",
      "Deoxyadriamycin",
      "Deoxydoxorubicin",
      "ESORUBICIN",
      "Esorubicin",
      "IMI-58"
    ]
  }
}