{
  "emaEpar": [],
  "fdaDrugLabel": [],
  "id": "Ethyleneimine",
  "nciThesaurus": {
    "casRegistry": "151-56-4",
    "chebiId": "CHEBI:30969",
    "chemicalFormula": "C2H5N",
    "definition": "A monofunctional alkylating agent with potential antineoplastic activity.  Reacting with DNA mainly at guanine and adenine residues, ethylenimine alkylates DNA, thereby producing DNA interstrand crosslinks and DNA breaks, and interfering with DNA replication and cell division.",
    "fdaUniiCode": "54P5FEX9FH",
    "identifier": "C1009",
    "preferredName": "Ethyleneimine",
    "semanticType": "Organic Chemical",
    "subclassOf": [
      "C292"
    ],
    "synonyms": [
      "AZIRIDINE",
      "Aminoethylene",
      "Azacyclopropane",
      "Azirane",
      "Aziridine",
      "Dimethyleneimine",
      "Dimethylenimine",
      "Ethyleneimine",
      "Ethylenimine",
      "Ethylimine"
    ]
  }
}