{
  "emaEpar": [],
  "fdaDrugLabel": [],
  "id": "Fluorodopan",
  "nciThesaurus": {
    "casRegistry": "834-91-3",
    "chebiId": "",
    "chemicalFormula": "",
    "definition": "An alkylating agent with potential antineoplastic activity.  Fluorodopan alkylates DNA at the N7 position of guanine.  Alkylating agents exert cytotoxic and, in some cases, chemotherapeutic effects by transferring alkyl groups to DNA, thereby damaging DNA and interfering with DNA replication and cell division.",
    "fdaUniiCode": "O1EXJ975PT",
    "identifier": "C29042",
    "preferredName": "Fluorodopan",
    "semanticType": "Pharmacologic Substance",
    "subclassOf": [
      "C699"
    ],
    "synonyms": [
      "FLUORODOPAN",
      "Fluorodopan"
    ]
  }
}