{
  "emaEpar": [],
  "fdaDrugLabel": [
    {
      "brand": "Gemcitabine",
      "indication": "1 INDICATIONS AND USAGE Gemcitabine Injection is a nucleoside metabolic inhibitor indicated: \u2022 in combination with carboplatin, for the treatment of advanced ovarian cancer that has relapsed at least 6 months after completion of platinum-based therapy. ( 1.1 ) \u2022 in combination with paclitaxel, for first-line treatment of metastatic breast cancer after failure of prior anthracycline-containing adjuvant chemotherapy, unless anthracyclines were clinically contraindicated. ( 1.2 ) \u2022 in combination with cisplatin for the treatment of non-small cell lung cancer. ( 1.3 ) \u2022 as a single agent for the treatment of pancreatic cancer. ( 1.4 ) 1.1 Ovarian Cancer Gemcitabine Injection in combination with carboplatin is indicated for the treatment of patients with advanced ovarian cancer that has relapsed at least 6 months after completion of platinum-based therapy. 1.2 Breast Cancer Gemcitabine Injection in combination with paclitaxel is indicated for the first-line treatment of patients with metastatic breast cancer after failure of prior anthracycline-containing adjuvant chemotherapy, unless anthracyclines were clinically contraindicated. 1.3 Non-Small Cell Lung Cancer Gemcitabine Injection in combination with cisplatin is indicated for the first-line treatment of patients with inoperable, locally advanced (Stage IIIA or IIIB) or metastatic (Stage IV) non-small cell lung cancer (NSCLC). 1.4 Pancreatic Cancer Gemcitabine Injection is indicated as first-line treatment for patients with locally advanced (nonresectable Stage II or Stage III) or metastatic (Stage IV) adenocarcinoma of the pancreas. Gemcitabine Injection is indicated for patients previously treated with fluorouracil.",
      "manufacturer": "Mylan Institutional LLC",
      "splSetId": "06dd9d40-74fc-4409-93b1-a46be7126331"
    },
    {
      "brand": "GEMCITABINE",
      "indication": "1 INDICATIONS AND USAGE Gemcitabine Injection is a nucleoside metabolic inhibitor indicated: \u2022 in combination with carboplatin, for the treatment of advanced ovarian cancer that has relapsed at least 6 months after completion of platinum-based therapy. ( 1.1 ) \u2022 in combination with paclitaxel, for first-line treatment of metastatic breast cancer after failure of prior anthracycline-containing adjuvant chemotherapy, unless anthracyclines were clinically contraindicated. ( 1.2 ) \u2022 in combination with cisplatin for the treatment of non-small cell lung cancer. ( 1.3 ) \u2022 as a single agent for the treatment of pancreatic cancer. ( 1.4 ) 1.1 Ovarian Cancer Gemcitabine Injection in combination with carboplatin is indicated for the treatment of patients with advanced ovarian cancer that has relapsed at least 6 months after completion of platinum-based therapy. 1.2 Breast Cancer Gemcitabine Injection in combination with paclitaxel is indicated for the first-line treatment of patients with metastatic breast cancer after failure of prior anthracycline-containing adjuvant chemotherapy, unless anthracyclines were clinically contraindicated. 1.3 Non-Small Cell Lung Cancer Gemcitabine Injection is indicated in combination with cisplatin for the first-line treatment of patients with inoperable, locally advanced (Stage IIIA or IIIB), or metastatic (Stage IV) non-small cell lung cancer (NSCLC). 1.4 Pancreatic Cancer Gemcitabine Injection is indicated as first-line treatment for patients with locally advanced (nonresectable Stage II or Stage III) or metastatic (Stage IV) adenocarcinoma of the pancreas. Gemcitabine Injection is indicated for patients previously treated with fluorouracil.",
      "manufacturer": "BluePoint Laboratories",
      "splSetId": "4031017d-d768-46de-8081-476bcb883f5e"
    },
    {
      "brand": "gemcitabine",
      "indication": "1 INDICATIONS AND USAGE Gemcitabine for Injection is a nucleoside metabolic inhibitor indicated: in combination with carboplatin, for the treatment of advanced ovarian cancer that has relapsed at least 6 months after completion of platinum-based therapy. ( 1.1 ) in combination with paclitaxel, for first-line treatment of metastatic breast cancer after failure of prior anthracycline-containing adjuvant chemotherapy, unless anthracyclines were clinically contraindicated. ( 1.2 ) in combination with cisplatin, for the treatment of non-small cell lung cancer. ( 1.3 ) as a single agent for the treatment of pancreatic cancer. ( 1.4 ) 1.1 Ovarian Cancer Gemcitabine for Injection, USP in combination with carboplatin is indicated for the treatment of patients with advanced ovarian cancer that has relapsed at least 6 months after completion of platinum-based therapy. 1.2 Breast Cancer Gemcitabine for Injection, USP in combination with paclitaxel is indicated for the first-line treatment of patients with metastatic breast cancer after failure of prior anthracycline-containing adjuvant chemotherapy, unless anthracyclines were clinically contraindicated. 1.3 Non-Small Cell Lung Cancer Gemcitabine for Injection, USP in combination with cisplatin is indicated for the first-line treatment of patients with inoperable, locally advanced (Stage IIIA or IIIB) or metastatic (Stage IV) non-small cell lung cancer (NSCLC). 1.4 Pancreatic Cancer Gemcitabine for Injection, USP is indicated as first-line treatment for patients with locally advanced (nonresectable Stage II or Stage III) or metastatic (Stage IV) adenocarcinoma of the pancreas. Gemcitabine for Injection, USP is indicated for patients previously treated with fluorouracil.",
      "manufacturer": "Sagent Pharmaceuticals",
      "splSetId": "44bcc16c-341d-49e8-a1c6-95d084667aca"
    },
    {
      "brand": "INFUGEM",
      "indication": "1 INDICATIONS AND USAGE INFUGEM is a nucleoside metabolic inhibitor indicated: \u2022 in combination with carboplatin, for the treatment of advanced ovarian cancer that has relapsed at least 6 months after completion of platinum-based therapy. (1.1) \u2022 in combination with paclitaxel, for first-line treatment of metastatic breast cancer after failure of prior anthracycline-containing adjuvant chemotherapy, unless anthracyclines were clinically contraindicated. (1.2) \u2022 in combination with cisplatin, for the treatment of non-small cell lung cancer. (1.3) \u2022 as a single agent for the treatment of pancreatic cancer. (1.4) 1.1 Ovarian Cancer INFUGEM in combination with carboplatin is indicated for the treatment of patients with advanced ovarian cancer that has relapsed at least 6 months after completion of platinum-based therapy. 1.2 Breast Cancer INFUGEM in combination with paclitaxel is indicated for the first-line treatment of patients with metastatic breast cancer after failure of prior anthracycline-containing adjuvant chemotherapy, unless anthracyclines were clinically contraindicated. 1.3 Non-Small Cell Lung Cancer INFUGEM in combination with cisplatin is indicated for the first-line treatment of patients with inoperable, locally advanced (Stage IIIA or IIIB) or metastatic (Stage IV) non-small cell lung cancer (NSCLC). 1.4 Pancreatic Cancer INFUGEM is indicated as first-line treatment for patients with locally advanced (nonresectable Stage II or Stage III) or metastatic (Stage IV) adenocarcinoma of the pancreas. INFUGEM is indicated for patients previously treated with fluorouracil.",
      "manufacturer": "Sun Pharmaceutical Industries, Inc.",
      "splSetId": "4e7e5088-d476-40e2-8cbd-dfeed4ddd166"
    },
    {
      "brand": "Gemcitabine",
      "indication": "1 INDICATIONS AND USAGE Gemcitabine Injection is a nucleoside metabolic inhibitor indicated: in combination with carboplatin, for the treatment of advanced ovarian cancer that has relapsed at least 6 months after completion of platinum-based therapy. ( 1.1 ) in combination with paclitaxel, for \ufb01rst-line treatment of metastatic breast cancer after failure of prior anthracycline containing adjuvant chemotherapy, unless anthracyclines were clinically contraindicated. ( 1.2 ) in combination with cisplatin for the treatment of non-small cell lung cancer. ( 1.3 ) as a single-agent for the treatment of pancreatic cancer. ( 1.4 ) 1.1 Ovarian Cancer Gemcitabine Injection in combination with carboplatin is indicated for the treatment of patients with advanced ovarian cancer that has relapsed at least 6 months after completion of platinum-based therapy. 1.2 Breast Cancer Gemcitabine Injection in combination with paclitaxel is indicated for the \ufb01rst-line treatment of patients with metastatic breast cancer after failure of prior anthracycline-containing adjuvant chemotherapy, unless anthracyclines were clinically contraindicated. 1.3 Non-Small Cell Lung Cancer Gemcitabine Injection in combination with cisplatin is indicated for the \ufb01rst-line treatment of patients with inoperable, locally advanced (Stage IIIA or IIIB) or metastatic (Stage IV) non-small cell lung cancer (NSCLC). 1.4 Pancreatic Cancer Gemcitabine Injection is indicated as \ufb01rst-line treatment for patients with locally advanced (nonresectable Stage II or Stage III) or metastatic (Stage IV) adenocarcinoma of the pancreas. Gemcitabine Injection is indicated for patients previously treated with \ufb02uorouracil.",
      "manufacturer": "Armas Pharmaceuticals Inc.",
      "splSetId": "518b9c2e-fdbe-46de-9859-02314c220d58"
    },
    {
      "brand": "Gemcitabine",
      "indication": "1 INDICATIONS AND USAGE Gemcitabine Injection is a nucleoside metabolic inhibitor indicated: in combination with carboplatin, for the treatment of advanced ovarian cancer that has relapsed at least 6 months after completion of platinum-based therapy. ( 1.1 ) in combination with paclitaxel, for \ufb01rst-line treatment of metastatic breast cancer after failure of prior anthracycline containing adjuvant chemotherapy, unless anthracyclines were clinically contraindicated. ( 1.2 ) in combination with cisplatin for the treatment of non-small cell lung cancer. ( 1.3 ) as a single-agent for the treatment of pancreatic cancer. ( 1.4 ) 1.1 Ovarian Cancer Gemcitabine Injection in combination with carboplatin is indicated for the treatment of patients with advanced ovarian cancer that has relapsed at least 6 months after completion of platinum-based therapy. 1.2 Breast Cancer Gemcitabine Injection in combination with paclitaxel is indicated for the \ufb01rst-line treatment of patients with metastatic breast cancer after failure of prior anthracycline-containing adjuvant chemotherapy, unless anthracyclines were clinically contraindicated. 1.3 Non-Small Cell Lung Cancer Gemcitabine Injection in combination with cisplatin is indicated for the \ufb01rst-line treatment of patients with inoperable, locally advanced (Stage IIIA or IIIB) or metastatic (Stage IV) non-small cell lung cancer (NSCLC). 1.4 Pancreatic Cancer Gemcitabine Injection is indicated as \ufb01rst-line treatment for patients with locally advanced (nonresectable Stage II or Stage III) or metastatic (Stage IV) adenocarcinoma of the pancreas. Gemcitabine Injection is indicated for patients previously treated with \ufb02uorouracil.",
      "manufacturer": "Armas Pharmaceuticals Inc.",
      "splSetId": "57b80f66-208d-4903-9443-e4c9239e3207"
    },
    {
      "brand": "GEMCITABINE",
      "indication": "1 INDICATIONS AND USAGE Gemcitabine Injection is a nucleoside metabolic inhibitor indicated: in combination with carboplatin, for the treatment of advanced ovarian cancer that has relapsed at least 6 months after completion of platinum-based therapy. ( 1.1 ) in combination with paclitaxel, for first-line treatment of metastatic breast cancer after failure of prior anthracycline-containing adjuvant chemotherapy, unless anthracyclines were clinically contraindicated. ( 1.2 ) in combination with cisplatin for the treatment of non-small cell lung cancer. ( 1.3 ) as a single agent for the treatment of pancreatic cancer. ( 1.4 ) 1.1 Ovarian Cancer Gemcitabine Injection in combination with carboplatin is indicated for the treatment of patients with advanced ovarian cancer that has relapsed at least 6 months after completion of platinum-based therapy. 1.2 Breast Cancer Gemcitabine Injection in combination with paclitaxel is indicated for the first-line treatment of patients with metastatic breast cancer after failure of prior anthracycline-containing adjuvant chemotherapy, unless anthracyclines were clinically contraindicated. 1.3 Non-Small Cell Lung Cancer Gemcitabine Injection in combination with cisplatin is indicated for the first-line treatment of patients with inoperable, locally advanced (Stage IIIA or IIIB) or metastatic (Stage IV) non-small cell lung cancer (NSCLC). 1.4 Pancreatic Cancer Gemcitabine Injection is indicated as first-line treatment for patients with locally advanced (nonresectable Stage II or Stage III) or metastatic (Stage IV) adenocarcinoma of the pancreas. Gemcitabine Injection is indicated for patients previously treated with fluorouracil.",
      "manufacturer": "Accord Healthcare Inc.",
      "splSetId": "5a335d36-408b-478f-9563-4bc140b69bb6"
    },
    {
      "brand": "GEMCITABINE",
      "indication": "1 INDICATIONS AND USAGE Gemcitabine for injection is a nucleoside metabolic inhibitor indicated: in combination with carboplatin, for the treatment of advanced ovarian cancer that has relapsed at least 6 months after completion of platinum-based therapy. ( 1.1 ) in combination with paclitaxel, for first-line treatment of metastatic breast cancer after failure of prior anthracycline-containing adjuvant chemotherapy, unless anthracyclines were clinically contraindicated. ( 1.2 ) in combination with cisplatin, for the treatment of non-small cell lung cancer. ( 1.3 ) as a single agent for the treatment of pancreatic cancer. ( 1.4 ) 1.1 Ovarian Cancer Gemcitabine for injection in combination with carboplatin is indicated for the treatment of patients with advanced ovarian cancer that has relapsed at least 6 months after completion of platinum-based therapy. 1.2 Breast Cancer Gemcitabine for injection in combination with paclitaxel is indicated for the first-line treatment of patients with metastatic breast cancer after failure of prior anthracycline-containing adjuvant chemotherapy, unless anthracyclines were clinically contraindicated. 1.3 Non-Small Cell Lung Cancer Gemcitabine for injection in combination with cisplatin is indicated for the first-line treatment of patients with inoperable, locally advanced (Stage IIIA or IIIB) or metastatic (Stage IV) non-small cell lung cancer (NSCLC). 1.4 Pancreatic Cancer Gemcitabine for injection is indicated as first-line treatment for patients with locally advanced (nonresectable Stage II or Stage III) or metastatic (Stage IV) adenocarcinoma of the pancreas. Gemcitabine for injection is indicated for patients previously treated with fluorouracil.",
      "manufacturer": "NorthStar Rx LLC",
      "splSetId": "5af49a48-f1c0-467d-b5da-ac9f1ae8e34c"
    },
    {
      "brand": "Gemcitabine",
      "indication": "1 INDICATIONS AND USAGE Gemcitabine Injection is a nucleoside metabolic inhibitor indicated: in combination with carboplatin, for the treatment of advanced ovarian cancer that has relapsed at least 6 months after completion of platinum-based therapy. ( 1.1 ) in combination with paclitaxel, for \ufb01rst-line treatment of metastatic breast cancer after failure of prior anthracycline containing adjuvant chemotherapy, unless anthracyclines were clinically contraindicated. ( 1.2 ) in combination with cisplatin for the treatment of non-small cell lung cancer. ( 1.3 ) as a single-agent for the treatment of pancreatic cancer. ( 1.4 ) 1.1 Ovarian Cancer Gemcitabine Injection in combination with carboplatin is indicated for the treatment of patients with advanced ovarian cancer that has relapsed at least 6 months after completion of platinum-based therapy. 1.2 Breast Cancer Gemcitabine Injection in combination with paclitaxel is indicated for the \ufb01rst-line treatment of patients with metastatic breast cancer after failure of prior anthracycline-containing adjuvant chemotherapy, unless anthracyclines were clinically contraindicated. 1.3 Non-Small Cell Lung Cancer Gemcitabine Injection in combination with cisplatin is indicated for the \ufb01rst-line treatment of patients with inoperable, locally advanced (Stage IIIA or IIIB) or metastatic (Stage IV) non-small cell lung cancer (NSCLC). 1.4 Pancreatic Cancer Gemcitabine Injection is indicated as \ufb01rst-line treatment for patients with locally advanced (nonresectable Stage II or Stage III) or metastatic (Stage IV) adenocarcinoma of the pancreas. Gemcitabine Injection is indicated for patients previously treated with \ufb02uorouracil.",
      "manufacturer": "Armas Pharmaceuticals Inc.",
      "splSetId": "5b6be4b4-1f0a-4da2-b5d2-2592f401f90b"
    },
    {
      "brand": "Gemcitabine",
      "indication": "1 INDICATIONS AND USAGE Gemcitabine Injection is a nucleoside metabolic inhibitor indicated: in combination with carboplatin, for the treatment of advanced ovarian cancer that has relapsed at least 6 months after completion of platinum-based therapy. ( 1.1 ) in combination with paclitaxel, for first-line treatment of metastatic breast cancer after failure of prior anthracycline-containing adjuvant chemotherapy, unless anthracyclines were clinically contraindicated. ( 1.2 ) in combination with cisplatin for the treatment of non-small cell lung cancer. ( 1.3 ) as a single agent for the treatment of pancreatic cancer. ( 1.4 ) 1.1 Ovarian Cancer Gemcitabine Injection in combination with carboplatin is indicated for the treatment of patients with advanced ovarian cancer that has relapsed at least 6 months after completion of platinum-based therapy. 1.2 Breast Cancer Gemcitabine Injection in combination with paclitaxel is indicated for the first-line treatment of patients with metastatic breast cancer after failure of prior anthracycline-containing adjuvant chemotherapy, unless anthracyclines were clinically contraindicated. 1.3 Non-Small Cell Lung Cancer Gemcitabine Injection in combination with cisplatin is indicated for the first-line treatment of patients with inoperable, locally advanced (Stage IIIA or IIIB) or metastatic (Stage IV) non-small cell lung cancer (NSCLC). 1.4 Pancreatic Cancer Gemcitabine Injection is indicated as first-line treatment for patients with locally advanced (nonresectable Stage II or Stage III) or metastatic (Stage IV) adenocarcinoma of the pancreas. Gemcitabine Injection is indicated for patients previously treated with fluorouracil.",
      "manufacturer": "Meitheal Pharmaceuticals Inc.",
      "splSetId": "73ae04d8-38f9-4d3d-b0c2-71d22af1fc86"
    },
    {
      "brand": "gemcitabine hydrochloride",
      "indication": "1 INDICATIONS AND USAGE Gemcitabine for Injection is a nucleoside metabolic inhibitor indicated: \u2022 in combination with carboplatin, for the treatment of advanced ovarian cancer that has relapsed at least 6 months after completion of platinum-based therapy. ( 1.1 ) \u2022 in combination with paclitaxel, for first-line treatment of metastatic breast cancer after failure of prior anthracycline-containing adjuvant chemotherapy, unless anthracyclines were clinically contraindicated. ( 1.2 ) \u2022 in combination with cisplatin, for the treatment of non-small cell lung cancer. ( 1.3 ) \u2022 as a single agent for the treatment of pancreatic cancer. ( 1.4 ) 1.1 Ovarian Cancer Gemcitabine for Injection in combination with carboplatin is indicated for the treatment of patients with advanced ovarian cancer that has relapsed at least 6 months after completion of platinum-based therapy. 1.2 Breast Cancer Gemcitabine for Injection in combination with paclitaxel is indicated for the first-line treatment of patients with metastatic breast cancer after failure of prior anthracycline-containing adjuvant chemotherapy, unless anthracyclines were clinically contraindicated. 1.3 Non-Small Cell Lung Cancer Gemcitabine for Injection in combination with cisplatin is indicated for the first-line treatment of patients with inoperable, locally advanced (Stage IIIA or IIIB) or metastatic (Stage IV) non-small cell lung cancer (NSCLC). 1.4 Pancreatic Cancer Gemcitabine for Injection is indicated as first-line treatment for patients with locally advanced (nonresectable Stage II or Stage III) or metastatic (Stage IV) adenocarcinoma of the pancreas. Gemcitabine for Injection is indicated for patients previously treated with fluorouracil.",
      "manufacturer": "Gland Pharma Limited",
      "splSetId": "9f8fe5ba-943f-4f0a-9618-6083101faa28"
    },
    {
      "brand": "Gemcitabine",
      "indication": "1 INDICATIONS AND USAGE Gemcitabine for Injection is a nucleoside metabolic inhibitor indicated: in combination with carboplatin, for the treatment of advanced ovarian cancer that has relapsed at least 6 months after completion of platinum-based therapy. ( 1.1 ) in combination with paclitaxel, for first-line treatment of metastatic breast cancer after failure of prior anthracycline-containing adjuvant chemotherapy, unless anthracyclines were clinically contraindicated. ( 1.2 ) in combination with cisplatin, for the treatment of non-small cell lung cancer. ( 1.3 ) as a single agent for the treatment of pancreatic cancer. ( 1.4 ) 1.1 Ovarian Cancer Gemcitabine for Injection in combination with carboplatin is indicated for the treatment of patients with advanced ovarian cancer that has relapsed at least 6 months after completion of platinum-based therapy. 1.2 Breast Cancer Gemcitabine for Injection in combination with paclitaxel is indicated for the first-line treatment of patients with metastatic breast cancer after failure of prior anthracycline-containing adjuvant chemotherapy, unless anthracyclines were clinically contraindicated. 1.3 Non-Small Cell Lung Cancer Gemcitabine for Injection in combination with cisplatin is indicated for the first-line treatment of patients with inoperable, locally advanced (Stage IIIA or IIIB) or metastatic (Stage IV) non-small cell lung cancer (NSCLC). 1.4 Pancreatic Cancer Gemcitabine for Injection is indicated as first-line treatment for patients with locally advanced (nonresectable Stage II or Stage III) or metastatic (Stage IV) adenocarcinoma of the pancreas. Gemcitabine for Injection is indicated for patients previously treated with fluorouracil.",
      "manufacturer": "Athenex Pharmaceutical Division, LLC.",
      "splSetId": "a1170be9-f12d-475e-bad6-544005f12303"
    },
    {
      "brand": "GEMCITABINE",
      "indication": "1 INDICATIONS AND USAGE Gemcitabine Injection is a nucleoside metabolic inhibitor indicated: in combination with carboplatin, for the treatment of advanced ovarian cancer that has relapsed at least 6 months after completion of platinum-based therapy. ( 1.1 ) in combination with paclitaxel, for first-line treatment of metastatic breast cancer after failure of prior anthracycline-containing adjuvant chemotherapy, unless anthracyclines were clinically contraindicated. ( 1.2 ) in combination with cisplatin for the treatment of non-small cell lung cancer. ( 1.3 ) as a single agent for the treatment of pancreatic cancer. ( 1.4 ) 1.1 Ovarian Cancer Gemcitabine Injection in combination with carboplatin is indicated for the treatment of patients with advanced ovarian cancer that has relapsed at least 6 months after completion of platinum-based therapy. 1.2 Breast Cancer Gemcitabine Injection in combination with paclitaxel is indicated for the first-line treatment of patients with metastatic breast cancer after failure of prior anthracycline-containing adjuvant chemotherapy, unless anthracyclines were clinically contraindicated. 1.3 Non-Small Cell Lung Cancer Gemcitabine Injection in combination with cisplatin is indicated for the first-line treatment of patients with inoperable, locally advanced (Stage IIIA or IIIB) or metastatic (Stage IV) non-small cell lung cancer (NSCLC). 1.4 Pancreatic Cancer Gemcitabine Injection is indicated as first-line treatment for patients with locally advanced (nonresectable Stage II or Stage III) or metastatic (Stage IV) adenocarcinoma of the pancreas. Gemcitabine Injection is indicated for patients previously treated with fluorouracil.",
      "manufacturer": "Ingenus Pharmaceuticals, LLC",
      "splSetId": "a15f5d83-6ba1-4891-9e26-ce23ddaf68c7"
    },
    {
      "brand": "GEMCITABINE",
      "indication": "1 INDICATIONS AND USAGE Gemcitabine for injection is a nucleoside metabolic inhibitor indicated: in combination with carboplatin, for the treatment of advanced ovarian cancer that has relapsed at least 6 months after completion of platinum-based therapy. ( 1.1 ) in combination with paclitaxel, for first-line treatment of metastatic breast cancer after failure of prior anthracycline-containing adjuvant chemotherapy, unless anthracyclines were clinically contraindicated. ( 1.2 ) in combination with cisplatin, for the treatment of non-small cell lung cancer. ( 1.3 ) as a single agent for the treatment of pancreatic cancer. ( 1.4 ) 1.1 Ovarian Cancer Gemcitabine for injection in combination with carboplatin is indicated for the treatment of patients with advanced ovarian cancer that has relapsed at least 6 months after completion of platinum-based therapy. 1.2 Breast Cancer Gemcitabine for injection in combination with paclitaxel is indicated for the first-line treatment of patients with metastatic breast cancer after failure of prior anthracycline-containing adjuvant chemotherapy, unless anthracyclines were clinically contraindicated. 1.3 Non-Small Cell Lung Cancer Gemcitabine for injection in combination with cisplatin is indicated for the first-line treatment of patients with inoperable, locally advanced (Stage IIIA or IIIB) or metastatic (Stage IV) non-small cell lung cancer (NSCLC). 1.4 Pancreatic Cancer Gemcitabine for injection is indicated as first-line treatment for patients with locally advanced (nonresectable Stage II or Stage III) or metastatic (Stage IV) adenocarcinoma of the pancreas. Gemcitabine for injection is indicated for patients previously treated with fluorouracil.",
      "manufacturer": "Meitheal Pharmaceuticals Inc.",
      "splSetId": "a5949d02-29eb-4626-ad35-b7614bb0fa95"
    },
    {
      "brand": "GEMCITABINE",
      "indication": "1 INDICATIONS AND USAGE Gemcitabine is a nucleoside metabolic inhibitor indicated: in combination with carboplatin, for the treatment of advanced ovarian cancer that has relapsed at least 6 months after completion of platinum-based therapy. ( 1.1 ) in combination with paclitaxel, for first-line treatment of metastatic breast cancer after failure of prior anthracycline-containing adjuvant chemotherapy, unless anthracyclines were clinically contraindicated. ( 1.2 ) in combination with cisplatin, for the treatment of non-small cell lung cancer. ( 1.3 ) as a single agent for the treatment of pancreatic cancer. ( 1.4 ) 1.1 Ovarian Cancer Gemcitabine in combination with carboplatin is indicated for the treatment of patients with advanced ovarian cancer that has relapsed at least 6 months after completion of platinum-based therapy. 1.2 Breast Cancer Gemcitabine in combination with paclitaxel is indicated for the first-line treatment of patients with metastatic breast cancer after failure of prior anthracycline-containing adjuvant chemotherapy, unless anthracyclines were clinically contraindicated. 1.3 Non-Small Cell Lung Cancer Gemcitabine in combination with cisplatin is indicated for the first-line treatment of patients with inoperable, locally advanced (Stage IIIA or IIIB) or metastatic (Stage IV) non-small cell lung cancer (NSCLC). 1.4 Pancreatic Cancer Gemcitabine is indicated as first-line treatment for patients with locally advanced (nonresectable Stage II or Stage III) or metastatic (Stage IV) adenocarcinoma of the pancreas. Gemcitabine is indicated for patients previously treated with fluorouracil.",
      "manufacturer": "Hospira, Inc.",
      "splSetId": "a625c92b-c569-4b98-8d2e-2b3f5e12b34f"
    },
    {
      "brand": "GEMCITABINE HYDROCHLORIDE",
      "indication": "1 INDICATIONS AND USAGE Gemcitabine for injection is a nucleoside metabolic inhibitor indicated: in combination with carboplatin, for the treatment of advanced ovarian cancer that has relapsed at least 6 months after completion of platinum-based therapy. (1.1) in combination with paclitaxel, for first-line treatment of metastatic breast cancer after failure of prior anthracycline-containing adjuvant chemotherapy, unless anthracyclines were clinically contraindicated. (1.2) in combination with cisplatin, for the treatment of non-small cell lung cancer (1.3) as a single agent for the treatment of pancreatic cancer. (1.4) 1.1 Ovarian Cancer Gemcitabine for injection in combination with carboplatin is indicated for the treatment of patients with advanced ovarian cancer that has relapsed at least 6 months after completion of platinum-based therapy. 1.2 Breast Cancer Gemcitabine for injection in combination with paclitaxel is indicated for the first-line treatment of patients with metastatic breast cancer after failure of prior anthracycline-containing adjuvant chemotherapy, unless anthracyclines were clinically contraindicated. 1.3 Non-Small Cell Lung Cancer Gemcitabine for injection in combination with cisplatin is indicated for the first-line treatment of patients with inoperable, locally advanced (Stage IIIA or IIIB), or metastatic (Stage IV) non-small cell lung cancer (NSCLC). 1.4 Pancreatic Cancer Gemcitabine for injection is indicated as first-line treatment for patients with locally advanced (nonresectable Stage II or Stage III) or metastatic (Stage IV) adenocarcinoma of the pancreas. Gemcitabine for injection is indicated for patients previously treated with fluorouracil.",
      "manufacturer": "Cipla USA Inc.",
      "splSetId": "b4e58ed9-edb8-4337-ad0d-29e075e66f1d"
    },
    {
      "brand": "GEMCITABINE",
      "indication": "1 INDICATIONS AND USAGE Gemcitabine for Injection is a nucleoside metabolic inhibitor indicated: in combination with carboplatin, for the treatment of advanced ovarian cancer that has relapsed at least 6 months after completion of platinum-based therapy. ( 1.1 ) in combination with paclitaxel, for first-line treatment of metastatic breast cancer after failure of prior anthracycline-containing adjuvant chemotherapy, unless anthracyclines were clinically contraindicated. ( 1.2 ) in combination with cisplatin, for the treatment of non-small cell lung cancer. ( 1.3 ) as a single agent for the treatment of pancreatic cancer. ( 1.4 ) 1.1 Ovarian Cancer Gemcitabine for Injection in combination with carboplatin is indicated for the treatment of patients with advanced ovarian cancer that has relapsed at least 6 months after completion of platinum-based therapy. 1.2 Breast Cancer Gemcitabine for Injection in combination with paclitaxel is indicated for the first-line treatment of patients with metastatic breast cancer after failure of prior anthracycline-containing adjuvant chemotherapy, unless anthracyclines were clinically contraindicated. 1.3 Non-Small Cell Lung Cancer Gemcitabine for Injection in combination with cisplatin is indicated for the first-line treatment of patients with inoperable, locally advanced (Stage IIIA or IIIB) or metastatic (Stage IV) non-small cell lung cancer (NSCLC). 1.4 Pancreatic Cancer Gemcitabine for Injection is indicated as first-line treatment for patients with locally advanced (nonresectable Stage II or Stage III) or metastatic (Stage IV) adenocarcinoma of the pancreas. Gemcitabine for Injection is indicated for patients previously treated with fluorouracil.",
      "manufacturer": "Fresenius Kabi USA, LLC",
      "splSetId": "b9347b14-7ca2-43f5-9ee8-7ba709ae6b52"
    },
    {
      "brand": "GEMCITABINE",
      "indication": "1 INDICATIONS AND USAGE Gemcitabine for Injection is a nucleoside metabolic inhibitor indicated: in combination with carboplatin, for the treatment of advanced ovarian cancer that has relapsed at least 6 months after completion of platinum-based therapy. ( 1.1 ) in combination with paclitaxel, for first-line treatment of metastatic breast cancer after failure of prior anthracycline-containing adjuvant chemotherapy, unless anthracyclines were clinically contraindicated. ( 1.2 ) in combination with cisplatin, for the treatment of non-small cell lung cancer. ( 1.3 ) as a single agent for the treatment of pancreatic cancer. ( 1.4 ) 1.1 Ovarian Cancer Gemcitabine for Injection in combination with carboplatin is indicated for the treatment of patients with advanced ovarian cancer that has relapsed at least 6 months after completion of platinum-based therapy. 1.2 Breast Cancer Gemcitabine for Injection in combination with paclitaxel is indicated for the first-line treatment of patients with metastatic breast cancer after failure of prior anthracycline-containing adjuvant chemotherapy, unless anthracyclines were clinically contraindicated. 1.3 Non-Small Cell Lung Cancer Gemcitabine for Injection in combination with cisplatin is indicated for the first-line treatment of patients with inoperable, locally advanced (Stage IIIA or IIIB) or metastatic (Stage IV) non-small cell lung cancer (NSCLC). 1.4 Pancreatic Cancer Gemcitabine for Injection is indicated as first-line treatment for patients with locally advanced (nonresectable Stage II or Stage III) or metastatic (Stage IV) adenocarcinoma of the pancreas. Gemcitabine for Injection is indicated for patients previously treated with fluorouracil.",
      "manufacturer": "Fresenius Kabi USA, LLC",
      "splSetId": "c550dd16-a5e8-44be-87f2-210c15bbb513"
    },
    {
      "brand": "GEMCITABINE HYDROCHLORIDE",
      "indication": "1 INDICATIONS AND USAGE Gemcitabine for Injection is a nucleoside metabolic inhibitor indicated: in combination with carboplatin, for the treatment of advanced ovarian cancer that has relapsed at least 6 months after completion of platinum-based therapy. ( 1.1 ) in combination with paclitaxel, for first-line treatment of metastatic breast cancer after failure of prior anthracycline-containing adjuvant chemotherapy, unless anthracyclines were clinically contraindicated. ( 1.2 ) in combination with cisplatin for the treatment of non-small cell lung cancer. ( 1.3 ) as a single agent for the treatment of pancreatic cancer. ( 1.4 ) 1.1 Ovarian Cancer Gemcitabine for Injection in combination with carboplatin is indicated for the treatment of patients with advanced ovarian cancer that has relapsed at least 6 months after completion of platinum-based therapy. 1.2 Breast Cancer Gemcitabine for Injection in combination with paclitaxel is indicated for the first-line treatment of patients with metastatic breast cancer after failure of prior anthracycline-containing adjuvant chemotherapy, unless anthracyclines were clinically contraindicated. 1.3 Non-Small Cell Lung Cancer Gemcitabine for Injection in combination with cisplatin is indicated for the first-line treatment of patients with inoperable, locally advanced (Stage IIIA or IIIB) or metastatic (Stage IV) non-small cell lung cancer (NSCLC). 1.4 Pancreatic Cancer Gemcitabine for Injection is indicated as first-line treatment for patients with locally advanced (nonresectable Stage II or Stage III) or metastatic (Stage IV) adenocarcinoma of the pancreas. Gemcitabine for Injection is indicated for patients previously treated with fluorouracil.",
      "manufacturer": "Accord Healthcare Inc.",
      "splSetId": "c90cdf38-2b2a-4d8c-a7b5-373787173193"
    },
    {
      "brand": "Gemcitabine",
      "indication": "1 INDICATIONS AND USAGE Gemcitabine is a nucleoside metabolic inhibitor indicated: in combination with carboplatin, for the treatment of advanced ovarian cancer that has relapsed at least 6 months after completion of platinum-based therapy. ( 1.1 ) in combination with paclitaxel, for first-line treatment of metastatic breast cancer after failure of prior anthracycline-containing adjuvant chemotherapy, unless anthracyclines were clinically contraindicated. ( 1.2 ) in combination with cisplatin, for the treatment of non-small cell lung cancer. ( 1.3 ) as a single agent for the treatment of pancreatic cancer. ( 1.4 ) 1.1 Ovarian Cancer Gemcitabine in combination with carboplatin is indicated for the treatment of patients with advanced ovarian cancer that has relapsed at least 6 months after completion of platinum-based therapy. 1.2 Breast Cancer Gemcitabine in combination with paclitaxel is indicated for the first-line treatment of patients with metastatic breast cancer after failure of prior anthracycline-containing adjuvant chemotherapy, unless anthracyclines were clinically contraindicated. 1.3 Non-Small Cell Lung Cancer Gemcitabine in combination with cisplatin is indicated for the first-line treatment of patients with inoperable, locally advanced (Stage IIIA or IIIB) or metastatic (Stage IV) non-small cell lung cancer (NSCLC). 1.4 Pancreatic Cancer Gemcitabine is indicated as first-line treatment for patients with locally advanced (nonresectable Stage II or Stage III) or metastatic (Stage IV) adenocarcinoma of the pancreas. Gemcitabine is indicated for patients previously treated with fluorouracil.",
      "manufacturer": "Hospira, Inc.",
      "splSetId": "d16907e7-a8c8-4039-ace4-cf4e24ba68c0"
    },
    {
      "brand": "GEMCITABINE",
      "indication": "1 INDICATIONS AND USAGE Gemcitabine for Injection is a nucleoside metabolic inhibitor indicated: in combination with carboplatin, for the treatment of advanced ovarian cancer that has relapsed at least 6 months after completion of platinum-based therapy. ( 1.1 ) in combination with paclitaxel, for first-line treatment of metastatic breast cancer after failure of prior anthracycline-containing adjuvant chemotherapy, unless anthracyclines were clinically contraindicated. ( 1.2 ) in combination with cisplatin, for the treatment of non-small cell lung cancer. ( 1.3 ) as a single agent for the treatment of pancreatic cancer. ( 1.4 ) 1.1 Ovarian Cancer Gemcitabine for Injection in combination with carboplatin is indicated for the treatment of patients with advanced ovarian cancer that has relapsed at least 6 months after completion of platinum-based therapy. 1.2 Breast Cancer Gemcitabine for Injection in combination with paclitaxel is indicated for the first-line treatment of patients with metastatic breast cancer after failure of prior anthracycline-containing adjuvant chemotherapy, unless anthracyclines were clinically contraindicated. 1.3 Non-Small Cell Lung Cancer Gemcitabine for Injection in combination with cisplatin is indicated for the first-line treatment of patients with inoperable, locally advanced (Stage IIIA or IIIB) or metastatic (Stage IV) non-small cell lung cancer (NSCLC). 1.4 Pancreatic Cancer Gemcitabine for Injection is indicated as first-line treatment for patients with locally advanced (nonresectable Stage II or Stage III) or metastatic (Stage IV) adenocarcinoma of the pancreas. Gemcitabine for Injection is indicated for patients previously treated with fluorouracil.",
      "manufacturer": "Fresenius Kabi USA, LLC",
      "splSetId": "d1f3951c-d13f-4662-ad4b-ecfc07f59104"
    },
    {
      "brand": "Gemcitabine",
      "indication": "1 INDICATIONS AND USAGE Gemcitabine Injection is a nucleoside metabolic inhibitor indicated: in combination with carboplatin, for the treatment of advanced ovarian cancer that has relapsed at least 6 months after completion of platinum-based therapy. ( 1.1 ) in combination with paclitaxel, for first-line treatment of metastatic breast cancer after failure of prior anthracycline-containing adjuvant chemotherapy, unless anthracyclines were clinically contraindicated. ( 1.2 ) in combination with cisplatin for the treatment of non-small cell lung cancer. ( 1.3 ) as a single agent for the treatment of pancreatic cancer. ( 1.4 ) 1.1 Ovarian Cancer Gemcitabine Injection in combination with carboplatin is indicated for the treatment of patients with advanced ovarian cancer that has relapsed at least 6 months after completion of platinum-based therapy. 1.2 Breast Cancer Gemcitabine Injection in combination with paclitaxel is indicated for the first-line treatment of patients with metastatic breast cancer after failure of prior anthracycline-containing adjuvant chemotherapy, unless anthracyclines were clinically contraindicated. 1.3 Non-Small Cell Lung Cancer Gemcitabine Injection in combination with cisplatin is indicated for the first-line treatment of patients with inoperable, locally advanced (Stage IIIA or IIIB) or metastatic (Stage IV) non-small cell lung cancer (NSCLC). 1.4 Pancreatic Cancer Gemcitabine Injection is indicated as first-line treatment for patients with locally advanced (nonresectable Stage II or Stage III) or metastatic (Stage IV) adenocarcinoma of the pancreas. Gemcitabine Injection is indicated for patients previously treated with fluorouracil.",
      "manufacturer": "Hospira, Inc.",
      "splSetId": "dc02a23b-3ff9-4441-aa91-8e9e629a7315"
    },
    {
      "brand": "Gemcitabine",
      "indication": "1 INDICATIONS AND USAGE Gemcitabine Injection is a nucleoside metabolic inhibitor indicated: in combination with carboplatin, for the treatment of advanced ovarian cancer that has relapsed at least 6 months after completion of platinum-based therapy. ( 1.1 ) in combination with paclitaxel, for first-line treatment of metastatic breast cancer after failure of prior anthracycline-containing adjuvant chemotherapy, unless anthracyclines were clinically contraindicated. ( 1.2 ) in combination with cisplatin for the treatment of non-small cell lung cancer. ( 1.3 ) as a single agent for the treatment of pancreatic cancer. ( 1.4 ) 1.1 Ovarian Cancer Gemcitabine Injection in combination with carboplatin is indicated for the treatment of patients with advanced ovarian cancer that has relapsed at least 6 months after completion of platinum-based therapy. 1.2 Breast Cancer Gemcitabine Injection in combination with paclitaxel is indicated for the first-line treatment of patients with metastatic breast cancer after failure of prior anthracycline-containing adjuvant chemotherapy, unless anthracyclines were clinically contraindicated. 1.3 Non-Small Cell Lung Cancer Gemcitabine Injection in combination with cisplatin is indicated for the first-line treatment of patients with inoperable, locally advanced (Stage IIIA or IIIB) or metastatic (Stage IV) non-small cell lung cancer (NSCLC). 1.4 Pancreatic Cancer Gemcitabine Injection is indicated as first-line treatment for patients with locally advanced (nonresectable Stage II or Stage III) or metastatic (Stage IV) adenocarcinoma of the pancreas. Gemcitabine Injection is indicated for patients previously treated with fluorouracil.",
      "manufacturer": "Hospira, Inc.",
      "splSetId": "e18ed1cb-7dd0-4001-bfda-17d1f4587fb8"
    },
    {
      "brand": "gemcitabine",
      "indication": "1 INDICATIONS AND USAGE Gemcitabine for injection is a nucleoside metabolic inhibitor indicated: in combination with carboplatin, for the treatment of advanced ovarian cancer that has relapsed at least 6 months after completion of platinum-based therapy. ( 1.1 ) in combination with paclitaxel, for first-line treatment of metastatic breast cancer after failure of prior anthracycline-containing adjuvant chemotherapy, unless anthracyclines were clinically contraindicated. ( 1.2 ) in combination with cisplatin, for the treatment of non-small cell lung cancer. ( 1.3 ) as a single agent for the treatment of pancreatic cancer. ( 1.4 ) 1.1 Ovarian Cancer Gemcitabine for injection in combination with carboplatin is indicated for the treatment of patients with advanced ovarian cancer that has relapsed at least 6 months after completion of platinum-based therapy. 1.2 Breast Cancer Gemcitabine for injection in combination with paclitaxel is indicated for the first-line treatment of patients with metastatic breast cancer after failure of prior anthracycline-containing adjuvant chemotherapy, unless anthracyclines were clinically contraindicated. 1.3 Non-Small Cell Lung Cancer Gemcitabine for injection in combination with cisplatin is indicated for the first-line treatment of patients with inoperable, locally advanced (Stage IIIA or IIIB) or metastatic (Stage IV) non-small cell lung cancer (NSCLC). 1.4 Pancreatic Cancer Gemcitabine for injection is indicated as first-line treatment for patients with locally advanced (nonresectable Stage II or Stage III) or metastatic (Stage IV) adenocarcinoma of the pancreas. Gemcitabine for injection is indicated for patients previously treated with fluorouracil.",
      "manufacturer": "Dr. Reddy's Laboratories Limited",
      "splSetId": "eafcebc8-ddef-bb6b-fd0a-9d8b9962cdc4"
    }
  ],
  "id": "Gemcitabine_Hydrochloride",
  "nciThesaurus": {
    "casRegistry": "122111-03-9",
    "chebiId": "CHEBI:31647",
    "chemicalFormula": "C9H11F2N3O4.HCl",
    "definition": "The hydrochloride salt of an analogue of the antimetabolite nucleoside deoxycytidine with antineoplastic activity. Gemcitabine is converted intracellularly to the active metabolites difluorodeoxycytidine di- and triphosphate (dFdCDP, dFdCTP). dFdCDP inhibits ribonucleotide reductase, thereby decreasing the deoxynucleotide pool available for DNA synthesis; dFdCTP is incorporated into DNA, resulting in DNA strand termination and apoptosis.",
    "fdaUniiCode": "U347PV74IL",
    "identifier": "C961",
    "preferredName": "Gemcitabine Hydrochloride",
    "semanticType": "Nucleic Acid, Nucleoside, or Nucleotide",
    "subclassOf": [
      "C1557",
      "C2150"
    ],
    "synonyms": [
      "1-(2-Oxo-4-amino-1,2-dihydropyrimidin-1-yl)-2-deoxy-2,2-difluororibose, hydrochloride",
      "2'Deoxy-2',2'-Difluorocytidine, Hydrochloride",
      "Difluorodeoxycytidine Hydrochloride",
      "FF 10832",
      "FF-10832",
      "FF10832",
      "GEMCITABINE HYDROCHLORIDE",
      "Gemcitabine HCI",
      "Gemcitabine Hydrochloride",
      "Gemzar",
      "LY-188011",
      "LY188011",
      "dFdCyd",
      "gemcitabine hydrochloride"
    ]
  }
}