{
  "emaEpar": [],
  "fdaDrugLabel": [],
  "id": "Gossypol",
  "nciThesaurus": {
    "casRegistry": "303-45-7",
    "chebiId": "CHEBI:28584",
    "chemicalFormula": "C30H30O8",
    "definition": "An orally-active polyphenolic aldehyde with potential antineoplastic activity. Derived primarily from unrefined cottonseed oil, gossypol induces cell cycle arrest at the G0/G1 phase, thereby inhibiting DNA replication and inducing apoptosis. This agent also inhibits cell-signaling enzymes, resulting in inhibition of cell growth, and may act as a male contraceptive.",
    "fdaUniiCode": "KAV15B369O",
    "identifier": "C529",
    "preferredName": "Gossypol",
    "semanticType": "Organic Chemical",
    "subclassOf": [
      "C1931",
      "C2089"
    ],
    "synonyms": [
      "(+/-)-Gossypol",
      "(2,2'-Binaphthalene)-8,8'-dicarboxaldehyde, 1,1',6,6'7, 7'-hexahydroxy-5,5'-diisopropyl-3,3'-dimethyl-",
      "1,1',6,6',7,7'-Hexahydroxy-3,3'-dimethyl-5,5'-bis(1-methylethyl)[2,2'-binaphthalene]-8,8'-dicarboxaldehyde",
      "1,1',6,6',7,7'-Hexahydroxy-5,5'-diisopropyl-3-3'-dimethyl[2,2'-binaphthalene]-8,8'-dicarboxaldehyde",
      "2,2'-bis(1,6,7-trihydroxy-4-methyl-5-isopropyl-8-aldehydonaphthalene)",
      "2,2'-bis[8-Formyl-1,6,7-trihydroxy-5-isopropyl-3-methylnaphthalene]",
      "BL-193",
      "Cottonseed Meal Toxin",
      "GOSSYPOL",
      "Gossypol",
      "No Fertil",
      "Pogosin",
      "Tash 1",
      "cottonseed meal toxin",
      "gossypol"
    ]
  }
}