{
  "emaEpar": [],
  "fdaDrugLabel": [],
  "id": "Hsp90_Inhibitor_BIIB021",
  "nciThesaurus": {
    "casRegistry": "848695-25-0",
    "chebiId": "",
    "chemicalFormula": "C14H15ClN6O",
    "definition": "An orally active inhibitor of heat shock protein 90 (HSP90) with potential antineoplastic activity. HSP90, a chaperon protein upregulated in a variety of tumor cells, regulates the folding and degradation of many oncogenic signaling proteins. HSP90 inhibitor BIIB021 specifically blocks active HSP90, thereby inhibiting its chaperon function and promoting the degradation of oncogenic signaling proteins involved in tumor cell proliferation and survival. As a result, CNF2024 has the potential to inhibit the growth of a wide range of cancer cells in both solid tumors and blood-based cancers.",
    "fdaUniiCode": "851B9FQ7Q0",
    "identifier": "C62517",
    "preferredName": "Hsp90 Inhibitor BIIB021",
    "semanticType": "Pharmacologic Substance",
    "subclassOf": [
      "C156880"
    ],
    "synonyms": [
      "BIIB-021",
      "BIIB021",
      "CNF2024",
      "Hsp90 Antagonist CNF2024",
      "Hsp90 Inhibitor BIIB021"
    ]
  }
}