{
  "emaEpar": [],
  "fdaDrugLabel": [],
  "id": "Idronoxil",
  "nciThesaurus": {
    "casRegistry": "81267-65-4",
    "chebiId": "",
    "chemicalFormula": "C15H12O3",
    "definition": "A synthetic flavonoid derivative. Idronoxil activates the mitochondrial caspase system, inhibits X-linked inhibitor of apoptosis (XIAP), and disrupts FLICE inhibitory protein (FLIP) expression, resulting in tumor cell apoptosis. This agent also inhibits DNA topoisomerase II by stabilizing the cleavable complex, thereby preventing DNA replication and resulting in tumor cell death.",
    "fdaUniiCode": "995FT1W541",
    "identifier": "C2642",
    "preferredName": "Idronoxil",
    "semanticType": "Organic Chemical",
    "subclassOf": [
      "C1968"
    ],
    "synonyms": [
      "3-(4-Hydroxyphenyl)-2H-1-benzopyran-7-ol",
      "IDRONOXIL",
      "Idronoxil",
      "NOX66",
      "NV-06",
      "Phenoxodiol",
      "phenoxodiol"
    ]
  }
}