{
  "emaEpar": [],
  "fdaDrugLabel": [
    {
      "brand": "Ifosfamide",
      "indication": "1 INDICATIONS AND USAGE Ifosfamide Injection is indicated for use in combination with certain other approved antineoplastic agents for third-line chemotherapy of germ cell testicular cancer. It should be used in combination with mesna for prophylaxis of hemorrhagic cystitis. Ifosfamide Injection is an alkylating drug indicated for use in combination with certain other approved antineoplastic agents for third-line chemotherapy of germ cell testicular cancer. It should be used in combination with mesna for prophylaxis of hemorrhagic cystitis. ( 1 )",
      "manufacturer": "Teva Parenteral Medicines, Inc.",
      "splSetId": "14f535d7-4593-4cee-94fb-54ee239d95d2"
    },
    {
      "brand": "IFOSFAMIDE",
      "indication": "1 INDICATIONS AND USAGE Ifosfamide for Injection is indicated for use in combination with certain other approved antineoplastic agents for third-line chemotherapy of germ cell testicular cancer. It should be used in combination with mesna for prophylaxis of hemorrhagic cystitis. Ifosfamide for Injection is an alkylating drug indicated for use in combination with certain other approved antineoplastic agents for third-line chemotherapy of germ cell testicular cancer. It should be used in combination with mesna for prophylaxis of hemorrhagic cystitis.",
      "manufacturer": "Baxter Healthcare Corporation",
      "splSetId": "91e433a9-6800-43a6-ac13-a49a04a5aecd"
    },
    {
      "brand": "Ifosfamide",
      "indication": "1 INDICATIONS AND USAGE Ifosfamide for Injection is indicated for use in combination with certain other approved antineoplastic agents for third-line chemotherapy of germ cell testicular cancer. It should be used in combination with mesna for prophylaxis of hemorrhagic cystitis. Ifosfamide for Injection is an alkylating drug indicated for use in combination with certain other approved antineoplastic agents for third-line chemotherapy of germ cell testicular cancer. It should be used in combination with mesna for prophylaxis of hemorrhagic cystitis. ( 1 )",
      "manufacturer": "Fresenius Kabi USA, LLC",
      "splSetId": "a311a947-7b78-4226-bfe0-f4aa0be20e27"
    },
    {
      "brand": "IFEX",
      "indication": "1 INDICATIONS AND USAGE IFEX is indicated for use in combination with certain other approved antineoplastic agents for third-line chemotherapy of germ cell testicular cancer. It should be used in combination with mesna for prophylaxis of hemorrhagic cystitis. IFEX (ifosfamide) is an alkylating drug indicated for use in combination with certain other approved antineoplastic agents for third-line chemotherapy of germ cell testicular cancer. It should be used in combination with mesna for prophylaxis of hemorrhagic cystitis. (1)",
      "manufacturer": "Baxter Healthcare Corporation",
      "splSetId": "b7241707-7538-4d1a-91e7-3a25a91e0b9a"
    },
    {
      "brand": "Ifosfamide",
      "indication": "1 INDICATIONS AND USAGE Ifosfamide Injection is indicated for use in combination with certain other approved antineoplastic agentsfor third-line chemotherapy of germ cell testicular cancer. It should be used in combination with mesna for prophylaxis of hemorrhagic cystitis. Ifosfamide Injection is an alkylating drug indicated for use in combination with certain other approved antineoplastic agents for third-line chemotherapy of germ cell testicular cancer. It should be used in combination with mesna for prophylaxis of hemorrhagic cystitis. (1)",
      "manufacturer": "Hikma Pharmaceuticals USA Inc.",
      "splSetId": "c90ab05f-8fe5-437e-a1c0-8b11ef63291e"
    },
    {
      "brand": "IFOSFAMIDE",
      "indication": "1 INDICATIONS AND USAGE Ifosfamide for Injection is indicated for use in combination with certain other approved antineoplastic agents for third-line chemotherapy of germ cell testicular cancer. It should be used in combination with mesna for prophylaxis of hemorrhagic cystitis. Ifosfamide for Injection is an alkylating drug indicated for use in combination with certain other approved antineoplastic agents for third-line chemotherapy of germ cell testicular cancer. It should be used in combination with mesna for prophylaxis of hemorrhagic cystitis. (1)",
      "manufacturer": "Baxter Healthcare Corporation",
      "splSetId": "efb1d03b-2d91-406e-8110-d3a58b8fa7cc"
    },
    {
      "brand": "Ifosfamide",
      "indication": "INDICATIONS AND USAGE Ifosfamide for Injection, used in combination with certain other approved antineoplastic agents, is indicated for third line chemotherapy of germ cell testicular cancer. It should ordinarily be used in combination with a prophylactic agent for hemorrhagic cystitis, such as mesna.",
      "manufacturer": "Fresenius Kabi USA, LLC",
      "splSetId": "fb7f49af-ffe9-4969-a69c-8ed14dd0616b"
    }
  ],
  "id": "Ifosfamide",
  "nciThesaurus": {
    "casRegistry": "3778-73-2",
    "chebiId": "CHEBI:5864",
    "chemicalFormula": "C7H15Cl2N2O2P",
    "definition": "A synthetic analogue of the nitrogen mustard cyclophosphamide with antineoplastic activity. Ifosfamide alkylates and forms DNA crosslinks, thereby preventing DNA strand separation and DNA replication.  This agent is a prodrug that must be activated through hydroxylation by hepatic microsomal enzymes.",
    "fdaUniiCode": "UM20QQM95Y",
    "identifier": "C564",
    "preferredName": "Ifosfamide",
    "semanticType": "Organic Chemical",
    "subclassOf": [
      "C697"
    ],
    "synonyms": [
      "2-oxo-N,3-bis-(2-chloroethyl) tetrahydro-2H-1,3,2-oxazaphosphorin- 2-amine",
      "3-(2-chloroethyl)-2-[(2-chloroethyl)amino]tetrahydro-2H-1,3,2-oxazaphosphorin-2-oxide",
      "Asta Z 4942",
      "Asta Z-4942",
      "Cyfos",
      "Holoxan",
      "Holoxane",
      "IFO",
      "IFO-Cell",
      "IFOSFAMIDE",
      "IFX",
      "Ifex",
      "Ifolem",
      "Ifomida",
      "Ifomide",
      "Ifosfamide",
      "Ifosfamidum",
      "Ifoxan",
      "Iphosphamid",
      "Iphosphamide",
      "Iso-Endoxan",
      "Isoendoxan",
      "Isophosphamide",
      "MJF 9325",
      "MJF-9325",
      "Mitoxana",
      "N,3-bis(2-chloroethyl)tetrahydro-2H-1,3,2-oxazaphosphorin-2-amine 2-oxide",
      "Naxamide",
      "Seromida",
      "Tronoxal",
      "Z 4942",
      "Z-4942",
      "ifosfamide"
    ]
  }
}