{
  "emaEpar": [],
  "fdaDrugLabel": [],
  "id": "Inosine_Monophosphate_Dehydrogenase_Inhibitor_AVN944",
  "nciThesaurus": {
    "casRegistry": "297730-17-7",
    "chebiId": "",
    "chemicalFormula": "C25H27N5O5",
    "definition": "An orally available, synthetic small molecule with potential antineoplastic activity. AVN944 inhibits inosine monosphosphate dehydrogenase (IMPDH), an enzyme involved in the de novo synthesis of guanosine triphosphate (GTP), a purine molecule required for DNA and RNA synthesis.  Inhibition of IMPDH deprives cancer cells of GTP, resulting in disruption of DNA and RNA synthesis, inhibition of cell proliferation, and the induction of apoptosis. AVN944 appears to have a selective effect on cancer cells in that deprivation of GTP in normal cells results in a temporary slowing of cell growth only. IMPDH is overexpressed in some cancer cells, particularly in hematological malignancies.",
    "fdaUniiCode": "I3NPL1V48Q",
    "identifier": "C49181",
    "preferredName": "Inosine Monophosphate Dehydrogenase Inhibitor AVN944",
    "semanticType": "Pharmacologic Substance",
    "subclassOf": [
      "C2087"
    ],
    "synonyms": [
      "AVN-944",
      "AVN944",
      "Inosine Monophosphate Dehydrogenase Inhibitor AVN944"
    ]
  }
}