{
  "emaEpar": [],
  "fdaDrugLabel": [],
  "id": "Lutetium_Lu_177_Satoreotide_Tetraxetan",
  "nciThesaurus": {
    "casRegistry": "1934243-21-6",
    "chebiId": "",
    "chemicalFormula": "",
    "definition": "A radioconjugate consisting of the somatostatin antagonistic peptide satoreotide tetraxetan (JR11) that is linked, via the chelating agent dodecanetetraacetic acid (DOTA), to the beta-emitting radioisotope lutetium Lu 177, with potential antineoplastic activity and imaging activity during positron emission tomography/computed tomography (PET/CT). Upon administration, lutetium Lu 177-DOTA-JR11 binds to somatostatin receptors (SSTRs), with high affinity for SSTR2, present on the cell membranes of many types of neuroendocrine tumor (NET) cells. Upon binding and internalization, this radioconjugate specifically delivers a cytotoxic dose of beta radiation to SSTR-positive cells. SSTRs have been shown to be present in large numbers on NETs and their metastases, while most normal tissues express low levels of SSTRs.",
    "fdaUniiCode": "CAX3X53UL6",
    "identifier": "C124929",
    "preferredName": "Lutetium Lu 177 Satoreotide Tetraxetan",
    "semanticType": "Pharmacologic Substance",
    "subclassOf": [
      "C129819",
      "C2124"
    ],
    "synonyms": [
      "177Lu-DOTA-Cpa-c[d-Cys-Aph(Hor)-d-Aph(Cbm)-Lys-Thr-Cys]-d-Tyr-NH2",
      "177Lu-DOTA-JR11",
      "177Lu-DOTA-[Cpa-c(DCys-Aph(Hor)-DAph(Cbm)-Lys-Thr-Cys)-DTyr-NH2]",
      "Lu-177 OPS-201",
      "Lutetium Lu 177 Satoreotide Tetraxetan",
      "SATOREOTIDE TETRAXETAN LUTETIUM-177",
      "SOMther",
      "Satoreotide Tetraxetan Lutetium-177"
    ]
  }
}