{
  "emaEpar": [],
  "fdaDrugLabel": [],
  "id": "Mannosulfan",
  "nciThesaurus": {
    "casRegistry": "7518-35-6",
    "chebiId": "",
    "chemicalFormula": "C10H22O14S4",
    "definition": "An alkyl sulfonate with potential antineoplastic activity. Mannosulfan alkylates DNA, thereby producing DNA intra- or interstrand crosslinks, and ultimately results in inhibiting DNA replication and cell growth.",
    "fdaUniiCode": "135FQ40L36",
    "identifier": "C83904",
    "preferredName": "Mannosulfan",
    "semanticType": "Pharmacologic Substance",
    "subclassOf": [
      "C222"
    ],
    "synonyms": [
      "MANNOSULFAN",
      "Mannosulfan"
    ]
  }
}