{
  "emaEpar": [],
  "fdaDrugLabel": [],
  "id": "Maytansine",
  "nciThesaurus": {
    "casRegistry": "35846-53-8",
    "chebiId": "",
    "chemicalFormula": "C34H46ClN3O10",
    "definition": "An ansamycin antibiotic originally isolated from the Ethiopian shrub Maytenus serrata. Maytansine binds to tubulin at the rhizoxin binding site, thereby inhibiting microtubule assembly, inducing microtubule disassembly, and disrupting mitosis.  Maytansine exhibits cytotoxicity against many tumor cell lines and may inhibit tumor growth in vivo.",
    "fdaUniiCode": "14083FR882",
    "identifier": "C626",
    "preferredName": "Maytansine",
    "semanticType": "Amino Acid, Peptide, or Protein",
    "subclassOf": [
      "C1931",
      "C67477"
    ],
    "synonyms": [
      "Alanine, N-acetyl-N-methyl-, 6-ester with 11-chloro-6, 21-dihydroxy-12,20-dimethoxy-2,5,9,16-tetramethyl-4,24-dioxa-9, 22-diazatetracyclo[19.3.1.1(10,24).0(3,5)]hexacosa-10,12,14[26], 16,18-pentaene-8,23-dione",
      "L-Alanine, N-acetyl-N-methyl-, 11-chloro-21-hydroxy-12,20-dimethoxy-2,5,9,16-tetramethyl-8, 23-dioxo-4,24-dioxa-9,22-diazatetracyclo[19.3.1.110,14.03, 5]hexacosa-10,12,14(26),16,18-pentaen-6-yl ester, [1S-(1R*,2S*, 3R*,5R*,6R*,16E,18E,20S*,21R*)]-",
      "L-alanine, N-acetyl-N-methyl-, 11-chloro-21-hydroxy-12,20-dimethoxy-2,5,9,16-tetramethyl-8,23-dioxo-4,24-dioxa-9,22-diazatetracyclo[19.3.1.110,14.03, 5]hexacosa-10,12,14(26),16,18-pentaen-6-yl ester, [1S-(1R*,2S*,3R*,5R*,6R*,16E,18E,20S*,21R*)]",
      "MAYTANSINE",
      "Maitansine",
      "Maysanine",
      "Maytansin",
      "Maytansine",
      "alanine, N-acetyl-N-methyl-, 6-ester with 11-chloro-6, 21-dihydroxy-12,20-dimethoxy-2,5,9,16-tetramethyl-4,24-dioxa-9,22-diazatetracyclo[19.3.1.1(10,24).0(3,5)]hexacosa-10,12,14[26], 16,18-pentaene-8,23-dione"
    ]
  }
}