{
  "emaEpar": [],
  "fdaDrugLabel": [
    {
      "brand": "Megestrol Acetate",
      "indication": "INDICATIONS AND USAGE Megestrol acetate tablets are indicated for the palliative treatment of advanced carcinoma of the breast or endometrium (ie, recurrent, inoperable, or metastatic disease). It should not be used in lieu of currently accepted procedures such as surgery, radiation, or chemotherapy.",
      "manufacturer": "Golden State Medical Supply, Inc.",
      "splSetId": "1ead6d47-c975-4c1b-a756-7999d8bb8ef8"
    },
    {
      "brand": "Megestrol Acetate",
      "indication": "INDICATIONS AND USAGE Megestrol acetate oral suspension is indicated for the treatment of anorexia, cachexia, or an unexplained, significant weight loss in patients with a diagnosis of acquired immunodeficiency syndrome (AIDS).",
      "manufacturer": "ATLANTIC BIOLOGICALS CORP.",
      "splSetId": "239dacec-8c96-4f4d-878a-b9681cb390f3"
    },
    {
      "brand": "Megestrol Acetate",
      "indication": "1 INDICATIONS AND USAGE Megestrol acetate oral suspension is indicated for the treatment of anorexia, cachexia, or an unexplained significant weight loss in patients with a diagnosis of acquired immunodeficiency syndrome (AIDS). Limitations of Use Therapy with megestrol acetate oral suspension for weight loss should only be insti\u00adtuted after treatable causes of weight loss are sought and addressed. These treatable causes include possible malignancies, systemic infections, gastrointestinal disorders affecting absorption, endocrine disease, renal disease or psychiatric diseases. Megestrol acetate oral suspension is not intended for prophylactic use to avoid weight loss. Megestrol acetate oral suspension is a progestin indicated for the treatment of anorexia, cachexia, or an unexplained significant weight loss in patients with a diagnosis of acquired immunodeficiency syndrome (AIDS) (1) .",
      "manufacturer": "TWi Pharmaceuticals, Inc.",
      "splSetId": "2dc921d5-e423-4379-a345-151e87d13651"
    },
    {
      "brand": "Megestrol Acetate",
      "indication": "INDICATIONS AND USAGE Megestrol Acetate Oral Suspension, USP is indicated for the treatment of anorexia, cachexia, or an unexplained, significant weight loss in patients with a diagnosis of acquired immunodeficiency syndrome (AIDS).",
      "manufacturer": "Pharmaceutical Associates, Inc.",
      "splSetId": "32e50ccb-863a-4cd9-8556-7eb22f1c5cff"
    },
    {
      "brand": "Megestrol Acetate",
      "indication": "INDICATIONS AND USAGE Megestrol acetate tablets are indicated for the palliative treatment of advanced carcinoma of the breast or endometrium (ie, recurrent, inoperable, or metastatic disease). It should not be used in lieu of currently accepted procedures such as surgery, radiation, or chemotherapy.",
      "manufacturer": "Bryant Ranch Prepack",
      "splSetId": "354ac291-0fb5-4369-b40d-3f0d4842ae05"
    },
    {
      "brand": "Megestrol Acetate",
      "indication": "INDICATIONS AND USAGE Megestrol acetate tablets are indicated for the palliative treatment of advanced carcinoma of the breast or endometrium (ie, recurrent, inoperable, or metastatic disease). It should not be used in lieu of currently accepted procedures such as surgery, radiation, or chemotherapy.",
      "manufacturer": "Par Pharmaceutical, Inc.",
      "splSetId": "4f94daf8-ceb9-4577-ab71-8b7e3db7ff8e"
    },
    {
      "brand": "Megestrol Acetate",
      "indication": "1 INDICATIONS AND USAGE Megestrol Acetate Oral Suspension (125 mg/mL) is indicated for the treatment of anorexia, cachexia, or an unexplained significant weight loss in patients with a diagnosis of acquired immunodeficiency syndrome (AIDS). Limitations of Use Therapy with megestrol acetate for weight loss should only be instituted after treatable causes of weight loss are sought and addressed. These treatable causes include possible malignancies, systemic infections, gastrointestinal disorders affecting absorption, endocrine disease, renal disease or psychiatric diseases. Megestrol acetate is not intended for prophylactic use to avoid weight loss. Megestrol Acetate Oral Suspension is a progestin indicated for the treatment of anorexia, cachexia, or an unexplained significant weight loss in patients with a diagnosis of acquired immunodeficiency syndrome (AIDS) ( 1 ).",
      "manufacturer": "Bryant Ranch Prepack",
      "splSetId": "5f4e01ca-24f7-4e09-ba81-f5521fba54bd"
    },
    {
      "brand": "Megestrol Acetate",
      "indication": "1 INDICATIONS AND USAGE Megestrol acetate oral suspension is indicated for the treatment of anorexia, cachexia, or an unexplained significant weight loss in patients with a diagnosis of acquired immunodeficiency syndrome (AIDS). Limitations of Use Therapy with megestrol acetate oral suspension for weight loss should only be insti\u2011tuted after treatable causes of weight loss are sought and addressed. These treatable causes include possible malignancies, systemic infections, gastrointestinal disorders affecting absorption, endocrine disease, renal disease or psychiatric diseases. Megestrol acetate oral suspension is not intended for prophylactic use to avoid weight loss. Megestrol acetate oral suspension is a progestin indicated for the treatment of anorexia, cachexia, or an unexplained significant weight loss in patients with a diagnosis of acquired immunodeficiency syndrome (AIDS) (1) .",
      "manufacturer": "Proficient Rx LP",
      "splSetId": "6342df31-afce-4deb-b992-e08e2a4b2b77"
    },
    {
      "brand": "Megestrol Acetate",
      "indication": "INDICATIONS AND USAGE Megestrol acetate oral suspension, USP is indicated for the treatment of anorexia, cachexia, or an unexplained, significant weight loss in patients with a diagnosis of acquired immunodeficiency syndrome (AIDS).",
      "manufacturer": "Precision Dose Inc.",
      "splSetId": "65cd51ce-b81a-4633-b80c-951cba788422"
    },
    {
      "brand": "Megestrol Acetate",
      "indication": "INDICATIONS AND USAGE Megestrol Acetate Tablets are indicated for the palliative treatment of advanced carcinoma of the breast or endometrium (i.e., recurrent, inoperable, or metastatic disease). It should not be used in lieu of currently accepted procedures such as surgery, radiation, or chemotherapy.",
      "manufacturer": "Teva Pharmaceuticals USA, Inc.",
      "splSetId": "66573d39-f2a7-49fd-9ed2-97ac8f6e8456"
    },
    {
      "brand": "Megestrol Acetate",
      "indication": "INDICATIONS AND USAGE Megestrol acetate oral suspension, USP is indicated for the treatment of anorexia, cachexia, or an unexplained, significant weight loss in patients with a diagnosis of acquired immunodeficiency syndrome (AIDS).",
      "manufacturer": "Precision Dose Inc.",
      "splSetId": "6bbc31b1-927a-48ea-a85a-09de833d2207"
    },
    {
      "brand": "Megestrol Acetate",
      "indication": "INDICATIONS AND USAGE Megestrol acetate tablets are indicated for the palliative treatment of advanced carcinoma of the breast or endometrium (ie, recurrent, inoperable, or metastatic disease). It should not be used in lieu of currently accepted procedures such as surgery, radiation, or chemotherapy.",
      "manufacturer": "Bryant Ranch Prepack",
      "splSetId": "6fcdd175-c66b-4829-b886-c6a87e0a9969"
    },
    {
      "brand": "Megestrol acetate",
      "indication": "1 INDICATIONS AND USAGE Megestrol acetate oral suspension is indicated for the treatment of anorexia, cachexia, or an unexplained significant weight loss in patients with a diagnosis of acquired immunodeficiency syndrome (AIDS). Megestrol acetate oral suspension is a progestin indicated for the treatment of anorexia, cachexia, or an unexplained significant weight loss in patients with a diagnosis of acquired immunodeficiency syndrome (AIDS) ( 1 ). Limitations of Use Therapy with megestrol acetate for weight loss should only be instituted after treatable causes of weight loss are sought and addressed. These treatable causes include possible malignancies, systemic infections, gastrointestinal disorders affecting absorption, endocrine disease, renal disease or psychiatric diseases. Megestrol acetate is not intended for prophylactic use to avoid weight loss.",
      "manufacturer": "Breckenridge Pharmaceutical, Inc.",
      "splSetId": "7f4fc8e5-f7cf-41cf-915d-828f4db0a7bc"
    },
    {
      "brand": "Megestrol Acetate",
      "indication": "INDICATIONS AND USAGE Megestrol acetate oral suspension is indicated for the treatment of anorexia, cachexia, or an unexplained, significant weight loss in patients with a diagnosis of acquired immunodeficiency syndrome (AIDS).",
      "manufacturer": "Hi-Tech Pharmacal Co., Inc.",
      "splSetId": "7f7676cd-469b-450b-b064-339b84d4047f"
    },
    {
      "brand": "Megestrol Acetate",
      "indication": "INDICATIONS AND USAGE Megestrol acetate tablets are indicated for the palliative treatment of advanced carcinoma of the breast or endometrium (ie, recurrent, inoperable, or metastatic disease). It should not be used in lieu of currently accepted procedures such as surgery, radiation, or chemotherapy.",
      "manufacturer": "Bryant Ranch Prepack",
      "splSetId": "8b035f11-35be-4f7c-9daf-e2bc164a6bb4"
    },
    {
      "brand": "Megestrol Acetate",
      "indication": "INDICATIONS AND USAGE Megestrol acetate oral suspension, USP is indicated for the treatment of anorexia, cachexia, or an unexplained, significant weight loss in patients with a diagnosis of acquired immunodeficiency syndrome (AIDS).",
      "manufacturer": "PINNACLE PHARMA LLC",
      "splSetId": "904d8eef-194c-4802-9fe0-a4ac999b5002"
    },
    {
      "brand": "Megestrol Acetate",
      "indication": "1 INDICATIONS AND USAGE Megestrol Acetate Oral Suspension (125 mg/mL) is indicated for the treatment of anorexia, cachexia, or an unexplained significant weight loss in patients with a diagnosis of acquired immunodeficiency syndrome (AIDS). Limitations of Use Therapy with megestrol acetate for weight loss should only be instituted after treatable causes of weight loss are sought and addressed. These treatable causes include possible malignancies, systemic infections, gastrointestinal disorders affecting absorption, endocrine disease, renal disease or psychiatric diseases. Megestrol acetate is not intended for prophylactic use to avoid weight loss. Megestrol Acetate Oral Suspension is a progestin indicated for the treatment of anorexia, cachexia, or an unexplained significant weight loss in patients with a diagnosis of acquired immunodeficiency syndrome (AIDS) ( 1 ).",
      "manufacturer": "Par Pharmaceutical, Inc.",
      "splSetId": "9439c3c2-338a-4d5a-be71-62c71e255504"
    },
    {
      "brand": "Megestrol Acetate",
      "indication": "INDICATIONS AND USAGE Megestrol acetate oral suspension, USP is indicated for the treatment of anorexia, cachexia, or an unexplained, significant weight loss in patients with a diagnosis of acquired immunodeficiency syndrome (AIDS).",
      "manufacturer": "McKesson Corporation DBA SKY Packaging",
      "splSetId": "95dfc24a-5744-4ddf-8809-86184142a372"
    },
    {
      "brand": "Megestrol Acetate",
      "indication": "INDICATIONS AND USAGE Megestrol acetate oral suspension, USP is indicated for the treatment of anorexia, cachexia, or an unexplained, significant weight loss in patients with a diagnosis of acquired immunodeficiency syndrome (AIDS).",
      "manufacturer": "VistaPharm, Inc.",
      "splSetId": "ad17ca75-427d-426c-9813-040eb9729612"
    },
    {
      "brand": "Megestrol Acetate",
      "indication": "1. INDICATIONS AND USAGE Megestrol acetate oral suspension is indicated for the treatment of anorexia, cachexia, or an unexplained significant weight loss in patients with a diagnosis of acquired immunodeficiency syndrome (AIDS). Megestrol acetate oral suspension is a progestin indicated for the treatment of anorexia, cachexia, or an unexplained significant weight loss in patients with a diagnosis of acquired immunodeficiency syndrome (AIDS) ( 1) . Limitations of Use Therapy with megestrol acetate for weight loss should only be instituted after treatable causes of weight loss are sought and addressed. These treatable causes include possible malignancies, systemic infections, gastrointestinal disorders affecting absorption, endocrine disease, renal disease or psychiatric diseases. Megestrol acetate is not intended for prophylactic use to avoid weight loss.",
      "manufacturer": "Pharmaceutical Associates, Inc.",
      "splSetId": "aec337db-616e-444f-84b1-f63b59981ad4"
    },
    {
      "brand": "Megestrol Acetate",
      "indication": "INDICATIONS AND USAGE Megestrol Acetate Oral Suspension, USP is indicated for the treatment of anorexia, cachexia, or an unexplained, significant weight loss in patients with a diagnosis of acquired immunodeficiency syndrome (AIDS).",
      "manufacturer": "Morton Grove Pharmaceuticals, Inc.",
      "splSetId": "eea3f3e0-ca3a-4f5d-8185-d52944b67e7a"
    },
    {
      "brand": "Megestrol Acetate",
      "indication": "INDICATIONS AND USAGE Megestrol Acetate Oral Suspension, USP is indicated for the treatment of anorexia, cachexia, or an unexplained, significant weight loss in patients with a diagnosis of acquired immunodeficiency syndrome (AIDS).",
      "manufacturer": "Cardinal Health",
      "splSetId": "f10541de-6238-4014-becf-06f6c084dad3"
    },
    {
      "brand": "Megestrol Acetate",
      "indication": "INDICATIONS AND USAGE Megestrol acetate tablets are indicated for the palliative treatment of advanced carcinoma of the breast or endometrium (ie, recurrent, inoperable, or metastatic disease). It should not be used in lieu of currently accepted procedures such as surgery, radiation, or chemotherapy.",
      "manufacturer": "Major Pharmaceuticals",
      "splSetId": "fb18e777-1b9c-475a-b986-5d526dd4a307"
    },
    {
      "brand": "Megestrol Acetate",
      "indication": "INDICATIONS AND USAGE Megestrol acetate oral suspension, USP is indicated for the treatment of anorexia, cachexia, or an unexplained, significant weight loss in patients with a diagnosis of acquired immunodeficiency syndrome (AIDS).",
      "manufacturer": "Par Pharmaceutical, Inc.",
      "splSetId": "fd97ca46-3f69-440b-80f1-28fed4544f2a"
    }
  ],
  "id": "Megestrol_Acetate",
  "nciThesaurus": {
    "casRegistry": "595-33-5",
    "chebiId": "CHEBI:6723",
    "chemicalFormula": "C24H32O4",
    "definition": "The acetate salt form of megestrol, a synthetic derivative of the naturally occurring female sex hormone progesterone with potential anti-estrogenic and antineoplastic activity. Mimicking the action of progesterone, megestrol acetate binds to and activates nuclear progesterone receptors in the reproductive system, and causes the ligand-receptor complex to be translocated to the nucleus where it binds to and promotes expression of target genes. This leads to an alteration in protein synthesis, which modulates cell growth of reproductive tissues. Due to the negative feedback mechanism seen with progesterone, megestrol also blocks luteinizing hormone (LH) release from the pituitary gland, thereby leading to an inhibition of ovulation and an alteration in the cervical mucus and endometrium. Furthermore, without stimulation of LH, estrogen release from the ovaries is stopped, hence impedes the growth of estrogen-sensitive tumor cells.",
    "fdaUniiCode": "TJ2M0FR8ES",
    "identifier": "C1156",
    "preferredName": "Megestrol Acetate",
    "semanticType": "Organic Chemical",
    "subclassOf": [
      "C776"
    ],
    "synonyms": [
      "(9beta,10alpha)-17-(Acetyloxy)-6-methylpregna-4,6-diene-3,20-dione",
      "17 Alpha-acetoxy-6-methylpregna-4,6-diene-3,20-dione",
      "17-Hydroxy-6-methylpregna-4,6-diene-3,20-dione Acetate",
      "17-Hydroxy-6-methylpregna-4,6-diene-3,20-dione acetate",
      "17.alpha.-Acetoxy-6-methylpregna-4,6-diene-3,20-dione",
      "6-Dehydro-6-methyl-17 alpha-acetoxyprogesterone",
      "6-Dehydro-6-methyl-17.alpha.-acetoxyprogesterone",
      "6-Methyl-6-dehydro-17.alpha.-acetoxyprogesterone",
      "6-Methyl-delta-4,6-pregnadien-17 alpha-ol-3,20-dione Acetate",
      "BDH 1298",
      "BDH-1298",
      "MEGESTROL ACETATE",
      "Maygace",
      "Megace",
      "Megestat",
      "Megestil",
      "Megestrol Acetate",
      "Niagestin",
      "Ovaban",
      "Pallace",
      "SC-10363"
    ]
  }
}