{
  "emaEpar": [],
  "fdaDrugLabel": [],
  "id": "Methoxyamine",
  "nciThesaurus": {
    "casRegistry": "67-62-9",
    "chebiId": "",
    "chemicalFormula": "CH5NO",
    "definition": "An orally bioavailable small molecule inhibitor with potential adjuvant activity. Methoxyamine covalently binds to apurinic/apyrimidinic (AP) DNA damage sites and inhibits base excision repair (BER), which may result in an increase in DNA strand breaks and apoptosis. This agent may potentiate the anti-tumor activity of alkylating agents.",
    "fdaUniiCode": "9TZH4WY30J",
    "identifier": "C78084",
    "preferredName": "Methoxyamine",
    "semanticType": "Organic Chemical",
    "subclassOf": [
      "C1744"
    ],
    "synonyms": [
      "METHOXYAMINE",
      "Methoxyamine",
      "TRC102 Base"
    ]
  }
}