{
  "emaEpar": [],
  "fdaDrugLabel": [
    {
      "brand": "Methazolamide",
      "indication": "INDICATIONS AND USAGE Methazolamide tablets are indicated in the treatment of ocular conditions where lowering intraocular pressure is likely to be of therapeutic benefit, such as chronic open-angle glaucoma, secondary glaucoma, and preoperatively in acute angle-closure glaucoma where lowering the intraocular pressure is desired before surgery.",
      "manufacturer": "Oceanside Pharmaceuticals",
      "splSetId": "0962cf33-b872-4006-82f8-8610567a07d6"
    },
    {
      "brand": "Methazolamide",
      "indication": "INDICATIONS AND USAGE Methazolamide Tablets are indicated in the treatment of ocular conditions where lowering intraocular pressure is likely to be of therapeutic benefit, such as chronic open-angle glaucoma, secondary glaucoma, and preoperatively in acute angle-closure glaucoma where lowering the intraocular pressure is desired before surgery.",
      "manufacturer": "Bryant Ranch Prepack",
      "splSetId": "1698aa2d-a962-4bcc-8646-4fff532b645b"
    },
    {
      "brand": "methazolamide",
      "indication": "INDICATIONS AND USAGE: Methazolamide Tablets USP is indicated in the treatment of ocular conditions where lowering intraocular pressure is likely to be of therapeutic benefit, such as chronic open-angle glaucoma, secondary glaucoma, and preoperatively in acute angle-closure glaucoma where lowering the intraocular pressure is desired before surgery.",
      "manufacturer": "Paddock Laboratories, LLC",
      "splSetId": "5e0795e1-d5c5-4b04-9bce-077bb8028023"
    },
    {
      "brand": "Methazolamide",
      "indication": "INDICATIONS AND USAGE Methazolamide Tablets are indicated in the treatment of ocular conditions where lowering intraocular pressure is likely to be of therapeutic benefit, such as chronic open-angle glaucoma, secondary glaucoma, and preoperatively in acute angle-closure glaucoma where lowering the intraocular pressure is desired before surgery.",
      "manufacturer": "Golden State Medical Supply, Inc.",
      "splSetId": "723f830c-a534-55d1-e053-2a91aa0a403c"
    },
    {
      "brand": "Methazolamide",
      "indication": "INDICATIONS AND USAGE Methazolamide Tablets are indicated in the treatment of ocular conditions where lowering intraocular pressure is likely to be of therapeutic benefit, such as chronic open-angle glaucoma, secondary glaucoma, and preoperatively in acute angle-closure glaucoma where lowering the intraocular pressure is desired before surgery.",
      "manufacturer": "Bryant Ranch Prepack",
      "splSetId": "82eb9a12-c824-4bd4-85f8-093e88b19426"
    },
    {
      "brand": "methazolamide",
      "indication": "INDICATIONS AND USAGE: Methazolamide Tablets USP is indicated in the treatment of ocular conditions where lowering intraocular pressure is likely to be of therapeutic benefit, such as chronic open-angle glaucoma, secondary glaucoma, and preoperatively in acute angle-closure glaucoma where lowering the intraocular pressure is desired before surgery.",
      "manufacturer": "A-S Medication Solutions",
      "splSetId": "8395cda9-1a6d-408c-8818-4a5d90c4a4e0"
    },
    {
      "brand": "methazolamide",
      "indication": "INDICATIONS AND USAGE Methazolamide Tablets USP is indicated in the treatment of ocular conditions where lowering intraocular pressure is likely to be of therapeutic benefit, such as chronic open-angle glaucoma, secondary glaucoma, and preoperatively in acute angle-closure glaucoma where lowering the intraocular pressure is desired before surgery.",
      "manufacturer": "Effcon Laboratories, Inc.",
      "splSetId": "8e162b6d-8fa6-45f6-80d8-5132d94c1207"
    },
    {
      "brand": "METHAZOLAMIDE",
      "indication": "INDICATIONS AND USAGE Methazolamide tablets are indicated in the treatment of ocular conditions where lowering intraocular pressure is likely to be of therapeutic benefit, such as chronic open-angle glaucoma, secondary glaucoma, and preoperatively in acute angle-closure glaucoma where lowering the intraocular pressure is desired before surgery.",
      "manufacturer": "Micro Labs Limited",
      "splSetId": "91a493f5-f8c3-4b64-a15e-b550d8631668"
    },
    {
      "brand": "Methazolamide",
      "indication": "INDICATIONS AND USAGE Methazolamide Tablets are indicated in the treatment of ocular conditions where lowering intraocular pressure is likely to be of therapeutic benefit, such as chronic open-angle glaucoma, secondary glaucoma, and preoperatively in acute angle-closure glaucoma where lowering the intraocular pressure is desired before surgery.",
      "manufacturer": "ANI Pharmaceuticals, Inc.",
      "splSetId": "c26c8834-961e-4c9c-9ad4-5db2d9419938"
    },
    {
      "brand": "Methazolamide",
      "indication": "INDICATIONS AND USAGE Methazolamide Tablets are indicated in the treatment of ocular conditions where lowering intraocular pressure is likely to be of therapeutic benefit, such as chronic open-angle glaucoma, secondary glaucoma, and preoperatively in acute angle-closure glaucoma where lowering the intraocular pressure is desired before surgery.",
      "manufacturer": "Bryant Ranch Prepack",
      "splSetId": "ff710572-ed62-490a-95f1-2b2c2eed08ee"
    }
  ],
  "id": "Methazolamide",
  "nciThesaurus": {
    "casRegistry": "554-57-4",
    "chebiId": "",
    "chemicalFormula": "C5H8N4O3S2",
    "definition": "A sulfonamide derivate and carbonic anhydrase inhibitor with potential antineoplastic activity. Methazolamide inhibits tumor-associated carbonic anhydrase IX (CAIX), which may result in increased cell death in hypoxic tumors. As a hypoxia-inducible transmembrane glycoprotein, CAIX catalyzes the rapid interconversion of carbon dioxide and water into carbonic acid, protons, and bicarbonate ions, helping to maintain acidification of the tumor microenvironment and enhance resistance to cytotoxic therapy in some hypoxic tumors.",
    "fdaUniiCode": "W733B0S9SD",
    "identifier": "C61318",
    "preferredName": "Methazolamide",
    "semanticType": "Pharmacologic Substance",
    "subclassOf": [
      "C29577",
      "C448"
    ],
    "synonyms": [
      "Glauctabs",
      "METHAZOLAMIDE",
      "MZM",
      "Methazolamide",
      "N-[5-(aminosulfonyl)-3-methyl-1,3,4-thiadiazol-2(3H)-ylidene]-acetamide",
      "Neptazane"
    ]
  }
}