{
  "emaEpar": [
    {
      "activeSubstance": "Mitotane",
      "conditionIndication": "Symptomatic treatment of advanced (unresectable, metastatic or relapsed) adrenal cortical carcinoma. The effect of Lysodren on non-functional adrenal cortical carcinoma is not established.",
      "inn": "mitotane",
      "marketingAuthorisationDate": "2004-04-28 00:00:00",
      "marketingAuthorisationHolder": "HRA Pharma Rare Diseases",
      "medicineName": "Lysodren",
      "url": "https://www.ema.europa.eu/en/medicines/human/EPAR/lysodren"
    }
  ],
  "fdaDrugLabel": [
    {
      "brand": "Lysodren",
      "indication": "1 INDICATIONS AND USAGE LYSODREN is indicated for the treatment of patients with inoperable, functional or nonfunctional, adrenal cortical carcinoma. LYSODREN is an adrenal cytotoxic agent indicated for the treatment of inoperable, functional or nonfunctional, adrenal cortical carcinoma. (1)",
      "manufacturer": "HRA Pharma Rare Diseases",
      "splSetId": "f0cd76e9-460c-450e-b094-172e636f340a"
    }
  ],
  "id": "Mitotane",
  "nciThesaurus": {
    "casRegistry": "53-19-0",
    "chebiId": "",
    "chemicalFormula": "C14H10Cl4",
    "definition": "A synthetic derivative of the insecticide dichlorodiphenyl trichloroethane (DDT) with anti-adrenocorticoid properties.  Following its metabolism in the adrenal cortex to a reactive acyl chloride intermediate, mitotane covalently binds to adrenal proteins, specifically inhibiting adrenal cortical hormone production.",
    "fdaUniiCode": "78E4J5IB5J",
    "identifier": "C664",
    "preferredName": "Mitotane",
    "semanticType": "Organic Chemical",
    "subclassOf": [
      "C2355"
    ],
    "synonyms": [
      "(o,p)-DDD",
      "1, 1-Dichloro-2-(o-chlorophenyl)-2-(p-chlorophenyl)ethane",
      "1,1-Dichloro-2-(o-chlorophenyl)-2-(p-chlorophenyl)ethane",
      "1-Chloro-2-[2,2-dichloro-1-(4-chlorophenyl)ethyl]benzene",
      "2, 2-Bis(2-chlorophenyl-4-chlorophenyl)-1,1-dichloroethane",
      "2, 4'-Dichlorodiphenyldichloroethane",
      "2,2-Bis(2-chlorophenyl-4-chlorophenyl)-1,1-dichloroethane",
      "2,4'-Dichlorodiphenyldichloroethane",
      "2-(2-Chlorophenyl)-2-(4-chlorophenyl)-1,1-dichloroethane",
      "CB 313",
      "CB-313",
      "Chloditan",
      "Chlodithane",
      "DDD",
      "Ethane, 2-(o-chlorophenyl)-2-(p-chlorophenyl)-1,1-dichloro-",
      "Khloditan",
      "Lisodren",
      "Lysodren",
      "MITOTANE",
      "Mitotane",
      "Mytotan",
      "Ortho,para-DDD",
      "WR-13045",
      "mitotane",
      "o,p' - DDD",
      "o,p'-DDD"
    ]
  }
}