{
  "emaEpar": [],
  "fdaDrugLabel": [],
  "id": "Ormaplatin",
  "nciThesaurus": {
    "casRegistry": "62816-98-2",
    "chebiId": "",
    "chemicalFormula": "C6H14N2.4Cl.Pt",
    "definition": "A platinum(IV) analogue with antineoplastic activity. Ormaplatin alkylates DNA, forming both inter- and intra-strand platinum-DNA crosslinks, which result in inhibition of DNA replication and transcription and cell-cycle nonspecific cytotoxicity.",
    "fdaUniiCode": "SFK1SGY8V1",
    "identifier": "C1250",
    "preferredName": "Ormaplatin",
    "semanticType": "Inorganic Chemical",
    "subclassOf": [
      "C1450"
    ],
    "synonyms": [
      "ORMAPLATIN",
      "Ormaplatin",
      "Platinum, tetrachloro(1,2-cyclohexanediamine-N,N')-, (OC-6-22-(trans))-",
      "Tetraplatin",
      "tetrachloro(1,2-cyclohexanediamine-N,N')-, (OC-6-22-(trans))Platinum"
    ]
  }
}