{
  "emaEpar": [
    {
      "activeSubstance": "osimertinib mesilate",
      "conditionIndication": "TAGRISSO as monotherapy is indicated for:-the adjuvant treatment after complete tumour resection in adult patients with stage IB-IIIA non-small cell lung cancer (NSCLC) whose tumours have epidermal growth factor receptor (EGFR) exon 19 deletions or exon 21 (L858R) substitution mutations- the first-line treatment of adult patients NSCLC with activating EGFR mutations.- the treatment of adult patients with locally advanced or metastatic EGFR T790M mutation-positive NSCLC.\u00a0\u00a0TAGRISSO as monotherapy is indicated for:- the adjuvant treatment after complete tumour resection in adult patients with stage IB-IIIA non-small cell lung cancer (NSCLC) whose tumours have epidermal growth factor receptor (EGFR) exon 19 deletions or exon 21 (L858R) substitution mutations.- the first-line treatment of adult patients with locally advanced or metastatic NSCLC with activating EGFR mutations.- the treatment of adult patients with locally advanced or metastatic EGFR T790M mutation-positive NSCLC.\u00a0\u00a0",
      "inn": "osimertinib",
      "marketingAuthorisationDate": "2016-02-01 01:00:00",
      "marketingAuthorisationHolder": "AstraZeneca AB",
      "medicineName": "Tagrisso",
      "url": "https://www.ema.europa.eu/en/medicines/human/EPAR/tagrisso"
    }
  ],
  "fdaDrugLabel": [
    {
      "brand": "TAGRISSO",
      "indication": "1 INDICATIONS AND USAGE TAGRISSO is a kinase inhibitor indicated for: \u2022 as adjuvant therapy after tumor resection in adult patients with non-small cell lung cancer (NSCLC) whose tumors have epidermal growth factor receptor (EGFR) exon 19 deletions or exon 21 L858R mutations, as detected by an FDA-approved test ( 1.1 , 2.1 ) \u2022 the first-line treatment of adult patients with metastatic NSCLC whose tumors have EGFR exon 19 deletions or exon 21 L858R mutations, as detected by an FDA-approved test. ( 1.2 , 2.1 ) \u2022 the treatment of adult patients with metastatic EGFR T790M mutation-positive NSCLC, as detected by an FDA-approved test, whose disease has progressed on or after EGFR TKI therapy. ( 1.3 , 2.1 ) 1.1 Adjuvant Treatment of EGFR Mutation-Positive Non-Small Cell Lung Cancer (NSCLC) TAGRISSO is indicated as adjuvant therapy after tumor resection in adult patients with non-small cell lung cancer (NSCLC) whose tumors have epidermal growth factor receptor (EGFR) exon 19 deletions or exon 21 L858R mutations, as detected by an FDA-approved test [see Dosage and Administration (2.1) ]. 1.2 First-line Treatment of EGFR Mutation-Positive Metastatic NSCLC TAGRISSO is indicated for the first-line treatment of adult patients with metastatic NSCLC whose tumors have EGFR exon 19 deletions or exon 21 L858R mutations, as detected by an FDA-approved test [see Dosage and Administration (2.1) ] . 1.3 Previously Treated EGFR T790M Mutation-Positive Metastatic NSCLC TAGRISSO is indicated for the treatment of adult patients with metastatic EGFR T790M mutation-positive NSCLC, as detected by an FDA-approved test, whose disease has progressed on or after EGFR tyrosine kinase inhibitor (TKI) therapy [see Dosage and Administration (2.1) ] .",
      "manufacturer": "AstraZeneca Pharmaceuticals LP",
      "splSetId": "5e81b4a7-b971-45e1-9c31-29cea8c87ce7"
    }
  ],
  "id": "Osimertinib",
  "nciThesaurus": {
    "casRegistry": "1421373-65-0",
    "chebiId": "",
    "chemicalFormula": "",
    "definition": "A third-generation, orally available, irreversible, mutant-selective, epidermal growth factor receptor (EGFR) inhibitor, with potential antineoplastic activity. Upon oral administration, osimertinib covalently binds to and inhibits the activity of numerous mutant forms of EGFR, including the secondarily-acquired resistance mutation T790M, L858R, and exon 19 deletions, thereby preventing EGFR-mediated signaling. This may both induce cell death and inhibit tumor growth in EGFR-overexpressing tumor cells. EGFR, a receptor tyrosine kinase mutated in many tumor cell types, plays a key role in tumor cell proliferation and tumor vascularization. As this agent is selective towards mutant forms of EGFR, its toxicity profile may be reduced when compared to non-selective EGFR inhibitors which also inhibit wild-type EGFR.",
    "fdaUniiCode": "3C06JJ0Z2O",
    "identifier": "C116377",
    "preferredName": "Osimertinib",
    "semanticType": "Pharmacologic Substance",
    "subclassOf": [
      "C129825",
      "C2167"
    ],
    "synonyms": [
      "2-Propenamide, N-(2-((2-(dimethylamino)ethyl)methylamino)-4-methoxy-5-((4-(1-methyl-1H-indol-3-yl)-2-pyrimidinyl)amino)phenyl)-",
      "AZD-9291",
      "AZD9291",
      "Mereletinib",
      "OSIMERTINIB",
      "Osimertinib",
      "Tagrisso"
    ]
  }
}