{
  "emaEpar": [],
  "fdaDrugLabel": [],
  "id": "Panulisib",
  "nciThesaurus": {
    "casRegistry": "1356033-60-7",
    "chebiId": "",
    "chemicalFormula": "",
    "definition": "An orally bioavailable inhibitor of phosphoinositide 3-kinase (PI3K), mammalian target of rapamycin (mTOR), activin receptor-like kinase 1 (ALK-1) and DNA-dependent protein kinase (DNA-PK), with potential anti-angiogenic and antineoplastic activities. Upon oral administration, panulisib inhibits the activity of all four kinases. This prevents PI3K/mTOR and ALK-1-mediated signaling pathways and may lead to the inhibition of cancer cell growth in PI3K/mTOR-overexpressing tumor cells and angiogenesis in ALK-1-overexpressing endothelial cells. Also, by inhibiting DNA-PK, this agent inhibits the ability of tumor cells to repair damaged DNA. The PI3K/mTOR pathway is upregulated in a variety of tumors and plays an important role in regulating cancer cell proliferation, growth, and survival. ALK-1, a member of the transforming growth factor beta (TGF-b) type I receptor family, is overexpressed on endothelial cells in a variety of tumor types and increases endothelial cell proliferation and migration. DNA-PK is activated upon DNA damage and plays a key role in repairing double-stranded DNA breaks.",
    "fdaUniiCode": "S9WA04F921",
    "identifier": "C104292",
    "preferredName": "Panulisib",
    "semanticType": "Pharmacologic Substance",
    "subclassOf": [
      "C129825",
      "C2152"
    ],
    "synonyms": [
      "AK15176",
      "P7170",
      "PANULISIB",
      "PI3K/mTOR/ALK-1/DNA-PK Inhibitor P7170",
      "Panulisib"
    ]
  }
}