{
  "emaEpar": [],
  "fdaDrugLabel": [
    {
      "brand": "VOTRIENT",
      "indication": "1 INDICATIONS AND USAGE VOTRIENT is a kinase inhibitor indicated for the treatment of adults with: advanced renal cell carcinoma (RCC). ( 1.1 ) advanced soft tissue sarcoma (STS) who have received prior chemotherapy. ( 1.2 ) Limitations of Use : The efficacy of VOTRIENT for the treatment of patients with adipocytic soft tissue sarcoma or gastrointestinal stromal tumors has not been demonstrated. 1.1 Renal Cell Carcinoma VOTRIENT \u00ae is indicated for the treatment of adults with advanced renal cell carcinoma (RCC). 1.2 Soft Tissue Sarcoma VOTRIENT is indicated for the treatment of adults with advanced soft tissue sarcoma (STS) who have received prior chemotherapy. Limitations of Use : The efficacy of VOTRIENT for the treatment of patients with adipocytic STS or gastrointestinal stromal tumors has not been demonstrated.",
      "manufacturer": "Novartis Pharmaceuticals Corporation",
      "splSetId": "eeaaaf38-fb86-4d9f-a19d-0f61daac2fd7"
    }
  ],
  "id": "Pazopanib_Hydrochloride",
  "nciThesaurus": {
    "casRegistry": "635702-64-6",
    "chebiId": "",
    "chemicalFormula": "C21H23N7O2S.HCl",
    "definition": "The hydrochloride salt of a small molecule inhibitor of multiple protein tyrosine kinases with potential antineoplastic activity. Pazopanib selectively inhibits vascular endothelial growth factor receptors (VEGFR)-1, -2 and -3, c-kit and platelet derived growth factor receptor (PDGF-R), which may result in inhibition of angiogenesis in tumors in which these receptors are upregulated.",
    "fdaUniiCode": "33Y9ANM545",
    "identifier": "C60779",
    "preferredName": "Pazopanib Hydrochloride",
    "semanticType": "Pharmacologic Substance",
    "subclassOf": [
      "C155727",
      "C159198",
      "C159199",
      "C93259"
    ],
    "synonyms": [
      "5-((4-((2,3-Dimethyl-2h-Indazol-6-Yl)Methylamino)Pyrimidin-2-yl)Amino)-2-Methylbenzenesulfonamide Monohydrochloride",
      "GW786034B",
      "PAZOPANIB HYDROCHLORIDE",
      "Pazopanib Hydrochloride",
      "Votrient",
      "pazopanib hydrochloride"
    ]
  }
}