{
  "emaEpar": [],
  "fdaDrugLabel": [],
  "id": "Peplomycin_Sulfate",
  "nciThesaurus": {
    "casRegistry": "73228-94-1",
    "chebiId": "",
    "chemicalFormula": "C61H88N18O21S2.H2O4S",
    "definition": "The sulfate salt of the bleomycin analogue peplomycin.  Peplomycin forms complexes with iron that reduce molecular oxygen to superoxide and hydroxyl radicals that cause single- and double-stranded breaks in DNA.  This agent appears to show greater antitumor activity than bleomycin; its use is limited due to pulmonary toxicity.",
    "fdaUniiCode": "6A668951HW",
    "identifier": "C1400",
    "preferredName": "Peplomycin Sulfate",
    "semanticType": "Amino Acid, Peptide, or Protein",
    "subclassOf": [
      "C2311"
    ],
    "synonyms": [
      "N1-(3-(((S)-(alpha-methylbenzyl))amino)propyl)bleomycinamide Sulfate (1:1) (Salt)",
      "NK-631",
      "PEPLOMYCIN SULFATE",
      "Pepleo",
      "Peplomycin Sulfate"
    ]
  }
}