{
  "emaEpar": [],
  "fdaDrugLabel": [],
  "id": "Piposulfan",
  "nciThesaurus": {
    "casRegistry": "2608-24-4",
    "chebiId": "",
    "chemicalFormula": "C12H22N2O8S2",
    "definition": "An alkyl sulfonate with potential antineoplastic activity.  Piposulfan alkylates DNA, thereby producing DNA interstrand crosslinks and DNA strand breaks and inhibiting DNA replication.  This agent has been shown to exhibit antitumor activity in an animal model of prostate cancer.",
    "fdaUniiCode": "VY5DPN1TDU",
    "identifier": "C1783",
    "preferredName": "Piposulfan",
    "semanticType": "Organic Chemical",
    "subclassOf": [
      "C222"
    ],
    "synonyms": [
      "A 20968",
      "A-20968",
      "PIPOSULFAN",
      "Piposulfan"
    ]
  }
}