{
  "emaEpar": [],
  "fdaDrugLabel": [
    {
      "brand": "CERAVIDA FRESH",
      "indication": "Directions How to use - Mix together in the proper proportion with the water in the tenter's water bath. - Ceravida Fresh dosage is different depending on the tenter capacity. - It must be sufficiently mixed with the water at a rate of about 5-10% dosage to process the fabric.",
      "manufacturer": "G.CLO CO., LTD",
      "splSetId": "a71b8b28-1cca-7056-e053-2a95a90aee5f"
    },
    {
      "brand": "Cotton piece",
      "indication": "Use For skin cleaning.",
      "manufacturer": "Qingdao Miuton Medical Co.,LTD.",
      "splSetId": "ac19c01f-5d10-32f6-e053-2995a90aa4b5"
    }
  ],
  "id": "Poliglusam",
  "nciThesaurus": {
    "casRegistry": "",
    "chebiId": "",
    "chemicalFormula": "",
    "definition": "A naturally occurring polysaccharide composed of beta-1,4-linked glucosamine residues with potential antineoplastic activity. Upon administration, poliglusam may, through a not yet fully elucidated mechanism, reduce advanced glycation end product (AGE) levels. This may reduce the interaction between AGEs and the receptor for advanced glycation end products (RAGE, AGER), which is overexpressed in some tumor types and is associated with poor patient outcomes. AGE-RAGE interaction may induce the phosphorylation and subsequent degradation of retinoblastoma protein (Rb), a key cell cycle inhibitor and tumor suppressor, through the phosphoinositide 3-kinase (PI3K)/protein kinase B (PKB, Akt) signaling pathway. Hyperphosphorylation of Rb leads to the dissociation of the Rb-E2F complex, which triggers the activation of genes required for G1/S transition and tumorigenesis. Reducing AGE levels may limit AGE-RAGE interaction and normalize the G1 to S-phase transition, potentially reducing the development and progression of certain cancers. AGEs are non-enzymatic protein modifications produced during the normal aging process that have been shown to play a role in the development and progression of some cancers.",
    "fdaUniiCode": "82LKS4QV2Y",
    "identifier": "C157372",
    "preferredName": "Poliglusam",
    "semanticType": "Pharmacologic Substance",
    "subclassOf": [
      "C2189"
    ],
    "synonyms": [
      "Chitosan",
      "Deacetylchitin",
      "POLIGLUSAM",
      "Poliglusam"
    ]
  }
}