{
  "emaEpar": [],
  "fdaDrugLabel": [
    {
      "brand": "Pravastatin Sodium",
      "indication": "1 INDICATIONS AND USAGE Therapy with lipid-altering agents should be only one component of multiple risk factor intervention in individuals at significantly increased risk for atherosclerotic vascular disease due to hypercholesterolemia. Drug therapy is indicated as an adjunct to diet when the response to a diet restricted in saturated fat and cholesterol and other nonpharmacologic measures alone has been inadequate. Pravastatin sodium tablets are an HMG-CoA reductase inhibitor (statin) indicated as an adjunctive therapy to diet to: Reduce the risk of MI, revascularization, and cardiovascular mortality in hypercholesterolemic patients without clinically evident CHD. ( 1.1 ) Reduce the risk of total mortality by reducing coronary death, MI, revascularization, stroke/TIA, and the progression of coronary atherosclerosis in patients with clinically evident CHD. ( 1.1 ) Reduce elevated Total-C, LDL-C, ApoB, and TG levels and to increase HDL-C in patients with primary hypercholesterolemia and mixed dyslipidemia. ( 1.2 ) Reduce elevated serum TG levels in patients with hypertriglyceridemia. ( 1.2 ) Treat patients with primary dysbetalipoproteinemia who are not responding to diet. ( 1.2 ) Treat children and adolescent patients ages 8 years and older with heterozygous familial hypercholesterolemia after failing an adequate trial of diet therapy. ( 1.2 ) Limitations of use: Pravastatin sodium tablets have not been studied in Fredrickson Types I and V dyslipidemias. ( 1.3 ) 1.1 Prevention of Cardiovascular Disease In hypercholesterolemic patients without clinically evident coronary heart disease (CHD), pravastatin sodium tablets are indicated to: reduce the risk of myocardial infarction (MI). reduce the risk of undergoing myocardial revascularization procedures. reduce the risk of cardiovascular mortality with no increase in death from non-cardiovascular causes. In patients with clinically evident CHD, pravastatin sodium tablets are indicated to: reduce the risk of total mortality by reducing coronary death. reduce the risk of MI. reduce the risk of undergoing myocardial revascularization procedures. reduce the risk of stroke and stroke/transient ischemic attack (TIA). slow the progression of coronary atherosclerosis. 1.2 Hyperlipidemia Pravastatin sodium tablets are indicated: as an adjunct to diet to reduce elevated total cholesterol (Total-C), low-density lipoprotein cholesterol (LDL-C), apolipoprotein B (ApoB), and triglyceride (TG) levels and to increase high-density lipoprotein cholesterol (HDL-C) in patients with primary hypercholesterolemia and mixed dyslipidemia ( Fredrickson Types IIa and IIb). 1 as an adjunct to diet for the treatment of patients with elevated serum TG levels ( Fredrickson Type IV). for the treatment of patients with primary dysbetalipoproteinemia ( Fredrickson Type III) who do not respond adequately to diet. as an adjunct to diet and lifestyle modification for treatment of heterozygous familial hypercholesterolemia (HeFH) in children and adolescent patients ages 8 years and older if after an adequate trial of diet the following findings are present: LDL-C remains \u2265190 mg/dL or LDL-C remains \u2265160 mg/dL and: there is a positive family history of premature cardiovascular disease (CVD) or two or more other CVD risk factors are present in the patient. 1.3 Limitations of Use Pravastatin sodium tablets have not been studied in conditions where the major lipoprotein abnormality is elevation of chylomicrons (Fredrickson Types I and V).",
      "manufacturer": "American Health Packaging",
      "splSetId": "056475c8-59c2-469c-9175-7162065726f5"
    },
    {
      "brand": "pravastatin sodium",
      "indication": "1 INDICATIONS AND USAGE Pravastatin sodium tablet, USP is an HMG-CoA reductase inhibitor (statin) indicated as an adjunctive therapy to diet to: Reduce the risk of MI, revascularization, and cardiovascular mortality in hypercholesterolemic patients without clinically evident CHD. ( 1.1 ) Reduce the risk of total mortality by reducing coronary death, MI, revascularization, stroke/TIA, and the progression of coronary atherosclerosis in patients with clinically evident CHD. ( 1.1 ) Reduce elevated Total-C, LDL-C, ApoB, and TG levels and to increase HDL-C in patients with primary hypercholesterolemia and mixed dyslipidemia. ( 1.2 ) Reduce elevated serum TG levels in patients with hypertriglyceridemia. ( 1.2 ) Treat patients with primary dysbetalipoproteinemia who are not responding to diet. ( 1.2 ) Treat children and adolescent patients ages 8 years and older with heterozygous familial hypercholesterolemia after failing an adequate trial of diet therapy. ( 1.2 ) Limitations of use: Pravastatin sodium tablet, USP has not been studied in Fredrickson Types I and V dyslipidemias. ( 1.3 ) Therapy with lipid-altering agents should be only one component of multiple risk factor intervention in individuals at significantly increased risk for atherosclerotic vascular disease due to hypercholesterolemia. Drug therapy is indicated as an adjunct to diet when the response to a diet restricted in saturated fat and cholesterol and other nonpharmacologic measures alone has been inadequate. 1.1 Prevention of Cardiovascular Disease In hypercholesterolemic patients without clinically evident coronary heart disease (CHD), pravastatin sodium tablet, USP is indicated to: reduce the risk of myocardial infarction (MI). reduce the risk of undergoing myocardial revascularization procedures. reduce the risk of cardiovascular mortality with no increase in death from non-cardiovascular causes. In patients with clinically evident CHD, pravastatin sodium tablet is indicated to: reduce the risk of total mortality by reducing coronary death. reduce the risk of MI. reduce the risk of undergoing myocardial revascularization procedures. reduce the risk of stroke and stroke/transient ischemic attack (TIA). slow the progression of coronary atherosclerosis. 1.2 Hyperlipidemia Pravastatin sodium tablet is indicated: as an adjunct to diet to reduce elevated total cholesterol (Total-C), low-density lipoprotein cholesterol (LDL-C), apolipoprotein B (ApoB), and triglyceride (TG) levels and to increase high-density lipoprotein cholesterol (HDL-C) in patients with primary hypercholesterolemia and mixed dyslipidemia ( Fredrickson Types IIa and IIb). 1 as an adjunct to diet for the treatment of patients with elevated serum TG levels ( Fredrickson Type IV). for the treatment of patients with primary dysbetalipoproteinemia ( Fredrickson Type III) who do not respond adequately to diet. as an adjunct to diet and lifestyle modification for treatment of heterozygous familial hypercholesterolemia (HeFH) in children and adolescent patients ages 8 years and older if after an adequate trial of diet the following findings are present: a. LDL-C remains \u2265 190 mg/dL or b. LDL-C remains \u2265 160 mg/dL and: there is a positive family history of premature cardiovascular disease (CVD) or two or more other CVD risk factors are present in the patient. 1.3 Limitations of Use Pravastatin sodium has not been studied in conditions where the major lipoprotein abnormality is elevation of chylomicrons (Fredrickson Types I and V).",
      "manufacturer": "PD-Rx Pharmaceuticals, Inc.",
      "splSetId": "08f16c8a-0602-4537-b935-3de29e3d8a79"
    },
    {
      "brand": "Pravastatin Sodium",
      "indication": "1 INDICATIONS AND USAGE Therapy with lipid-altering agents should be only one component of multiple risk factor intervention in individuals at significantly increased risk for atherosclerotic vascular disease due to hypercholesterolemia. Drug therapy is indicated as an adjunct to diet when the response to a diet restricted in saturated fat and cholesterol and other nonpharmacologic measures alone has been inadequate. Pravastatin sodium tablets are an HMG-CoA reductase inhibitor (statin) indicated as an adjunctive therapy to diet to: Reduce the risk of MI, revascularization, and cardiovascular mortality in hypercholesterolemic patients without clinically evident CHD. ( 1.1 ) Reduce the risk of total mortality by reducing coronary death, MI, revascularization, stroke/TIA, and the progression of coronary atherosclerosis in patients with clinically evident CHD. ( 1.1 ) Reduce elevated Total-C, LDL-C, ApoB, and TG levels and to increase HDL-C in patients with primary hypercholesterolemia and mixed dyslipidemia. ( 1.2 ) Reduce elevated serum TG levels in patients with hypertriglyceridemia. ( 1.2 ) Treat patients with primary dysbetalipoproteinemia who are not responding to diet. ( 1.2 ) Treat children and adolescent patients ages 8 years and older with heterozygous familial hypercholesterolemia after failing an adequate trial of diet therapy. ( 1.2 ) Limitations of use: Pravastatin sodium tablets have not been studied in Fredrickson Types I and V dyslipidemias. ( 1.3 ) 1.1 Prevention of Cardiovascular Disease In hypercholesterolemic patients without clinically evident coronary heart disease (CHD), pravastatin sodium tablets are indicated to: reduce the risk of myocardial infarction (MI). reduce the risk of undergoing myocardial revascularization procedures. reduce the risk of cardiovascular mortality with no increase in death from non-cardiovascular causes. In patients with clinically evident CHD, pravastatin sodium tablets are indicated to: reduce the risk of total mortality by reducing coronary death. reduce the risk of MI. reduce the risk of undergoing myocardial revascularization procedures. reduce the risk of stroke and stroke/transient ischemic attack (TIA). slow the progression of coronary atherosclerosis. 1.2 Hyperlipidemia Pravastatin sodium tablets are indicated: as an adjunct to diet to reduce elevated total cholesterol (Total-C), low-density lipoprotein cholesterol (LDL-C), apolipoprotein B (ApoB), and triglyceride (TG) levels and to increase high-density lipoprotein cholesterol (HDL-C) in patients with primary hypercholesterolemia and mixed dyslipidemia ( Fredrickson Types IIa and IIb). 1 as an adjunct to diet for the treatment of patients with elevated serum TG levels ( Fredrickson Type IV). for the treatment of patients with primary dysbetalipoproteinemia ( Fredrickson Type III) who do not respond adequately to diet. as an adjunct to diet and lifestyle modification for treatment of heterozygous familial hypercholesterolemia (HeFH) in children and adolescent patients ages 8 years and older if after an adequate trial of diet the following findings are present: a. LDL-C remains \u2265 190 mg/dL or b. LDL-C remains \u2265 160 mg/dL and: there is a positive family history of premature cardiovascular disease (CVD) or two or more other CVD risk factors are present in the patient. 1.3 Limitations of Use Pravastatin sodium tablets have not been studied in conditions where the major lipoprotein abnormality is elevation of chylomicrons ( Fredrickson Types I and V).",
      "manufacturer": "REMEDYREPACK INC.",
      "splSetId": "0c4b59f1-92a8-44f8-8b4c-691f35777460"
    },
    {
      "brand": "PRAVASTATIN SODIUM",
      "indication": "1 INDICATIONS AND USAGE Pravastatin sodium tablets are an HMG-CoA reductase inhibitor (statin) indicated as an adjunctive therapy to diet to: Reduce the risk of MI, revascularization, and cardiovascular mortality in hypercholesterolemic patients without clinically evident CHD. ( 1.1 ) Reduce the risk of total mortality by reducing coronary death, MI, revascularization, stroke/TIA, and the progression of coronary atherosclerosis in patients with clinically evident CHD. ( 1.1 ) Reduce elevated Total-C, LDL-C, ApoB, and TG levels and to increase HDL-C in patients with primary hypercholesterolemia and mixed dyslipidemia. ( 1.2 ) Reduce elevated serum TG levels in patients with hypertriglyceridemia. ( 1.2 ) Treat patients with primary dysbetalipoproteinemia who are not responding to diet. ( 1.2 ) Treat children and adolescent patients ages 8 years and older with heterozygous familial hypercholesterolemia after failing an adequate trial of diet therapy. ( 1.2 ) Limitations of use: Pravastatin sodium tablets has not been studied in Fredrickson Types I and V dyslipidemias. ( 1.3 ) Therapy with lipid-altering agents should be only one component of multiple risk factor intervention in individuals at significantly increased risk for atherosclerotic vascular disease due to hypercholesterolemia. Drug therapy is indicated as an adjunct to diet when the response to a diet restricted in saturated fat and cholesterol and other nonpharmacologic measures alone has been inadequate. 1.1 Prevention of Cardiovascular Disease In hypercholesterolemic patients without clinically evident coronary heart disease (CHD), pravastatin sodium is indicated to: reduce the risk of myocardial infarction (MI). reduce the risk of undergoing myocardial revascularization procedures. reduce the risk of cardiovascular mortality with no increase in death from non-cardiovascular causes. In patients with clinically evident CHD, pravastatin sodium is indicated to: reduce the risk of total mortality by reducing coronary death. reduce the risk of MI. reduce the risk of undergoing myocardial revascularization procedures. reduce the risk of stroke and stroke/transient ischemic attack (TIA). slow the progression of coronary atherosclerosis. 1.2 Hyperlipidemia Pravastatin sodium tablets are indicated: as an adjunct to diet to reduce elevated total cholesterol (Total-C), low-density lipoprotein cholesterol (LDL-C), apolipoprotein B (ApoB), and triglyceride (TG) levels and to increase high-density lipoprotein cholesterol (HDL-C) in patients with primary hypercholesterolemia and mixed dyslipidemia ( Fredrickson Types IIa and IIb). 1 as an adjunct to diet for the treatment of patients with elevated serum TG levels ( Fredrickson Type IV). for the treatment of patients with primary dysbetalipoproteinemia ( Fredrickson Type III) who do not respond adequately to diet. as an adjunct to diet and lifestyle modification for treatment of heterozygous familial hypercholesterolemia (HeFH) in children and adolescent patients ages 8 years and older if after an adequate trial of diet the following findings are present: LDL-C remains \u2265190 mg/dL or LDL-C remains \u2265160 mg/dL and: \u2022 there is a positive family history of premature cardiovascular disease (CVD) or \u2022 two or more other CVD risk factors are present in the patient. 1.3 Limitations of Use Pravastatin sodium tablets has not been studied in conditions where the major lipoprotein abnormality is elevation of chylomicrons (Fredrickson Types I and V).",
      "manufacturer": "Lupin Pharmaceuticals, Inc.",
      "splSetId": "1123d56c-16f0-4f81-b56f-67b1f343ae1e"
    },
    {
      "brand": "PRAVASTATIN SODIUM",
      "indication": "1 INDICATIONS AND USAGE Therapy with lipid-altering agents should be only one component of multiple risk factor intervention in individuals at significantly increased risk for atherosclerotic vascular disease due to hypercholesterolemia. Drug therapy is indicated as an adjunct to diet when the response to a diet restricted in saturated fat and cholesterol and other nonpharmacologic measures alone has been inadequate. Pravastatin sodium is an HMG-CoA reductase inhibitor (statin) indicated as an adjunctive therapy to diet to: Reduce the risk of MI, revascularization, and cardiovascular mortality in hypercholesterolemic patients without clinically evident CHD. ( 1.1 ) Reduce the risk of total mortality by reducing coronary death, MI, revascularization, stroke/TIA, and the progression of coronary atherosclerosis in patients with clinically evident CHD. ( 1.1 ) Reduce elevated Total-C, LDL-C, ApoB, and TG levels and to increase HDL-C in patients with primary hypercholesterolemia and mixed dyslipidemia. ( 1.2 ) Reduce elevated serum TG levels in patients with hypertriglyceridemia. ( 1.2 ) Treat patients with primary dysbetalipoproteinemia who are not responding to diet. ( 1.2 ) Treat children and adolescent patients ages 8 years and older with heterozygous familial hypercholesterolemia after failing an adequate trial of diet therapy. ( 1.2 ) Limitations of use: Pravastatin sodium has not been studied in Fredrickson Types I and V dyslipidemias. ( 1.3 ) 1.1 Prevention of Cardiovascular Disease In hypercholesterolemic patients without clinically evident coronary heart disease (CHD), pravastatin sodium tablets are indicated to: reduce the risk of myocardial infarction (MI). reduce the risk of undergoing myocardial revascularization procedures. reduce the risk of cardiovascular mortality with no increase in death from non-cardiovascular causes. In patients with clinically evident CHD, pravastatin sodium is indicated to: reduce the risk of total mortality by reducing coronary death. reduce the risk of MI. reduce the risk of undergoing myocardial revascularization procedures. reduce the risk of stroke and stroke/transient ischemic attack (TIA). slow the progression of coronary atherosclerosis. 1.2 Hyperlipidemia Pravastatin sodium tablets are indicated: as an adjunct to diet to reduce elevated total cholesterol (Total-C), low-density lipoprotein cholesterol (LDL-C), apolipoprotein B (ApoB), and triglyceride (TG) levels and to increase high-density lipoprotein cholesterol (HDL-C) in patients with primary hypercholesterolemia and mixed dyslipidemia ( Fredrickson Types IIa and IIb). 1 as an adjunct to diet for the treatment of patients with elevated serum TG levels ( Fredrickson Type IV). for the treatment of patients with primary dysbetalipoproteinemia ( Fredrickson Type III) who do not respond adequately to diet. as an adjunct to diet and lifestyle modification for treatment of heterozygous familial hypercholesterolemia (HeFH) in children and adolescent patients ages 8 years and older if after an adequate trial of diet the following findings are present: a. LDL-C remains \u2265190 mg/dL or b. LDL-C remains \u2265160 mg/dL and: \u2022 there is a positive family history of premature cardiovascular disease (CVD) or \u2022 two or more other CVD risk factors are present in the patient. 1.3 Limitations of Use Pravastatin sodium has not been studied in conditions where the major lipoprotein abnormality is elevation of chylomicrons ( Fredrickson Types I and V).",
      "manufacturer": "Bryant Ranch Prepack",
      "splSetId": "12943de2-c7e9-4651-89f3-fc6cb5276676"
    },
    {
      "brand": "Pravastatin sodium",
      "indication": "1 INDICATIONS AND USAGE Therapy with lipid-altering agents should be only one component of multiple risk factor intervention in individuals at significantly increased risk for atherosclerotic vascular disease due to hypercholesterolemia. Drug therapy is indicated as an adjunct to diet when the response to a diet restricted in saturated fat and cholesterol and other nonpharmacologic measures alone has been inadequate. Pravastatin sodium is an HMG-CoA reductase inhibitor (statin) indicated as an adjunctive therapy to diet to: Reduce the risk of MI, revascularization, and cardiovascular mortality in hypercholesterolemic patients without clinically evident CHD. (1.1) Reduce the risk of total mortality by reducing coronary death, MI, revascularization, stroke/TIA, and the progression of coronary atherosclerosis in patients with clinically evident CHD. ( 1.1 ) Reduce elevated Total-C, LDL-C, ApoB, and TG levels and to increase HDL-C in patients with primary hypercholesterolemia and mixed dyslipidemia. (1.2) Reduce elevated serum TG levels in patients with hypertriglyceridemia. (1.2) Treat patients with primary dysbetalipoproteinemia who are not responding to diet. (1.2) Treat children and adolescent patients ages 8 years and older with heterozygous familial hypercholesterolemia after failing an adequate trial of diet therapy. (1.2) Limitations of use: Pravastatin sodium tablets have not been studied in Fredrickson Types I and V dyslipidemias. (1.3) 1.1 Prevention of Cardiovascular Disease In hypercholesterolemic patients without clinically evident coronary heart disease (CHD), pravastatin sodium tablets are indicated to: reduce the risk of myocardial infarction (MI). reduce the risk of undergoing myocardial revascularization procedures. reduce the risk of cardiovascular mortality with no increase in death from non-cardiovascular causes. In patients with clinically evident CHD, pravastatin sodium tablets are indicated to: reduce the risk of total mortality by reducing coronary death. reduce the risk of MI. reduce the risk of undergoing myocardial revascularization procedures. reduce the risk of stroke and stroke/transient ischemic attack (TIA). slow the progression of coronary atherosclerosis. 1.2 Hyperlipidemia Pravastatin sodium tablets are indicated: as an adjunct to diet to reduce elevated total cholesterol (Total-C), low-density lipoprotein cholesterol (LDL-C), apolipoprotein B (ApoB), and triglyceride (TG) levels and to increase high-density lipoprotein cholesterol (HDL-C) in patients with primary hypercholesterolemia and mixed dyslipidemia ( Fredrickson Types IIa and IIb). 1 as an adjunct to diet for the treatment of patients with elevated serum TG levels ( Fredrickson Type IV). for the treatment of patients with primary dysbetalipoproteinemia ( Fredrickson Type III) who do not respond adequately to diet. as an adjunct to diet and lifestyle modification for treatment of heterozygous familial hypercholesterolemia (HeFH) in children and adolescent patients ages 8 years and older if after an adequate trial of diet the following findings are present: a. LDL-C remains \u2265190 mg/dL or b. LDL-C remains \u2265160 mg/dL and: there is a positive family history of premature cardiovascular disease (CVD) or two or more other CVD risk factors are present in the patient. 1.3 Limitations of Use Pravastatin sodium tablets have not been studied in conditions where the major lipoprotein abnormality is elevation of chylomicrons ( Fredrickson Types I and V).",
      "manufacturer": "Rising Health, LLC",
      "splSetId": "12fe91b6-d141-43a1-acdf-1dc607982acb"
    },
    {
      "brand": "PRAVASTATIN SODIUM",
      "indication": "1 INDICATIONS AND USAGE Therapy with lipid-altering agents should be only one component of multiple risk factor intervention in individuals at significantly increased risk for atherosclerotic vascular disease due to hypercholesterolemia. Drug therapy is indicated as an adjunct to diet when the response to a diet restricted in saturated fat and cholesterol and other nonpharmacologic measures alone has been inadequate. Pravastatin sodium is an HMG-CoA reductase inhibitor (statin) indicated as an adjunctive therapy to diet to: Reduce the risk of MI, revascularization, and cardiovascular mortality in hypercholesterolemic patients without clinically evident CHD. ( 1.1 ) Reduce the risk of total mortality by reducing coronary death, MI, revascularization, stroke/TIA, and the progression of coronary atherosclerosis in patients with clinically evident CHD. ( 1.1 ) Reduce elevated Total-C, LDL-C, ApoB, and TG levels and to increase HDL-C in patients with primary hypercholesterolemia and mixed dyslipidemia. ( 1.2 ) Reduce elevated serum TG levels in patients with hypertriglyceridemia. ( 1.2 ) Treat patients with primary dysbetalipoproteinemia who are not responding to diet. ( 1.2 ) Treat children and adolescent patients ages 8 years and older with heterozygous familial hypercholesterolemia after failing an adequate trial of diet therapy. ( 1.2 ) Limitations of use: Pravastatin sodium has not been studied in Fredrickson Types I and V dyslipidemias. ( 1.3 ) 1.1 Prevention of Cardiovascular Disease In hypercholesterolemic patients without clinically evident coronary heart disease (CHD), pravastatin sodium tablets are indicated to: reduce the risk of myocardial infarction (MI). reduce the risk of undergoing myocardial revascularization procedures. reduce the risk of cardiovascular mortality with no increase in death from non-cardiovascular causes. In patients with clinically evident CHD, pravastatin sodium is indicated to: reduce the risk of total mortality by reducing coronary death. reduce the risk of MI. reduce the risk of undergoing myocardial revascularization procedures. reduce the risk of stroke and stroke/transient ischemic attack (TIA). slow the progression of coronary atherosclerosis. 1.2 Hyperlipidemia Pravastatin sodium tablets are indicated: as an adjunct to diet to reduce elevated total cholesterol (Total-C), low-density lipoprotein cholesterol (LDL-C), apolipoprotein B (ApoB), and triglyceride (TG) levels and to increase high-density lipoprotein cholesterol (HDL-C) in patients with primary hypercholesterolemia and mixed dyslipidemia ( Fredrickson Types IIa and IIb). 1 as an adjunct to diet for the treatment of patients with elevated serum TG levels ( Fredrickson Type IV). for the treatment of patients with primary dysbetalipoproteinemia ( Fredrickson Type III) who do not respond adequately to diet. as an adjunct to diet and lifestyle modification for treatment of heterozygous familial hypercholesterolemia (HeFH) in children and adolescent patients ages 8 years and older if after an adequate trial of diet the following findings are present: a. LDL-C remains \u2265190 mg/dL or b. LDL-C remains \u2265160 mg/dL and: \u2022 there is a positive family history of premature cardiovascular disease (CVD) or \u2022 two or more other CVD risk factors are present in the patient. 1.3 Limitations of Use Pravastatin sodium has not been studied in conditions where the major lipoprotein abnormality is elevation of chylomicrons ( Fredrickson Types I and V).",
      "manufacturer": "Bryant Ranch Prepack",
      "splSetId": "14390bfa-3bcb-43e1-936c-1977cb37427d"
    }
  ],
  "id": "Pravastatin_Sodium",
  "nciThesaurus": {
    "casRegistry": "81131-70-6",
    "chebiId": "CHEBI:8361",
    "chemicalFormula": "C23H35O7.Na",
    "definition": "The sodium salt of pravastatin with cholesterol-lowering and potential antineoplastic activities. Pravastatin competitively inhibits hepatic hydroxymethyl-glutaryl coenzyme A (HMG-CoA) reductase, the enzyme which catalyzes the conversion of HMG-CoA to mevalonate, a key step in cholesterol synthesis. This agent lowers plasma cholesterol and lipoprotein levels, and modulates immune responses by suppressing MHC II (major histocompatibility complex II) on interferon gamma-stimulated, antigen-presenting cells such as human vascular endothelial cells. In addition, pravastatin, like other statins, exhibits pro-apoptotic, growth inhibitory, and pro-differentiation activities in a variety of tumor cells; these antineoplastic activities may be due, in part, to inhibition of the isoprenylation of Ras and Rho GTPases and related signaling cascades.",
    "fdaUniiCode": "3M8608UQ61",
    "identifier": "C29375",
    "preferredName": "Pravastatin Sodium",
    "semanticType": "Organic Chemical",
    "subclassOf": [
      "C1655"
    ],
    "synonyms": [
      "PRAVASTATIN SODIUM",
      "Pravastatin Sodium",
      "pravastatin sodium"
    ]
  }
}