{
  "emaEpar": [],
  "fdaDrugLabel": [],
  "id": "Pumitepa",
  "nciThesaurus": {
    "casRegistry": "42061-52-9",
    "chebiId": "",
    "chemicalFormula": "C12H19N8OP",
    "definition": "A thiotepa derivative with potential antineoplastic alkylating activity. Although the exact mechanism of action of pumitepa has yet to be fully elucidated, this agent appears to work through alkylation, thereby causing DNA damage and cell cycle arrest.",
    "fdaUniiCode": "7AYY495RE0",
    "identifier": "C73239",
    "preferredName": "Pumitepa",
    "semanticType": "Pharmacologic Substance",
    "subclassOf": [
      "C1590"
    ],
    "synonyms": [
      "Fopurin",
      "PUMITEPA",
      "Pumitepa"
    ]
  }
}