{
  "emaEpar": [
    {
      "activeSubstance": "ranolazine",
      "conditionIndication": "Ranexa is indicated as add-on therapy for the symptomatic treatment of patients with stable angina pectoris who are inadequately controlled or intolerant to first-line anti-anginal therapies (such as beta-blockers and / or calcium antagonists).",
      "inn": "ranolazine",
      "marketingAuthorisationDate": "2008-07-08 00:00:00",
      "marketingAuthorisationHolder": "Menarini International Operations Luxembourg S.A. (MIOL)",
      "medicineName": "Ranexa (previously Latixa)",
      "url": "https://www.ema.europa.eu/en/medicines/human/EPAR/ranexa-previously-latixa"
    }
  ],
  "fdaDrugLabel": [
    {
      "brand": "Ranolazine",
      "indication": "1 INDICATIONS AND USAGE Ranolazine extended-release tablet is indicated for the treatment of chronic angina. Ranolazine extended-release tablet may be used with beta-blockers, nitrates, calcium channel blockers, anti-platelet therapy, lipid-lowering therapy, ACE inhibitors, and angiotensin receptor blockers. Ranolazine extended-release tablet is an antianginal indicated for the treatment of chronic angina. ( 1 )",
      "manufacturer": "Viona Pharmaceuticals Inc",
      "splSetId": "00979fb3-d70f-493d-94ca-2914cbadaa9d"
    },
    {
      "brand": "Ranolazine",
      "indication": "1 INDICATIONS AND USAGE Ranolazine extended-release tablets are indicated for the treatment of chronic angina. Ranolazine extended-release tablets may be used with beta-blockers, nitrates, calcium channel blockers, anti-platelet therapy, lipid-lowering therapy, ACE inhibitors, and angiotensin receptor blockers. Ranolazine extended-release tablets are an antianginal indicated for the treatment of chronic angina. ( 1 )",
      "manufacturer": "Glenmark Pharmaceuticals Inc., USA",
      "splSetId": "0cf58732-c242-49b0-8e3f-248778b4458d"
    },
    {
      "brand": "Ranolazine",
      "indication": "1 INDICATIONS AND USAGE Ranolazine extended-release tablets are indicated for the treatment of chronic angina. Ranolazine extended-release tablets may be used with beta-blockers, nitrates, calcium channel blockers, anti- platelet therapy, lipid-lowering therapy, ACE inhibitors, and angiotensin receptor blockers. Ranolazine extended-release tablets are antianginal indicated for the treatment of chronic angina.",
      "manufacturer": "Lifestar Pharma LLC",
      "splSetId": "195c4b51-fec2-410d-8d90-487c536a8728"
    },
    {
      "brand": "Ranolazine",
      "indication": "1 INDICATIONS AND USAGE Ranolazine extended-release tablets are indicated for the treatment of chronic angina. Ranolazine extended-release tablets may be used with beta-blockers, nitrates, calcium channel blockers, anti-platelet therapy, lipid-lowering therapy, ACE inhibitors, and angiotensin receptor blockers. Ranolazine extended-release tablets are an antianginal indicated for the treatment of chronic angina. ( 1 )",
      "manufacturer": "ANI Pharmaceuticals, Inc.",
      "splSetId": "34d2ef38-81f2-43c2-807b-492444c9492e"
    },
    {
      "brand": "Ranexa",
      "indication": "1 INDICATIONS AND USAGE RANEXA \u00ae is indicated for the treatment of chronic angina. RANEXA may be used with beta-blockers, nitrates, calcium channel blockers, anti-platelet therapy, lipid-lowering therapy, ACE inhibitors, and angiotensin receptor blockers. RANEXA is an antianginal indicated for the treatment of chronic angina. ( 1 )",
      "manufacturer": "Aphena Pharma Solutions - Tennessee, LLC",
      "splSetId": "4299062a-b208-4e08-93ec-a05894541c07"
    },
    {
      "brand": "RANOLAZINE",
      "indication": "1 INDICATIONS AND USAGE Ranolazine extended-release tablets are an antianginal indicated for the treatment of chronic angina. ( 1 ) Ranolazine extended-release tablets are indicated for the treatment of chronic angina. Ranolazine extended-release tablets may be used with beta-blockers, nitrates, calcium channel blockers, anti-platelet therapy, lipid-lowering therapy, ACE inhibitors, and angiotensin receptor blockers.",
      "manufacturer": "Lupin Pharmaceuticals, Inc.",
      "splSetId": "595821d7-1fbf-49a5-9c62-d78f27af39b4"
    },
    {
      "brand": "Ranolazine",
      "indication": "1 INDICATIONS & USAGE Ranolazine extended-release tablets are indicated for the treatment of chronic angina. Ranolazine extended-release tablets may be used with beta-blockers, nitrates, calcium channel blockers, anti- platelet therapy, lipid-lowering therapy, ACE inhibitors, and angiotensin receptor blockers. Ranolazine extended-release tablets are an antianginal indicated for the treatment of chronic angina. (1)",
      "manufacturer": "Ascend Laboratories, LLC",
      "splSetId": "5b254a8e-db88-49be-bb48-e6d2847f8ab3"
    },
    {
      "brand": "RANOLAZINE",
      "indication": "1 INDICATIONS AND USAGE Ranolazine extended-release tablets are indicated for the treatment of chronic angina. Ranolazine extended-release tablets may be used with beta-blockers, nitrates, calcium channel blockers, anti-platelet therapy, lipid-lowering therapy, ACE inhibitors, and angiotensin receptor blockers. Ranolazine extended-release tablets are an antianginal indicated for the treatment of chronic angina. ( 1 )",
      "manufacturer": "ScieGen Pharmaceuticals, Inc",
      "splSetId": "71d50258-75b7-4801-b0f4-c34fe883d57d"
    },
    {
      "brand": "Ranolazine",
      "indication": "1 INDICATIONS AND USAGE Ranolazine extended-release tablets are indicated for the treatment of chronic angina. Ranolazine extended-release tablets may be used with beta-blockers, nitrates, calcium channel blockers, anti-platelet therapy, lipid-lowering therapy, ACE inhibitors, and angiotensin receptor blockers. Ranolazine extended-release tablets are an antianginal indicated for the treatment of chronic angina. ( 1 )",
      "manufacturer": "Actavis Pharma, Inc.",
      "splSetId": "896ea7ab-8714-4e8b-a194-5b0bde318032"
    },
    {
      "brand": "RANOLAZINE",
      "indication": "1 INDICATIONS AND USAGE Ranolazine extended-release tablets are indicated for the treatment of chronic angina. Ranolazine extended-release tablets may be used with beta-blockers, nitrates, calcium channel blockers, anti-platelet therapy, lipid-lowering therapy, ACE inhibitors, and angiotensin receptor blockers. Ranolazine extended-release tablets are an antianginal indicated for the treatment of chronic angina. ( 1 )",
      "manufacturer": "Golden State Medical Supply",
      "splSetId": "8afa5f16-b29f-256e-e053-2995a90a0ea6"
    },
    {
      "brand": "Ranolazine",
      "indication": "1 INDICATIONS AND USAGE Ranolazine extended-release tablets are indicated for the treatment of chronic angina. Ranolazine extended-release tablets may be used with beta-blockers, nitrates, calcium channel blockers, anti-platelet therapy, lipid-lowering therapy, ACE inhibitors, and angiotensin receptor blockers. Ranolazine is an antianginal indicated for the treatment of chronic angina. ( 1 )",
      "manufacturer": "Ajanta Pharma Limited",
      "splSetId": "8bfd1a61-547a-4847-ae4e-480b17da6272"
    },
    {
      "brand": "Ranolazine",
      "indication": "1 INDICATIONS AND USAGE Ranolazine extended-release tablets are indicated for the treatment of chronic angina. Ranolazine extended-release tablets may be used with beta-blockers, nitrates, calcium channel blockers, anti-platelet therapy, lipid-lowering therapy, ACE inhibitors, and angiotensin receptor blockers. Ranolazine is an antianginal indicated for the treatment of chronic angina. ( 1 )",
      "manufacturer": "American Health Packaging",
      "splSetId": "90c5a0c2-542c-467e-9c0c-ef320534c560"
    },
    {
      "brand": "RANOLAZINE",
      "indication": "1 INDICATIONS AND USAGE Ranolazine extended-release tablets are indicated for the treatment of chronic angina. Ranolazine extended-release tablets may be used with beta-blockers, nitrates, calcium channel blockers, anti-platelet therapy, lipid-lowering therapy, ACE inhibitors, and angiotensin receptor blockers. Ranolazine extended-release tablets are antianginal indicated for the treatment of chronic angina. ( 1 )",
      "manufacturer": "Sunshine Lake Pharma Co., Ltd.",
      "splSetId": "a2238db8-81c4-06be-e053-2a95a90a5cf8"
    },
    {
      "brand": "Ranolazine",
      "indication": "1 INDICATIONS AND USAGE Ranolazine extended-release tablets are indicated for the treatment of chronic angina. Ranolazine extended-release tablets may be used with beta-blockers, nitrates, calcium channel blockers, anti-platelet therapy, lipid-lowering therapy, ACE inhibitors and angiotensin receptor blockers. Ranolazine extended-release tablets are an antianginal indicated for the treatment of chronic angina. (1)",
      "manufacturer": "Amneal Pharmaceuticals LLC",
      "splSetId": "a3f284f3-ca10-484c-964b-f8abc3acc1cd"
    },
    {
      "brand": "Ranolazine",
      "indication": "1 INDICATIONS AND USAGE Ranolazine extended-release tablets are indicated for the treatment of chronic angina. Ranolazine extended-release tablets may be used with beta-blockers, nitrates, calcium channel blockers, anti-platelet therapy, lipid-lowering therapy, ACE inhibitors, and angiotensin receptor blockers. Ranolazine extended-release tablets are antianginal indicated for the treatment of chronic angina. (1)",
      "manufacturer": "Aphena Pharma Solutions - Tennessee, LLC",
      "splSetId": "abb32182-46ba-49d2-b2ac-13de2ecf802d"
    },
    {
      "brand": "Ranolazine",
      "indication": "1 INDICATIONS AND USAGE Ranolazine extended-release tablets are indicated for the treatment of chronic angina. Ranolazine extended-release tablets may be used with beta-blockers, nitrates, calcium channel blockers, anti-platelet therapy, lipid-lowering therapy, ACE inhibitors, and angiotensin receptor blockers. Ranolazine extended-release tablets are antianginal indicated for the treatment of chronic angina. (1)",
      "manufacturer": "AvKARE",
      "splSetId": "b2a8dc3e-a880-5241-e053-2995a90a933a"
    },
    {
      "brand": "Ranolazine",
      "indication": "1 INDICATIONS AND USAGE Ranolazine extended-release tablets are indicated for the treatment of chronic angina. Ranolazine extended-release tablets may be used with beta-blockers, nitrates, calcium channel blockers, anti-platelet therapy, lipid-lowering therapy, ACE inhibitors, and angiotensin receptor blockers. Ranolazine extended-release tablets are an antianginal indicated for the treatment of chronic angina. ( 1 )",
      "manufacturer": "Westminster Pharmaceuticals, LLC",
      "splSetId": "b91e88a0-04d0-4d0d-92d8-966b27a48e29"
    },
    {
      "brand": "Ranexa",
      "indication": "1 INDICATIONS AND USAGE RANEXA \u00ae is indicated for the treatment of chronic angina. RANEXA may be used with beta-blockers, nitrates, calcium channel blockers, anti-platelet therapy, lipid-lowering therapy, ACE inhibitors, and angiotensin receptor blockers. RANEXA is an antianginal indicated for the treatment of chronic angina. ( 1 )",
      "manufacturer": "Gilead Sciences, Inc.",
      "splSetId": "beb482de-f251-476b-9d38-40577c36f5a3"
    },
    {
      "brand": "Ranolazine",
      "indication": "1 INDICATIONS AND USAGE Ranolazine extended-release tablets are indicated for the treatment of chronic angina. Ranolazine extended-release tablets may be used with beta-blockers, nitrates, calcium channel blockers, anti-platelet therapy, lipid-lowering therapy, ACE inhibitors, and angiotensin receptor blockers. Ranolazine extended-release tablets are an antianginal indicated for the treatment of chronic angina. (1)",
      "manufacturer": "Sun Pharmaceutical Industries, Inc.",
      "splSetId": "c5848232-b7fd-4fe5-a543-16d6c4b5c0b1"
    },
    {
      "brand": "RANOLAZINE",
      "indication": "1 INDICATIONS AND USAGE Ranolazine extended-release tablets are indicated for the treatment of chronic angina. Ranolazine extended-release tablets may be used with beta-blockers, nitrates, calcium channel blockers, anti-platelet therapy, lipid-lowering therapy, ACE inhibitors, and angiotensin receptor blockers. Ranolazine extended-release tablets are an antianginal indicated for the treatment of chronic angina. ( 1 )",
      "manufacturer": "Aphena Pharma Solutions - Tennessee, LLC",
      "splSetId": "c842805c-c78d-474e-8a33-c2e828bad800"
    },
    {
      "brand": "Ranolazine",
      "indication": "1 INDICATIONS AND USAGE Ranolazine extended-release tablet is indicated for the treatment of chronic angina. Ranolazine extended-release tablet may be used with beta-blockers, nitrates, calcium channel blockers, anti-platelet therapy, lipid-lowering therapy, ACE inhibitors, and angiotensin receptor blockers. Ranolazine extended-release tablet is an antianginal indicated for the treatment of chronic angina. ( 1 )",
      "manufacturer": "Cadila Healthcare Limited",
      "splSetId": "d74f3dea-7357-4e9a-be9a-2f498a44108a"
    },
    {
      "brand": "Ranolazine",
      "indication": "1 INDICATIONS AND USAGE Ranolazine extended-release tablets are indicated for the treatment of chronic angina. Ranolazine extended-release tablets may be used with beta-blockers, nitrates, calcium channel blockers, anti-platelet therapy, lipid-lowering therapy, ACE inhibitors, and angiotensin receptor blockers. Ranolazine extended-release tablets are an antianginal indicated for the treatment of chronic angina. ( 1 )",
      "manufacturer": "Cipla USA Inc.",
      "splSetId": "e35140d1-e22f-4f16-8a5c-3a4e853c1c74"
    },
    {
      "brand": "ranolazine",
      "indication": "1 INDICATIONS AND USAGE Ranolazine extended-release tablets are indicated for the treatment of chronic angina. Ranolazine extended-release tablets may be used with beta-blockers, nitrates, calcium channel blockers, anti-platelet therapy, lipid-lowering therapy, ACE inhibitors, and angiotensin receptor blockers. Ranolazine extended-release tablets are an antianginal indicated for the treatment of chronic angina. ( 1 )",
      "manufacturer": "Graviti Pharmaceuticals Private Limited",
      "splSetId": "f0cbc60a-5ef0-4ba9-9863-b065360bca21"
    },
    {
      "brand": "Ranolazine",
      "indication": "1 INDICATIONS AND USAGE Ranolazine extended-release tablets are indicated for the treatment of chronic angina. Ranolazine extended-release tablets may be used with beta-blockers, nitrates, calcium channel blockers, anti-platelet therapy, lipid-lowering therapy, ACE inhibitors, and angiotensin receptor blockers. Ranolazine extended-release tablets are antianginal indicated for the treatment of chronic angina. (1)",
      "manufacturer": "Praxgen Pharmaceuticals LLC",
      "splSetId": "f3c09979-a44a-4197-97d2-29a207b6fc73"
    },
    {
      "brand": "Ranolazine",
      "indication": "1 INDICATIONS AND USAGE Ranolazine extended-release tablet is indicated for the t re at ment of ch ron ic an g ina. Ranolazine may be used with beta-blockers, nitrates, calcium channel blockers, anti- platelet therapy, lipid-lowering therapy, ACE inh ib ito rs, a nd an g iote ns in recep tor b locke rs. Ranolazine extended-release tablet is an antianginal indicated for the treatment of chronic angina. ( 1 )",
      "manufacturer": "Micro Labs Limited",
      "splSetId": "f6facddc-c020-436e-8e68-bf9a4223e7cf"
    }
  ],
  "id": "Ranolazine",
  "nciThesaurus": {
    "casRegistry": "95635-55-5",
    "chebiId": "",
    "chemicalFormula": "C24H33N3O4",
    "definition": "An orally available, piperazine derivative with anti-anginal and potential antineoplastic activities. Ranolazine's mechanism of action for its anti-ischemic effects has yet to be fully elucidated but may involve the alteration of the trans-cellular late sodium current in the ischemic myocyte. By preventing the rise of intracellular sodium levels, ranolazine may affect the transport activity of sodium-dependent calcium channels and prevent the calcium overload during myocardial ischemia, thereby preventing cellular injury. Ranolazine's potential antineoplastic effect may depend on its inhibitory effect on fatty acid oxidation, which may sensitize tumor cells to apoptosis and decrease tumor cell proliferation; fatty acid oxidation provides energy and promotes tumor cell proliferation and survival.",
    "fdaUniiCode": "A6IEZ5M406",
    "identifier": "C66507",
    "preferredName": "Ranolazine",
    "semanticType": "Pharmacologic Substance",
    "subclassOf": [
      "C78322",
      "C93038"
    ],
    "synonyms": [
      "1-Piperazineacetamide, N-(2,6-dimethylphenyl)-4-(2-hydroxy- 3-(2-methoxyphenoxy)propyl)-",
      "RANOLAZINE",
      "Ranexa",
      "Ranolazine"
    ]
  }
}