{
  "emaEpar": [],
  "fdaDrugLabel": [],
  "id": "Resiquimod",
  "nciThesaurus": {
    "casRegistry": "144875-48-9",
    "chebiId": "CHEBI:36706",
    "chemicalFormula": "C17H22N4O2",
    "definition": "An imidazoquinolinamine and Toll-like receptor (TLR) agonist with potential immune response modifying activity. Resiquimod exerts its effect through the TLR signaling pathway by binding to and activating TLR7 and 8 mainly on dendritic cells, macrophages, and B-lymphocytes. This induces the nuclear translocation of the transcription activator NF-kB as well as activation of other transcription factors. This may lead to an increase in mRNA levels and subsequent production of cytokines, especially interferon-alpha (INF-a) and other cytokines, thereby enhancing T-helper 1 (Th1) immune responses. In addition, topical application of resiquimod appears to activate Langerhans' cells, leading to an enhanced activation of T-lymphocytes. Due to its immunostimulatory activity, this agent may potentially be useful as a vaccine adjuvant.",
    "fdaUniiCode": "V3DMU7PVXF",
    "identifier": "C63958",
    "preferredName": "Resiquimod",
    "semanticType": "Pharmacologic Substance",
    "subclassOf": [
      "C129820"
    ],
    "synonyms": [
      "4-Amino-2-(ethoxymethyl)-alpha,alpha-dimethyl-1H-imidazo[4,5-c]quinoline-1-ethanol",
      "R848",
      "RESIQUIMOD",
      "Resiquimod",
      "S 28463",
      "resiquimod"
    ]
  }
}