{
  "emaEpar": [],
  "fdaDrugLabel": [],
  "id": "Samuraciclib",
  "nciThesaurus": {
    "casRegistry": "1805833-75-3",
    "chebiId": "",
    "chemicalFormula": "",
    "definition": "An orally available, selective inhibitor of cyclin-dependent kinase 7 (CDK7) with potential antineoplastic activity. Upon oral administration, samuraciclib selectively and competitively binds to the CDK7 ATP binding site, thereby inhibiting CDK7-mediated signaling. CDK7, a serine/threonine kinase, plays a role in controlling cell cycle progression, transcriptional regulation, and promotes the expression of key oncogenes such as c-Myc through the phosphorylation of RNA polymerase II. Inhibition of CDK7 may inhibit tumor cell proliferation in certain cancers that are dependent on CDK7-mediated transcriptional regulation and signaling.",
    "fdaUniiCode": "46D4HS9ODA",
    "identifier": "C155652",
    "preferredName": "Samuraciclib",
    "semanticType": "Pharmacologic Substance",
    "subclassOf": [
      "C129825"
    ],
    "synonyms": [
      "CDK7 Inhibitor CT7001",
      "CT 7001",
      "CT-7001",
      "CT7001",
      "SAMURACICLIB",
      "Samuraciclib"
    ]
  }
}