{
  "emaEpar": [
    {
      "activeSubstance": "Selpercatinib",
      "conditionIndication": "Retsevmo as monotherapy is indicated for the treatment of adults with:advanced RET fusion-positive non-small cell lung cancer (NSCLC) who require systemic therapy following prior treatment with immunotherapy and/or platinum-based chemotherapyadvanced RET fusion-positive thyroid cancer who require systemic therapy following prior treatment with sorafenib and/or lenvatinibRetsevmo as monotherapy is indicated for the treatment of adults and adolescents 12 years and older with advanced RET-mutant medullary thyroid cancer (MTC) who require systemic therapy following prior treatment with cabozantinib and/or vandetanib.",
      "inn": "selpercatinib",
      "marketingAuthorisationDate": "2021-02-11 01:00:00",
      "marketingAuthorisationHolder": "Eli Lilly Nederland B.V.",
      "medicineName": "Retsevmo",
      "url": "https://www.ema.europa.eu/en/medicines/human/EPAR/retsevmo"
    }
  ],
  "fdaDrugLabel": [
    {
      "brand": "RETEVMO",
      "indication": "1 INDICATIONS AND USAGE RETEVMO\u2122 is a kinase inhibitor indicated for the treatment of: Adult patients with metastatic RET fusion-positive non-small cell lung cancer (NSCLC) 1 ( 1.1 ) Adult and pediatric patients 12 years of age and older with advanced or metastatic RET -mutant medullary thyroid cancer (MTC) who require systemic therapy 1 ( 1.2 ) Adult and pediatric patients 12 years of age and older with advanced or metastatic RET fusion-positive thyroid cancer who require systemic therapy and who are radioactive iodine-refractory (if radioactive iodine is appropriate) 1 ( 1.3 ) 1 This indication is approved under accelerated approval based on overall response rate and duration of response. Continued approval for this indication may be contingent upon verification and description of clinical benefit in confirmatory trial(s). 1.1 Metastatic RET Fusion-Positive Non-Small Cell Lung Cancer RETEVMO\u2122 is indicated for the treatment of adult patients with metastatic RET fusion-positive non-small cell lung cancer (NSCLC). This indication is approved under accelerated approval based on overall response rate and duration of response [see Clinical Studies ( 14.1 )] . Continued approval for this indication may be contingent upon verification and description of clinical benefit in confirmatory trial(s). 1.2 RET -Mutant Medullary Thyroid Cancer RETEVMO is indicated for the treatment of adult and pediatric patients 12 years of age and older with advanced or metastatic RET -mutant medullary thyroid cancer (MTC) who require systemic therapy. This indication is approved under accelerated approval based on overall response rate and duration of response [see Clinical Studies ( 14.2 )] . Continued approval for this indication may be contingent upon verification and description of clinical benefit in confirmatory trial(s). 1.3 RET Fusion-Positive Thyroid Cancer RETEVMO is indicated for the treatment of adult and pediatric patients 12 years of age and older with advanced or metastatic RET fusion-positive thyroid cancer who require systemic therapy and who are radioactive iodine-refractory (if radioactive iodine is appropriate). This indication is approved under accelerated approval based on overall response rate and duration of response [see Clinical Studies ( 14.3 )] . Continued approval for this indication may be contingent upon verification and description of clinical benefit in confirmatory trial(s).",
      "manufacturer": "Eli Lilly and Company",
      "splSetId": "7fa848ba-a59c-4144-9f52-64d090f4d828"
    }
  ],
  "id": "Selpercatinib",
  "nciThesaurus": {
    "casRegistry": "2152628-33-4",
    "chebiId": "",
    "chemicalFormula": "",
    "definition": "An orally bioavailable selective inhibitor of wild-type, mutant and fusion products involving the proto-oncogene receptor tyrosine kinase rearranged during transfection (RET), with potential antineoplastic activity. Upon oral administration, selpercatinib selectively binds to and targets wild-type RET as well as various RET mutants and RET-containing fusion products. This results in an inhibition of cell growth of tumors cells that exhibit increased RET activity. In addition, selpercatinib targets, binds to and inhibits vascular endothelial growth factor receptor 1 (VEGFR1) and 3 (VEGFR3), and fibroblast growth factor receptor 1 (FGFR1), 2 (FGFR2), and 3 (FGFR3). RET overexpression, activating mutations, and fusions result in the upregulation and/or overactivation of RET tyrosine kinase activity in various cancer cell types; dysregulation of RET activity plays a key role in the development and progression of these cancers.",
    "fdaUniiCode": "CEGM9YBNGD",
    "identifier": "C134987",
    "preferredName": "Selpercatinib",
    "semanticType": "Pharmacologic Substance",
    "subclassOf": [
      "C159438"
    ],
    "synonyms": [
      "6-(2-Hydroxy-2-methylpropoxy)-4-(6-(6-((6-methoxypyridin-3-yl)methyl)-3,6-diazabicyclo(3.1.1)heptan-3-yl)pyridin-3-yl)pyrazolo(1,5-a)pyridine-3-carbonitril",
      "LOXO-292",
      "RET Inhibitor LOXO-292",
      "RET Kinase Inhibitor LOXO-292",
      "Retevmo",
      "SELPERCATINIB",
      "Selpercatinib",
      "WHO 10967"
    ]
  }
}