{
  "emaEpar": [],
  "fdaDrugLabel": [],
  "id": "Sodium_Stibogluconate",
  "nciThesaurus": {
    "casRegistry": "12001-86-4",
    "chebiId": "CHEBI:28148",
    "chemicalFormula": "C12H18O17Sb2.2Na",
    "definition": "Pentavalent antimony (Sb) in differential complex formation with gluconic acid with leishmanicidal and potential antineoplastic activities. The Sb moiety of sodium stibogluconate (SSG) may inhibit protein tyrosine phosphorylases (PTPases) by covalently modifying sulfhydryl groups in PTPase cysteine residues, resulting in specific inactivation of SH2 domain-containing tyrosine phosphatases-1 and -2 (SHP-1 and SHP-2), PTPases which negatively regulate interferon (IFN) signaling; enhancement of IFN-induced Stat1 tyrosine phosphorylation; and induction of cellular protein tyrosine phosphorylation. SSG in combination with IFN-alpha may synergize to overcome tumor cell resistance to IFN-alpha-mediated apoptosis.",
    "fdaUniiCode": "V083S0159D",
    "identifier": "C61083",
    "preferredName": "Sodium Stibogluconate",
    "semanticType": "Organic Chemical",
    "subclassOf": [
      "C276",
      "C471"
    ],
    "synonyms": [
      "Antimony Sodium Gluconate",
      "Lenocta",
      "Myostibin",
      "Pentostam",
      "SODIUM STIBOGLUCONATE ANHYDROUS",
      "SSG",
      "Sodium Stibogluconate",
      "Solustibosan",
      "Solustin",
      "VQD001",
      "sodium stibogluconate"
    ]
  }
}