{
  "emaEpar": [],
  "fdaDrugLabel": [
    {
      "brand": "TopCare Antibacterial Plus Urinary Pain Relief",
      "indication": "Uses Temporarily relieves: pain & burning \u2022 frequency and urgency of urination",
      "manufacturer": "Topco Associates LLC",
      "splSetId": "02af5576-d75c-4553-9431-9c482997c8bb"
    },
    {
      "brand": "Preferred Antibacterial Plus Urinary Pain Relief",
      "indication": "Uses Temporarily relieves: pain & burning \u2022 frequency and urgency of urination",
      "manufacturer": "Reese Pharmaceutical Co",
      "splSetId": "0f9221d6-a31e-4c75-9d4e-5284459a5f19"
    },
    {
      "brand": "Tinnitus HP",
      "indication": "INDICATIONS AND USAGE For temporary relief of noises of the ears, such as ringing, buzzing, roaring. **These statements are based upon traditional homeopathic practice. They have not been reviewed by the Food and Drug Administration.",
      "manufacturer": "Energique, Inc.",
      "splSetId": "216a4307-ddc5-4ec8-82c1-56c4bd9d1bdb"
    },
    {
      "brand": "Vertigone",
      "indication": "HOMEOPATHIC INDICATIONS: For temporary relief of symptoms of vertigo such as faintness, vomiting, motion sickness, spinning or swaying sensation and weakness.** **These statements are based upon traditional homeopathic principles. They have not been reviewed by the Food and Drug Administration.",
      "manufacturer": "Deseret Biologicals, Inc.",
      "splSetId": "21a3fa7c-302a-427a-b692-dbb2caf8f57a"
    },
    {
      "brand": "Ear Ring",
      "indication": "HOMEOPATHIC INDICATIONS: For the temporary relief of symptoms related to tinnitus, such as noises in ear following injury, decreased hearing, sensitivity to noise, noises with motion .** **These statements are based upon homeopathic principles. They have not been reviewed by the Food and Drug Administration.",
      "manufacturer": "Deseret Biologicals, Inc.",
      "splSetId": "43585c0d-50da-411d-9f26-c8c0325dd9d5"
    },
    {
      "brand": "CVS Antibacterial Plus Urinary Pain Relief",
      "indication": "Uses Temporarily relieves: pain & burning \u2022 frequency and urgency of urination",
      "manufacturer": "CVS Pharmacy, Inc",
      "splSetId": "46384be0-e4b2-4a1e-81b8-6945d5ad7ed2"
    },
    {
      "brand": "Walgreens Antibacterial Plus Urinary Pain Relief",
      "indication": "Uses Temporarily relieves: pain & burning \u2022 frequency and urgency of urination",
      "manufacturer": "Walgreen Company",
      "splSetId": "49e6ac45-13d0-4874-b0e1-e276a00304f7"
    },
    {
      "brand": "Vertigone",
      "indication": "HOMEOPATHIC INDICATIONS: For temporary relief of symptoms of vertigo such as faintness, vomiting, motion sickness, spinning or swaying sensation and weakness.** **These statements are based upon traditional homeopathic principles. They have not been reviewed by the Food and Drug Administration.",
      "manufacturer": "Deseret Biologicals, Inc.",
      "splSetId": "5260a21b-1041-4fad-8daa-6eae88996437"
    },
    {
      "brand": "TinitX",
      "indication": "HOMEOPATHIC INDICATIONS: For the temporary relief of symptoms related to tinnitus, such as noises in ear following injury, decreased hearing, sensitivity to noise, noises with motion .** **These statements are based upon homeopathic principles. They have not been reviewed by the Food and Drug Administration.",
      "manufacturer": "Deseret Biologicals, Inc.",
      "splSetId": "5ba07aec-9ade-403a-9415-a87328558b82"
    },
    {
      "brand": "Cystex Plus",
      "indication": "Use temporarily relieves: pain & burning frequency and urgency of urination",
      "manufacturer": "Clarion Brands, LLC",
      "splSetId": "62200228-be42-1cda-9493-02bb491537c8"
    },
    {
      "brand": "Ring HP",
      "indication": "INDICATIONS: May temporary relief noises of the ears, such as ringing, buzzing, roaring.** **Claims based on traditional homeopathic practice, not accepted medical evidence. Not FDA evaluated.",
      "manufacturer": "Energique, Inc.",
      "splSetId": "7a33d174-f8e3-433d-9f8d-4d1db1325d1f"
    },
    {
      "brand": "Uqora Antibacterial Plus Urinary Pain Relief",
      "indication": "Uses Temporarily relieves: pain & burning \u2022 frequency and urgency of urination",
      "manufacturer": "Uqora Inc",
      "splSetId": "7ac8768f-129f-4ad5-86d9-6eaa74ffb1d7"
    },
    {
      "brand": "Natrum salicylicum",
      "indication": "INDICATIONS Indications: NAT SAL Lightheadedness",
      "manufacturer": "Washington Homeopathic Products",
      "splSetId": "8674729d-3ce0-4c70-9eac-2f8552a7f4b0"
    },
    {
      "brand": "Good Neighbor Antibacterial Plus Urinary Pain Relief",
      "indication": "Uses Temporarily relieves: pain & burning \u2022 frequency and urgency of urination",
      "manufacturer": "AmerisourceBergen Drug Corp",
      "splSetId": "9506c79f-512e-42b1-9a95-185764801cfe"
    },
    {
      "brand": "Natrum salicylicum",
      "indication": "INDICATIONS Indications: NAT SAL Lightheadedness",
      "manufacturer": "Washington Homeopathic Products",
      "splSetId": "9695253f-ed0d-409a-8a45-e1abbc9c439e"
    },
    {
      "brand": "Meijer Antibacterial Plus Urinary Pain Relief",
      "indication": "Uses Temporarily relieves: pain & burning \u2022 frequency and urgency of urination",
      "manufacturer": "Meijer Distribution Inc.",
      "splSetId": "9eaaf197-9e96-4220-b49d-2f743b443623"
    },
    {
      "brand": "Rite Aid Antibacterial Plus Urinary Pain Relief",
      "indication": "Uses Temporarily relieves: pain & burning \u2022 frequency and urgency of urination",
      "manufacturer": "Rite Aid",
      "splSetId": "b683cfe1-43e0-4111-bd4c-ebb15fef829b"
    },
    {
      "brand": "Quality Choice Antibacterial Plus Urinary Pain Relief",
      "indication": "Uses Temporarily relieves: pain & burning \u2022 frequency and urgency of urination",
      "manufacturer": "Chain Drug Marketing Association",
      "splSetId": "b85a042f-88ed-4961-a397-72974199c3df"
    },
    {
      "brand": "Azo Urinary Tract Defense Antibacterial Protection",
      "indication": "Uses Temporarily relieves: pain & burning frequency and urgency of urination",
      "manufacturer": "i-Health, Inc.",
      "splSetId": "ba13a608-e4c5-4465-8be8-be0fd1fd46ae"
    },
    {
      "brand": "Premier Value Antibacterial Plus Urinary Pain Relief",
      "indication": "Uses Temporarily relieves: pain & burning \u2022 frequency and urgency of urination",
      "manufacturer": "Chain Drug Consortium, LLC",
      "splSetId": "d10f1cab-7489-481a-9fe2-002d419acd37"
    },
    {
      "brand": "Vertigone",
      "indication": "HOMEOPATHIC INDICATIONS: For temporary relief of symptoms of vertigo such as faintness, vomiting, motion sickness, spinning or swaying sensation and weakness.** **These statements are based upon traditional homeopathic principles. They have not been reviewed by the Food and Drug Administration.",
      "manufacturer": "Deseret Biologicals, Inc.",
      "splSetId": "e496bd14-598e-4e6d-b70d-7fb94f808afe"
    },
    {
      "brand": "Dizzy",
      "indication": "HOMEOPATHIC INDICATIONS: For temporary relief of symptoms of vertigo such as faintness, vomiting, motion sickness, spinning or swaying sensation and weakness.** **These statements are based upon homeopathic principles. They have not been reviewed by the Food and Drug Administration.",
      "manufacturer": "Deseret Biologicals, Inc.",
      "splSetId": "fdf934f8-7b12-4076-b8fb-00c095940697"
    }
  ],
  "id": "Sodium_Salicylate",
  "nciThesaurus": {
    "casRegistry": "54-21-7",
    "chebiId": "",
    "chemicalFormula": "C7H5O3.Na",
    "definition": "The sodium salt of salicylic acid. As a nonsteroidal anti-inflammatory drug (NSAID), sodium salicylate irreversibly acetylates cyclooxygenases I and II, thereby inhibiting prostaglandin synthesis and associated inflammation and pain.  This agent may also activate mitogen-activated protein kinase (p38MAPK), thereby inducing apoptosis in cancer cells.",
    "fdaUniiCode": "WIQ1H85SYP",
    "identifier": "C834",
    "preferredName": "Sodium Salicylate",
    "semanticType": "Organic Chemical",
    "subclassOf": [
      "C257"
    ],
    "synonyms": [
      "Benzoic acid, 2-hydroxy-, monosodium salt",
      "SODIUM SALICYLATE",
      "Salicylate, sodium",
      "Sodium Salicylate",
      "Sodium salicylate",
      "sodium salicylate"
    ]
  }
}