{
  "emaEpar": [
    {
      "activeSubstance": "sonidegib diphosphate",
      "conditionIndication": "Odomzo is indicated for the treatment of adult patients with locally advanced basal cell carcinoma (BCC) who are not amenable to curative surgery or radiation therapy.",
      "inn": "sonidegib",
      "marketingAuthorisationDate": "2015-08-14 00:00:00",
      "marketingAuthorisationHolder": "Sun Pharmaceutical Industries Europe B.V.",
      "medicineName": "Odomzo",
      "url": "https://www.ema.europa.eu/en/medicines/human/EPAR/odomzo"
    }
  ],
  "fdaDrugLabel": [],
  "id": "Sonidegib",
  "nciThesaurus": {
    "casRegistry": "956697-53-3",
    "chebiId": "",
    "chemicalFormula": "C26H26F3N3O3",
    "definition": "An orally bioavailable small-molecule smoothened (Smo) antagonist with potential antineoplastic activity. Sonidegib selectively binds to the hedgehog (Hh)-ligand cell surface receptor Smo, which may result in the suppression of the Hh signaling pathway and, so, the inhibition of tumor cells in which this pathway is abnormally activated. The Hh signaling pathway plays an important role in cellular growth, differentiation and repair. Inappropriate activation of Hh pathway signaling and uncontrolled cellular proliferation, as is observed in a variety of cancers, may be associated with mutations in the Hh-ligand cell surface receptor Smo.",
    "fdaUniiCode": "0RLU3VTK5M",
    "identifier": "C82385",
    "preferredName": "Sonidegib",
    "semanticType": "Pharmacologic Substance",
    "subclassOf": [
      "C155725"
    ],
    "synonyms": [
      "(1,1'-Biphenyl)-3-carboxamide, N-(6-((2R,6S)-2,6-dimethyl-4-morpholinyl)-3-pyridinyl)-2- methyl-4'-(trifluoromethoxy)-, rel-",
      "Erismodegib",
      "LDE-225",
      "LDE225",
      "Odomzo",
      "SONIDEGIB",
      "Smoothened Antagonist LDE225",
      "Sonidegib"
    ]
  }
}