{
  "emaEpar": [],
  "fdaDrugLabel": [
    {
      "brand": "Solum Aesculus",
      "indication": "tions: FOR ORAL USE ONLY.",
      "manufacturer": "Uriel Pharmacy Inc.",
      "splSetId": "06429528-3e13-4e65-a323-1fbe43721930"
    },
    {
      "brand": "St. Johns Wort",
      "indication": "Uses For the temporary relief of: mental worry nervous tension There is no scientific evidence that the product works. Product's claims are based only on theories of homeopathy from the 1700s that are not accepted by most modern medical experts.",
      "manufacturer": "NARTEX LABORATORIOS HOMEOPATICOS SA DE CV",
      "splSetId": "0ed91e4d-eaca-484f-b8bf-e68bc6f9d53e"
    },
    {
      "brand": "Aquavit 1",
      "indication": "Directions: FOR ORAL USE.",
      "manufacturer": "Uriel Pharmacy Inc.",
      "splSetId": "2354fcfc-05a2-444a-ace4-b3df61413157"
    },
    {
      "brand": "Levico Prunus",
      "indication": "Directions: FOR ORAL USE ONLY.",
      "manufacturer": "Uriel Pharmacy Inc.",
      "splSetId": "27d6fdad-2c7a-4582-ba46-71dad4dd8d0a"
    },
    {
      "brand": "Aurum Hypericum Stibium",
      "indication": "Directions: FOR ORAL USE ONLY.",
      "manufacturer": "Uriel Pharmacy Inc.",
      "splSetId": "2dcbf1a5-a77e-4a33-a3ad-ad1510f079b8"
    },
    {
      "brand": "Frankincense and Myrrh Fibromyalgia",
      "indication": "Uses: For temporary relief of the symptoms of fibromyalgia.",
      "manufacturer": "Wise Consumer Products",
      "splSetId": "33a55b79-7af1-46b3-b472-87bad50b497c"
    },
    {
      "brand": "Naturasil Neuropathy Rub",
      "indication": "Uses : Symptomatic treatment of neuropathy, tingling, burning and numbness.",
      "manufacturer": "Nature's Innovation, Inc.",
      "splSetId": "3815ec1e-4860-4c3a-ae8e-aeffd7a1a372"
    },
    {
      "brand": "Cold Sore Relief",
      "indication": "Indications & Uses \u2022 temporarily protects minor \u2022 cold sores \u2022 fever blisters \u2022 temporarily protects and helps relieve \u2022 chapped or cracked lips \u2022 helps protect from the drying effects of wind and cold weather \u2022 temporarily protects and helps relieve minor skin irritation and itching due to \u2022 cold sores \u2022 fever blisters \u2022 temporarily protects and helps relieves minor pain associated with \u2022 cold sores \u2022 fever blisters",
      "manufacturer": "Sierra Sage Herbs LLC",
      "splSetId": "408119cb-6865-0b1b-e054-00144ff88e88"
    },
    {
      "brand": "First Aid",
      "indication": "Indications & Usage \u2022 temporarily protects minor \u2022 cuts \u2022 scrapes \u2022 abrasions \u2022 bruises \u2022 blisters \u2022 burns \u25aa\ufe0e temporarily protects and helps relieve \u2022 chapped or cracked skin \u25aa\ufe0e helps protect from the drying effects of wind and cold weather \u25aa\ufe0e temporarily protects and helps relieve minor skin irritations and itching due to \u2022 insect bites \u2022 poison ivy \u2022 sunburns \u2022 rashes caused by soaps, detergents, cosmetics, or jewelry \u25aa\ufe0e temporarily protects and helps relieves minor pain associated with \u2022 abrasions \u2022 bruises \u2022 blisters \u2022 cuts \u2022 minor burns \u2022 sunburns \u2022 scrapes",
      "manufacturer": "Sierra Sage Herbs LLC",
      "splSetId": "480bd260-3893-56e6-e054-00144ff8d46c"
    },
    {
      "brand": "Foot Care",
      "indication": "Indications & Usage -temporarily protects minor \u2022 cuts \u2022 scrapes \u2022 abrasions \u2022 blisters \u2022 burns -helps prevent and temporarily protects and helps relieve \u2022 cracked skin and heels -helps protect from the drying effects of wind and cold weather -Temporarily protects and helps relieve minor skin irritation and itching due to \u2022 itchy rashes \u2022 poison ivy \u2022 insect bites \u2022 rashes caused by soaps, detergents, cosmetics, or jewelry -temporarily protects and helps relieve minor pain associated with \u2022 blisters \u2022 scrapes \u2022 abrasions \u2022 bruises \u2022 cuts \u2022 minot burns \u2022 ingrown toenails",
      "manufacturer": "Sierra Sage Herbs LLC",
      "splSetId": "480e32e4-42d1-606c-e054-00144ff8d46c"
    },
    {
      "brand": "Hand Goo",
      "indication": "Indications & Usage \u25a0 temporarily protects minor \u25a0 cuts \u25a0 scrapes \u25a0 abrasions \u25a0 blisters \u25a0 burns \u25a0 helps prevent and temporarily protects and helps relieve \u25a0 chapped or cracked skin\u25a0 helps protect from the drying effects of wind and cold weather \u25a0 temporarily protects and helps relieve minor skin irritation and itching due to \u25a0 poison ivy \u25a0 insect bites \u25a0 rashes caused by soaps, detergents, cosmetics, or jewelry \u25a0 temporarily protects and helps relieve minor pain associated with \u25a0 calluses \u25a0 blisters \u25a0 abrasions \u25a0 bruises \u25a0 cuts \u25a0 minor burns \u25a0 scrapes",
      "manufacturer": "Sierra Sage Herbs LLC",
      "splSetId": "480e32e4-42df-606c-e054-00144ff8d46c"
    },
    {
      "brand": "Childrens First Aid",
      "indication": "Indications & Usage \u2022 temporarily protects minor \u2022 cuts \u2022 scrapes \u2022 abrasions \u2022 blisters \u2022 burns \u2022 helps prevent and temporarily protects and helps relieve \u2022 chapped or cracked skin \u2022 helps protect from the drying effects of wind and cold weather \u2022 temporarily protects and helps relieve minor skin irritation and itching due to \u2022 poison ivy \u2022 insect bites \u2022 rashes caused by soaps, detergents, cosmetics, or jewelry \u2022 temporarily protects and helps relieve minor pain associated with \u2022 scrapes \u2022 bisters \u2022 abrasions \u2022 bruises \u2022 cuts \u2022 minor burns \u2022 cold sores",
      "manufacturer": "Sierra Sage Herbs LLC",
      "splSetId": "480e73ed-b79e-6ada-e054-00144ff88e88"
    },
    {
      "brand": "Poison Ivy Care",
      "indication": "Indications & Usage \u25a0 temporarily protects minor \u25a0 rashes \u25a0 blisters \u25a0 helps prevent and temporarily protects and helps relieve \u25a0 cracked skin \u25a0 temporarily protects and helps relieve minor skin irritation and itching due to \u25a0 poison ivy \u25a0 poison sumac \u25a0 poison oak \u25a0 temporarily protects and helps relieve minor pain associated with \u25a0 poison ivy \u25a0 poison sumac \u25a0 poison oak",
      "manufacturer": "Sierra Sage Herbs LLC",
      "splSetId": "480ee4ba-a92c-07ee-e054-00144ff8d46c"
    },
    {
      "brand": "Tattoo Care",
      "indication": "Indications & Usage \u25a0 temporarily protects minor \u25a0 new tattoos \u25a0 helps prevent and temporarily protects and helps relieve \u25a0 chapped or cracked skin\u25a0 helps protect from the drying effects of wind and cold weather \u25a0 temporarily protects and helps relieve minor skin irritation and itching due to \u25a0 new tattoos \u25a0 temporarily protects and helps relieve minor pain associated with \u25a0 new tattoos",
      "manufacturer": "Sierra Sage Herbs LLC",
      "splSetId": "480f0858-1f69-057c-e054-00144ff88e88"
    },
    {
      "brand": "Surgery/Trauma",
      "indication": "INDICATIONS FOR THE TEMPORARY RELIEF OF SWELLING, INFLAMMATION AND PAIN DUE TO TRAUMA OR SURGERY",
      "manufacturer": "White Manufacturing Inc. DBA Micro-West",
      "splSetId": "57f18132-d1cb-4d61-a6cd-aac92418d4a2"
    },
    {
      "brand": "Arnica Echinacea",
      "indication": "Directions: FOR ORAL USE ONLY.",
      "manufacturer": "Uriel Pharmacy Inc",
      "splSetId": "5da92cfb-13b8-429d-ac33-3234f7ef76fb"
    },
    {
      "brand": "Aurum Hypericum Stibium Special Order",
      "indication": "Directions: FOR ORAL USE.",
      "manufacturer": "Uriel Pharmacy Inc.",
      "splSetId": "621c1b63-8d58-4511-88b3-f585355f14d9"
    },
    {
      "brand": "Levico Prunus",
      "indication": "Directions: FOR ORAL USE ONLY.",
      "manufacturer": "Uriel Pharmacy Inc.",
      "splSetId": "63db9374-8ee2-48cf-8799-454c95869808"
    },
    {
      "brand": "Aurum Hypericum Special Order",
      "indication": "Directions: FOR ORAL USE ONLY.",
      "manufacturer": "Uriel Pharmacy Inc.",
      "splSetId": "6b5033d9-6819-9ce8-e053-2991aa0a0da3"
    },
    {
      "brand": "Hypericum 30 Special Order",
      "indication": "Directions: FOR ORAL USE ONLY.",
      "manufacturer": "Uriel Pharmacy Inc.",
      "splSetId": "6b9db7ed-3510-7a6d-e053-2a91aa0ac1d9"
    },
    {
      "brand": "Arnica Echinacea",
      "indication": "Directions: FOR TOPICAL USE ONLY.",
      "manufacturer": "Uriel Pharmacy Inc.",
      "splSetId": "720035bb-5f14-42fc-e053-2a95a90a69d1"
    },
    {
      "brand": "Arnica Hypericum Special Order",
      "indication": "Directions: FOR TOPICAL USE ONLY.",
      "manufacturer": "Uriel Pharmacy Inc.",
      "splSetId": "81a2e5a8-8240-7ddd-e053-2a91aa0a86e8"
    },
    {
      "brand": "Animal First Aid",
      "indication": "Indications & Usage \u2022 temporarily protects minor \u2022 cuts \u2022 scrapes \u2022 abrasions \u2022 bruises \u2022 blisters \u2022 burns \u2022 temporarily protects and helps relieve \u2022 dry cracked paws \u2022 wounds \u2022 helps protect from the drying effects of wind and cold weather \u2022 temporarily protects and helps relieve minor skin irritations and itching due to \u2022 insect bites \u2022 hot spots \u2022 leg mites \u2022 frostbite \u2022 temporarily protects and helps relieves minor pain associated with \u2022 abrasions \u2022 bruises \u2022 blisters \u2022 cuts \u2022 minor burns \u2022 hot spots \u2022scrapes",
      "manufacturer": "Sierra Sage Herbs LLC",
      "splSetId": "84628a32-7328-b71d-e053-2991aa0ae673"
    },
    {
      "brand": "Poultry First Aid",
      "indication": "Indications & Usage \u2022 temporarily protects minor \u2022 cuts \u2022 scrapes \u2022 abrasions \u2022 pecking sores \u2022 temporarily protects and helps relieve \u2022 combs \u2022 wattles \u2022 helps protect from the drying effects of wind and cold weather \u2022 temporarily protects and helps relieve minor skin irritations and itching due to \u2022 insect bites \u2022 prolapsed vent \u2022 abrasions \u2022 frostbite \u2022 temporarily protects and helps relieves minor pain associated with \u2022 pasty butt \u2022 bumblefoot \u2022 pecking sores \u2022 cuts \u2022 hot spots \u2022 scrapes \u2022 prolapse vent \u2022 abrasions",
      "manufacturer": "Sierra Sage Herbs LLC",
      "splSetId": "8464d4d1-6814-202f-e053-2991aa0a576b"
    },
    {
      "brand": "Aurum Hypericum",
      "indication": "Directions: FOR ORAL USE.",
      "manufacturer": "Uriel Pharmacy Inc.",
      "splSetId": "89c1ae91-aeac-4fa5-8f47-731acc2ab1df"
    },
    {
      "brand": "Hypericum Bryophyllum",
      "indication": "Directions: FOR ORAL USE ONLY.",
      "manufacturer": "Uriel Pharmacy Inc.",
      "splSetId": "8f738913-2de0-4daf-80dd-f4e6c8b058e3"
    },
    {
      "brand": "Hypericum Bryophyllum",
      "indication": "Directions: FOR ORAL USE ONLY.",
      "manufacturer": "Uriel Pharmacy Inc.",
      "splSetId": "a18253aa-6ec4-484c-959a-35cda832e194"
    },
    {
      "brand": "Aurum Lavender Rose",
      "indication": "Directions: FOR TOPICAL USE ONLY.",
      "manufacturer": "Uriel Pharmacy Inc.",
      "splSetId": "a18db062-3919-4dbc-b1a9-b2948d6d33b3"
    },
    {
      "brand": "Hypericum ex herba 30 Special Order",
      "indication": "Directions: FOR ORAL USE ONLY.",
      "manufacturer": "Uriel Pharmacy Inc.",
      "splSetId": "ad5b0827-a74f-4ab3-a6a3-7da9a4a3da99"
    },
    {
      "brand": "Hypericum 6 Special Order",
      "indication": "Directions: FOR ORAL USE ONLY.",
      "manufacturer": "Uriel Pharmacy Inc.",
      "splSetId": "afcb3788-c0dc-457f-939f-505f59d1502d"
    },
    {
      "brand": "Lavender Quartz Ear Oil",
      "indication": "Directions: Apply to ear",
      "manufacturer": "Uriel Pharmacy Inc.",
      "splSetId": "b1a8d75c-77a9-40a7-8dd8-9c32cac31d2c"
    },
    {
      "brand": "Aurum Hypericum Stibium",
      "indication": "Directions: FOR ORAL USE",
      "manufacturer": "Uriel Pharmacy Inc.",
      "splSetId": "b6c26f9a-4ff1-11c6-e053-2995a90a4887"
    },
    {
      "brand": "Hypericum ex herba 3",
      "indication": "Directions: FOR ORAL USE.",
      "manufacturer": "Uriel Pharmacy Inc.",
      "splSetId": "c0681b4e-25ab-4730-9b44-5c42ed714647"
    },
    {
      "brand": "Aquavit",
      "indication": "Directions: FOR ORAL USE ONLY.",
      "manufacturer": "Uriel Pharmacy Inc.",
      "splSetId": "c1c0887a-c388-c737-e053-2a95a90a076c"
    },
    {
      "brand": "Nenningers Naturals",
      "indication": "Uses: Promote healing, reduce duration and severity of symptoms from bites and stings such as itching, redness, swelling, tenderness and pain. For serious allergic reactions seek immediate medical assistance.",
      "manufacturer": "Nenningers Naturals, LLC",
      "splSetId": "c8aae54d-9637-c630-e053-2a95a90aaad6"
    },
    {
      "brand": "Nenningers Naturals",
      "indication": "Uses: Promotes healing, reduce the severity of symptoms, and protect against infection from cuts, lacerations, scrapes, bruises, puncture, and surgical wounds.",
      "manufacturer": "Nenningers Naturals, LLC",
      "splSetId": "c8bdc6aa-6b69-081f-e053-2a95a90a09e5"
    },
    {
      "brand": "Arnica Hypericum DKS",
      "indication": "Directions: FOR TOPICAL USE ONLY",
      "manufacturer": "Uriel Pharmacy, Inc.",
      "splSetId": "c8c1e7ab-5476-ffb2-e053-2995a90ae1fb"
    },
    {
      "brand": "HPZ",
      "indication": "INDICATIONS: For the temporary relief of cold sores, fever blisters. (**)",
      "manufacturer": "White Manufacturing Inc. DBA Micro-West",
      "splSetId": "dfbb5a35-8dfe-48f4-9177-6cb52fb44090"
    },
    {
      "brand": "Solum Aesculus",
      "indication": "Directions: FOR ORAL USE.",
      "manufacturer": "Uriel Pharmacy Inc.",
      "splSetId": "e3f39461-e27d-419a-8271-eb96457be189"
    },
    {
      "brand": "Arnica Echinacea",
      "indication": "Directions: FOR ORAL USE.",
      "manufacturer": "Uriel Pharmacy Inc.",
      "splSetId": "e89aac1d-70a3-4a59-8d29-9f4998de8112"
    }
  ],
  "id": "St._Johns_Wort",
  "nciThesaurus": {
    "casRegistry": "84082-80-4",
    "chebiId": "",
    "chemicalFormula": "",
    "definition": "An herbal extract prepared from the plant Hypericum perforatum (St. John's wort) with photodynamic, antineoplastic, and antidepressant activities. Hypericin, one of the active compounds found in Hypericum perforatum, is a photosensitizer that, when exposed to a particular wavelength and intensity of light, may induce tumor cell apoptosis. Another compound, hyperforin, induces caspase-dependent apoptosis in certain tumor cell lines. Hypericum perforatum preparations may also stimulate the activity of cytochrome P450 enzymes and P-glycoprotein drug transporters, resulting in increased metabolism and decreased efficacy of various chemotherapeutic agents and other drugs.",
    "fdaUniiCode": "UFH8805FKA",
    "identifier": "C2589",
    "preferredName": "St. John's Wort",
    "semanticType": "Pharmacologic Substance",
    "subclassOf": [
      "C106105",
      "C1931"
    ],
    "synonyms": [
      "Hypericum Perforatum Extract",
      "ST. JOHN'S WORT",
      "St John's Wort",
      "St. John's Wort",
      "St. John's wort",
      "hypericum perforatum"
    ]
  }
}