{
  "emaEpar": [],
  "fdaDrugLabel": [],
  "id": "Stallimycin",
  "nciThesaurus": {
    "casRegistry": "636-47-5",
    "chebiId": "",
    "chemicalFormula": "C22H27N9O4",
    "definition": "An oligopeptide antineoplastic antibiotic isolated from the bacterium Streptomyces distallicus.  Distamycin preferentially binds to adenine-thymine (A-T) rich sequences in the minor groove of DNA, thereby inhibiting DNA replication and RNA transcription.  In addition to antitumor effects, distamycin also possesses antiviral and antiprotozoal activities and is used as a chromosome dye.",
    "fdaUniiCode": "80O63P88IS",
    "identifier": "C1517",
    "preferredName": "Stallimycin",
    "semanticType": "Amino Acid, Peptide, or Protein",
    "subclassOf": [
      "C2115",
      "C446"
    ],
    "synonyms": [
      "DISTAMYCIN A",
      "Distamycin 3",
      "Distamycin A",
      "Herperetin",
      "STALLIMYCIN",
      "Stallimycin"
    ]
  }
}