{
  "emaEpar": [],
  "fdaDrugLabel": [
    {
      "brand": "SULINDAC",
      "indication": "INDICATIONS AND USAGE Carefully consider the potential benefits and risks of sulindac and other treatment options before deciding to use sulindac. Use the lowest effective dose for the shortest duration consistent with individual patient treatment goals (see WARNINGS ). Sulindac is indicated for acute or long-term use in the relief of signs and symptoms of the following: 1. Osteoarthritis 2. Rheumatoid arthritis** 3. Ankylosing spondylitis 4. Acute painful shoulder (Acute subacromial bursitis/supraspinatus tendinitis) 5. Acute gouty arthritis **The safety and effectiveness of sulindac tablets USP have not been established in rheumatoid arthritis patients who are designated in the American Rheumatism Association classification as Functional Class IV (incapacitated, largely or wholly bedridden, or confined to wheelchair, little or no self-care).",
      "manufacturer": "PuraCap Laboratories LLC dba Blu Pharmaceuticals",
      "splSetId": "0feabf47-8d0d-48c0-b263-43db4969f39e"
    },
    {
      "brand": "SUNLINDAC",
      "indication": "Carefully consider the potential benefits and risks of sulindac tablets and other treatment options before deciding to use sulindac tablets. Use the lowest effective dose for the shortest duration consistent with individual patient treatment goals (see WARNINGS). Sulindac tablets are indicated for acute or long-term use in the relief of signs and symptoms of the following: Osteoarthritis Rheumatoid arthritis1 Ankylosing spondylitis Acute painful shoulder (Acute subacromial bursitis/supraspinatus tendinitis) Acute gouty arthritis 1 The safety and effectiveness of sulindac tablets have not been established in rheumatoid arthritis patients who are designated in the American Rheumatism Association classification as Functional Class IV (incapacitated, largely or wholly bedridden, or confined to wheelchair; little or no self-care).",
      "manufacturer": "Direct Rx",
      "splSetId": "13a2cdb5-580f-470e-8b64-cc22ed56a8bb"
    },
    {
      "brand": "Sulindac",
      "indication": "INDICATIONS AND USAGE Carefully consider the potential benefits and risks of sulindac and other treatment options before deciding to use sulindac. Use the lowest effective dose for the shortest duration consistent with individual patient treatment goals (see WARNINGS ). Sulindac is indicated for acute or long-term use in the relief of signs and symptoms of the following: 1. Osteoarthritis 2. Rheumatoid arthritis** 3. Ankylosing spondylitis 4. Acute painful shoulder (Acute subacromial bursitis/supraspinatus tendinitis) 5. Acute gouty arthritis",
      "manufacturer": "Major Pharmaceuticals",
      "splSetId": "1a5125c7-a63e-4214-b179-668ecfcd16ac"
    },
    {
      "brand": "SULINDAC",
      "indication": "INDICATIONS AND USAGE Carefully consider the potential benefits and risks of sulindac and other treatment options before deciding to use sulindac. Use the lowest effective dose for the shortest duration consistent with individual patient treatment goals (see WARNINGS ). Sulindac is indicated for acute or long-term use in the relief of signs and symptoms of the following: 1. Osteoarthritis 2. Rheumatoid arthritis** 3. Ankylosing spondylitis 4. Acute painful shoulder (Acute subacromial bursitis/supraspinatus tendinitis) 5. Acute gouty arthritis **The safety and effectiveness of sulindac tablets USP have not been established in rheumatoid arthritis patients who are designated in the American Rheumatism Association classification as Functional Class IV (incapacitated, largely or wholly bedridden, or confined to wheelchair, little or no self-care).",
      "manufacturer": "A-S Medication Solutions",
      "splSetId": "6041acc2-5e8a-4d3c-bf50-7e9447748e2b"
    },
    {
      "brand": "Sulindac",
      "indication": "INDICATIONS AND USAGE Carefully consider the potential benefits and risks of sulindac and other treatment options before deciding to use sulindac. Use the lowest effective dose for the shortest duration consistent with individual patient treatment goals (see WARNINGS ). Sulindac tablets, USP are indicated for acute or long-term use in the relief of signs and symptoms of the following: Osteoarthritis Rheumatoid arthritis** Ankylosing spondylitis Acute painful shoulder (Acute subacromial bursitis/supraspinatus tendinitis) Acute gouty arthritis ** The safety and effectiveness of sulindac have not been established in rheumatoid arthritis patients who are designated in the American Rheumatism Association classification as Functional Class IV (incapacitated, largely or wholly bedridden, or confined to wheelchair; little or no self-care).",
      "manufacturer": "PD-Rx Pharmaceuticals, Inc.",
      "splSetId": "68d4eeed-2501-494b-b979-502720de86c0"
    },
    {
      "brand": "SULINDAC",
      "indication": "INDICATIONS AND USAGE Carefully consider the potential benefits and risks of sulindac tablets and other treatment options before deciding to use sulindac tablets. Use the lowest effective dose for the shortest duration consistent with individual patient treatment goals (see WARNINGS ). Sulindac tablets are indicated for acute or long-term use in the relief of signs and symptoms of the following: 1. Osteoarthritis 2. Rheumatoid arthritis The safety and effectiveness of sulindac tablets have not been established in rheumatoid arthritis patients who are designated in the American Rheumatism Association classification as Functional Class IV (incapacitated, largely or wholly bedridden, or confined to wheelchair; little or no self-care). 3. Ankylosing spondylitis 4. Acute painful shoulder (Acute subacromial bursitis/supraspinatus tendinitis) 5. Acute gouty arthritis",
      "manufacturer": "Bryant Ranch Prepack",
      "splSetId": "6db52fd3-172f-47ab-8aa6-4f3d031c6b25"
    },
    {
      "brand": "SULINDAC",
      "indication": "INDICATIONS AND USAGE Carefully consider the potential benefits and risks of sulindac and other treatment options before deciding to use sulindac. Use the lowest effective dose for the shortest duration consistent with individual patient treatment goals (see WARNINGS ). Sulindac is indicated for acute or long-term use in the relief of signs and symptoms of the following: 1. Osteoarthritis 2. Rheumatoid arthritis** 3. Ankylosing spondylitis 4. Acute painful shoulder (Acute subacromial bursitis/supraspinatus tendinitis) 5. Acute gouty arthritis **The safety and effectiveness of sulindac tablets USP have not been established in rheumatoid arthritis patients who are designated in the American Rheumatism Association classification as Functional Class IV (incapacitated, largely or wholly bedridden, or confined to wheelchair, little or no self-care).",
      "manufacturer": "Bryant Ranch Prepack",
      "splSetId": "8829310b-5283-4edb-8e55-c1cb28c460b6"
    },
    {
      "brand": "SULINDAC",
      "indication": "INDICATIONS AND USAGE Carefully consider the potential benefits and risks of sulindac and other treatment options before deciding to use sulindac. Use the lowest effective dose for the shortest duration consistent with individual patient treatment goals (see WARNINGS ). Sulindac is indicated for acute or long-term use in the relief of signs and symptoms of the following: 1. Osteoarthritis 2. Rheumatoid arthritis** 3. Ankylosing spondylitis 4. Acute painful shoulder (Acute subacromial bursitis/supraspinatus tendinitis) 5. Acute gouty arthritis **The safety and effectiveness of sulindac tablets USP have not been established in rheumatoid arthritis patients who are designated in the American Rheumatism Association classification as Functional Class IV (incapacitated, largely or wholly bedridden, or confined to wheelchair, little or no self-care).",
      "manufacturer": "Epic Pharma, LLC",
      "splSetId": "96c73bd2-4577-487d-a642-bd8f91e94c3a"
    },
    {
      "brand": "SULINDAC",
      "indication": "INDICATIONS AND USAGE Carefully consider the potential benefits and risks of sulindac tablets and other treatment options before deciding to use sulindac tablets. Use the lowest effective dose for the shortest duration consistent with individual patient treatment goals (see WARNINGS ). Sulindac tablets are indicated for acute or long-term use in the relief of signs and symptoms of the following: 1. Osteoarthritis 2. Rheumatoid arthritis* 3. Ankylosing spondylitis 4. Acute painful shoulder (Acute subacromial bursitis/supraspinatus tendinitis) 5. Acute gouty arthritis",
      "manufacturer": "Sun Pharmaceutical Industries, Inc.",
      "splSetId": "a47e4259-d44b-4b7b-b517-841cb6840982"
    },
    {
      "brand": "Sulindac",
      "indication": "INDICATIONS AND USAGE Carefully consider the potential benefits and risks of sulindac and other treatment options before deciding to use sulindac. Use the lowest effective dose for the shortest duration consistent with individual patient treatment goals (see WARNINGS ). Sulindac tablets, USP are indicated for acute or long-term use in the relief of signs and symptoms of the following: Osteoarthritis Rheumatoid arthritis** Ankylosing spondylitis Acute painful shoulder (Acute subacromial bursitis/supraspinatus tendinitis) Acute gouty arthritis ** The safety and effectiveness of sulindac have not been established in rheumatoid arthritis patients who are designated in the American Rheumatism Association classification as Functional Class IV (incapacitated, largely or wholly bedridden, or confined to wheelchair; little or no self-care).",
      "manufacturer": "Denton Pharma, Inc. dba Northwind Pharmaceuticals",
      "splSetId": "ac8afd99-4e7b-4e77-e053-2a95a90a2da3"
    },
    {
      "brand": "Sulindac",
      "indication": "INDICATIONS AND USAGE Carefully consider the potential benefits and risks of sulindac and other treatment options before deciding to use sulindac. Use the lowest effective dose for the shortest duration consistent with individual patient treatment goals (see WARNINGS ). Sulindac tablets, USP are indicated for acute or long-term use in the relief of signs and symptoms of the following: Osteoarthritis Rheumatoid arthritis** Ankylosing spondylitis Acute painful shoulder (Acute subacromial bursitis/supraspinatus tendinitis) Acute gouty arthritis ** The safety and effectiveness of sulindac have not been established in rheumatoid arthritis patients who are designated in the American Rheumatism Association classification as Functional Class IV (incapacitated, largely or wholly bedridden, or confined to wheelchair; little or no self-care).",
      "manufacturer": "Bryant Ranch Prepack",
      "splSetId": "d150c3f3-c267-4d48-9502-4700670c954b"
    },
    {
      "brand": "Sulindac",
      "indication": "INDICATIONS AND USAGE Carefully consider the potential benefits and risks of sulindac and other treatment options before deciding to use sulindac. Use the lowest effective dose for the shortest duration consistent with individual patient treatment goals (see WARNINGS ). Sulindac tablets, USP are indicated for acute or long-term use in the relief of signs and symptoms of the following: Osteoarthritis Rheumatoid arthritis** Ankylosing spondylitis Acute painful shoulder (Acute subacromial bursitis/supraspinatus tendinitis) Acute gouty arthritis **The safety and effectiveness of sulindac have not been established in rheumatoid arthritis patients who are designated in the American Rheumatism Association classification as Functional Class IV (incapacitated, largely or wholly bedridden, or confined to wheelchair; little or no self-care).",
      "manufacturer": "Actavis Pharma, Inc.",
      "splSetId": "d8b9d517-5dd4-4c6b-8aa0-736bce87e7b4"
    },
    {
      "brand": "Sulindac",
      "indication": "INDICATIONS AND USAGE Carefully consider the potential benefits and risks of sulindac and other treatment options before deciding to use sulindac. Use the lowest effective dose for the shortest duration consistent with individual patient treatment goals (see WARNINGS ). Sulindac is indicated for acute or long-term use in the relief of signs and symptoms of the following: 1. Osteoarthritis 2. Rheumatoid arthritis** 3. Ankylosing spondylitis 4. Acute painful shoulder (Acute subacromial bursitis/supraspinatus tendinitis) 5. Acute gouty arthritis",
      "manufacturer": "A-S Medication Solutions",
      "splSetId": "ddbbaada-f55a-4032-a24c-a8c493933a45"
    },
    {
      "brand": "SULINDAC",
      "indication": "INDICATIONS AND USAGE Carefully consider the potential benefits and risks of sulindac and other treatment options before deciding to use sulindac. Use the lowest effective dose for the shortest duration consistent with individual patient treatment goals (see WARNINGS ). Sulindac is indicated for acute or long-term use in the relief of signs and symptoms of the following: 1. Osteoarthritis 2. Rheumatoid arthritis** 3. Ankylosing spondylitis 4. Acute painful shoulder (Acute subacromial bursitis/supraspinatus tendinitis) 5. Acute gouty arthritis **The safety and effectiveness of sulindac tablets USP have not been established in rheumatoid arthritis patients who are designated in the American Rheumatism Association classification as Functional Class IV (incapacitated, largely or wholly bedridden, or confined to wheelchair, little or no self-care).",
      "manufacturer": "Lake Erie Medical DBA Quality Care Products LLC",
      "splSetId": "e244538b-49d1-4805-91be-928c71993047"
    }
  ],
  "id": "Sulindac",
  "nciThesaurus": {
    "casRegistry": "38194-50-2",
    "chebiId": "CHEBI:9352",
    "chemicalFormula": "C20H17FO3S",
    "definition": "A sulfinylindene derivative prodrug with potential antineoplastic activity. Converted in vivo to an active metabolite, sulindac, a nonsteroidal anti-inflammatory drug (NSAID), blocks cyclic guanosine monophosphate-phosphodiesterase (cGMP-PDE), an enzyme that inhibits the normal apoptosis signal pathway; this inhibition permits the apoptotic signal pathway to proceed unopposed, resulting in apoptotic cell death.",
    "fdaUniiCode": "184SNS8VUH",
    "identifier": "C850",
    "preferredName": "Sulindac",
    "semanticType": "Organic Chemical",
    "subclassOf": [
      "C1323"
    ],
    "synonyms": [
      "(Z)-5-fluoro-2-methyl-1-[[4-(methylsulfinyl)phenyl]methylene]-1H-indene-3-acetic acid",
      "Aflodac",
      "Algocetil",
      "Apo-Sulin",
      "Arthrocine",
      "Artribid",
      "Citireuma",
      "Clinoril",
      "Clisundac",
      "Imbaral",
      "MK-231",
      "Novo-Sundac",
      "Reumofil",
      "Reumyl",
      "SULINDAC",
      "Sudac",
      "Sulindac",
      "Sulindac Sulfoxide",
      "Sulinol",
      "Sulreuma",
      "cis-5-fluoro-2-methyl-1-[p-(methylsulfinyl)benzylidene]indene-3-acetic acid",
      "sulindac"
    ]
  }
}