{
  "emaEpar": [],
  "fdaDrugLabel": [],
  "id": "Tabelecleucel",
  "nciThesaurus": {
    "casRegistry": "",
    "chebiId": "",
    "chemicalFormula": "",
    "definition": "Allogeneic cytotoxic T-lymphocytes (CTLs) selective for the tumor-associated antigens (TAAs) expressed by the Epstein-Barr virus (EBV), with potential immunostimulating and antineoplastic activities. Upon administration, and after hematopoietic cell transplants (HCT) or solid organ transplants (SOT), or during certain other immunocompromised states, tabelecleucel targets and binds to EBV-associated antigens expressed on EBV-infected cells. This results in lysis of EBV-infected cells and prevents growth of EBV-associated cancer cells. EBV is associated with a variety of cancers and post-transplant lymphoproliferative disorders (EBV+ PTLD).",
    "fdaUniiCode": "G3NJ7M8N4H",
    "identifier": "C143140",
    "preferredName": "Tabelecleucel",
    "semanticType": "Cell",
    "subclassOf": [
      "C129826",
      "C28681"
    ],
    "synonyms": [
      "ATA 129",
      "ATA129",
      "Allogeneic EBV-specific CTLs ATA129",
      "Allogeneic EBV-specific Cytotoxic T-lymphocytes",
      "CTLs ATA129",
      "EBV-CTLs",
      "TABELECLEUCEL",
      "Tabelecleucel",
      "Teb-cel"
    ]
  }
}