{
  "emaEpar": [],
  "fdaDrugLabel": [],
  "id": "Teloxantrone",
  "nciThesaurus": {
    "casRegistry": "91441-48-4",
    "chebiId": "",
    "chemicalFormula": "C21H25N5O4",
    "definition": "An anthrapyrazole antineoplastic antibiotic. Teloxantrone intercalates into DNA and interacts with topoisomerase II, thereby inhibiting DNA replication and repair, as well as RNA and protein synthesis",
    "fdaUniiCode": "96521WL61B",
    "identifier": "C1520",
    "preferredName": "Teloxantrone",
    "semanticType": "Organic Chemical",
    "subclassOf": [
      "C2107"
    ],
    "synonyms": [
      "Anthra(1,9-cd)pyrazol-6(2H)-one,7,10-dihydroxy-2-(2-((2-hydroxyethyl)amino)ethyl)-5-((2-(methylamino)ethyl)amino)-",
      "CI-937",
      "Moxantrazole",
      "TELOXANTRONE",
      "Teloxantrone"
    ]
  }
}