{
  "emaEpar": [],
  "fdaDrugLabel": [],
  "id": "Vinblastine",
  "nciThesaurus": {
    "casRegistry": "865-21-4",
    "chebiId": "CHEBI:27375",
    "chemicalFormula": "C46H58N4O9",
    "definition": "A natural alkaloid isolated from the plant Vinca rosea Linn. Vinblastine binds to tubulin and inhibits microtubule formation, resulting in disruption of mitotic spindle assembly and arrest of tumor cells in the M phase of the cell cycle. This agent may also interfere with amino acid, cyclic AMP, and glutathione metabolism; calmodulin-dependent Ca++ -transport ATPase activity; cellular respiration; and nucleic acid and lipid biosynthesis.",
    "fdaUniiCode": "5V9KLZ54CY",
    "identifier": "C930",
    "preferredName": "Vinblastine",
    "semanticType": "Organic Chemical",
    "subclassOf": [
      "C67422",
      "C932"
    ],
    "synonyms": [
      "VINBLASTINE",
      "VLB",
      "Vinblastine",
      "Vincaleucoblastine",
      "vinblastine"
    ]
  }
}