{
  "emaEpar": [],
  "fdaDrugLabel": [],
  "id": "Virulizin",
  "nciThesaurus": {
    "casRegistry": "216586-46-8",
    "chebiId": "",
    "chemicalFormula": "",
    "definition": "A natural biological response modifier (BRM) isolated from bovine reticuloendothelial tissue. Viruzlin may enhance cell-mediated immune response to tumor cells by direct macrophage activation.",
    "fdaUniiCode": "E5SF1Z7U1S",
    "identifier": "C26677",
    "preferredName": "Virulizin",
    "semanticType": "Pharmacologic Substance",
    "subclassOf": [
      "C2139"
    ],
    "synonyms": [
      "BOS TAURUS BILE IMMUNOMODULATOR",
      "Bos Taurus Bile Extract",
      "Bos Taurus Bile Immunomodulator",
      "Bovine Bile Extract",
      "Bovine Bile Immunomodulator",
      "Virulizin"
    ]
  }
}