{
  "emaEpar": [],
  "fdaDrugLabel": [],
  "id": "Vistusertib",
  "nciThesaurus": {
    "casRegistry": "1009298-59-2",
    "chebiId": "",
    "chemicalFormula": "",
    "definition": "An orally bioavailable inhibitor of the mammalian target of rapamycin (mTOR) with potential antineoplastic activity. Vistusertib inhibits the activity of mTOR, which may result in the induction of tumor cell apoptosis and a decrease in tumor cell proliferation. mTOR, a serine/threonine kinase that is upregulated in a variety of tumors, plays an important role downstream in the PI3K/Akt/mTOR signaling pathway.",
    "fdaUniiCode": "0BSC3P4H5X",
    "identifier": "C88329",
    "preferredName": "Vistusertib",
    "semanticType": "Pharmacologic Substance",
    "subclassOf": [
      "C129825",
      "C2201"
    ],
    "synonyms": [
      "AZD 2014",
      "AZD-2014",
      "AZD2014",
      "Benzamide, 3-(2,4-Bis((3S)-3-methyl-4-morpholinyl)pyrido(2,3-d)pyrimidin-7-yl)-N-methyl-",
      "VISTUSERTIB",
      "Vistusertib"
    ]
  }
}